season,club_id,roster_date,mlbam
2015,108,2015-04-05,285078
2015,108,2015-04-05,405395
2015,108,2015-04-05,430947
2015,108,2015-04-05,434718
2015,108,2015-04-05,450308
2015,108,2015-04-05,450351
2015,108,2015-04-05,455104
2015,108,2015-04-05,459964
2015,108,2015-04-05,459987
2015,108,2015-04-05,460077
2015,108,2015-04-05,474284
2015,108,2015-04-05,477569
2015,108,2015-04-05,489096
2015,108,2015-04-05,501625
2015,108,2015-04-05,501896
2015,108,2015-04-05,501925
2015,108,2015-04-05,502205
2015,108,2015-04-05,502260
2015,108,2015-04-05,502327
2015,108,2015-04-05,518577
2015,108,2015-04-05,519068
2015,108,2015-04-05,533167
2015,108,2015-04-05,542208
2015,108,2015-04-05,542908
2015,108,2015-04-05,543068
2015,108,2015-04-05,543213
2015,108,2015-04-05,543706
2015,108,2015-04-05,545361
2015,108,2015-04-05,571760
2015,108,2015-04-05,572066
2015,108,2015-04-05,572070
2015,108,2015-04-05,572140
2015,108,2015-04-05,573046
2015,108,2015-04-05,592135
2015,108,2015-04-05,592710
2015,108,2015-04-05,594777
2015,108,2015-04-05,605227
2015,108,2015-04-05,605323
2015,108,2015-04-05,607374
2015,108,2015-04-05,607968
2015,109,2015-04-05,276520
2015,109,2015-04-05,408042
2015,109,2015-04-05,424144
2015,109,2015-04-05,431094
2015,109,2015-04-05,444432
2015,109,2015-04-05,444482
2015,109,2015-04-05,446899
2015,109,2015-04-05,456696
2015,109,2015-04-05,457574
2015,109,2015-04-05,460060
2015,109,2015-04-05,476451
2015,109,2015-04-05,488912
2015,109,2015-04-05,502624
2015,109,2015-04-05,502671
2015,109,2015-04-05,517414
2015,109,2015-04-05,518567
2015,109,2015-04-05,519186
2015,109,2015-04-05,519263
2015,109,2015-04-05,523989
2015,109,2015-04-05,542255
2015,109,2015-04-05,542609
2015,109,2015-04-05,543339
2015,109,2015-04-05,543903
2015,109,2015-04-05,571578
2015,109,2015-04-05,571875
2015,109,2015-04-05,572008
2015,109,2015-04-05,572041
2015,109,2015-04-05,573064
2015,109,2015-04-05,576409
2015,109,2015-04-05,591712
2015,109,2015-04-05,592273
2015,109,2015-04-05,592662
2015,109,2015-04-05,592665
2015,109,2015-04-05,592781
2015,109,2015-04-05,593647
2015,109,2015-04-05,605113
2015,109,2015-04-05,605151
2015,109,2015-04-05,605177
2015,109,2015-04-05,605342
2015,109,2015-04-05,605359
2015,109,2015-04-05,630111
2015,110,2015-04-05,429666
2015,110,2015-04-05,430321
2015,110,2015-04-05,430945
2015,110,2015-04-05,434622
2015,110,2015-04-05,444436
2015,110,2015-04-05,446308
2015,110,2015-04-05,449079
2015,110,2015-04-05,451085
2015,110,2015-04-05,456068
2015,110,2015-04-05,456665
2015,110,2015-04-05,457477
2015,110,2015-04-05,465784
2015,110,2015-04-05,475247
2015,110,2015-04-05,488984
2015,110,2015-04-05,501957
2015,110,2015-04-05,501983
2015,110,2015-04-05,502032
2015,110,2015-04-05,502154
2015,110,2015-04-05,502182
2015,110,2015-04-05,503285
2015,110,2015-04-05,517370
2015,110,2015-04-05,518953
2015,110,2015-04-05,519008
2015,110,2015-04-05,519071
2015,110,2015-04-05,542960
2015,110,2015-04-05,543118
2015,110,2015-04-05,543195
2015,110,2015-04-05,543376
2015,110,2015-04-05,570731
2015,110,2015-04-05,572233
2015,110,2015-04-05,572718
2015,110,2015-04-05,592329
2015,110,2015-04-05,592332
2015,110,2015-04-05,592518
2015,110,2015-04-05,592869
2015,110,2015-04-05,605164
2015,110,2015-04-05,605541
2015,110,2015-04-05,612672
2015,110,2015-04-05,625329
2015,111,2015-04-05,120074
2015,111,2015-04-05,425664
2015,111,2015-04-05,434670
2015,111,2015-04-05,435063
2015,111,2015-04-05,444520
2015,111,2015-04-05,452672
2015,111,2015-04-05,453214
2015,111,2015-04-05,453329
2015,111,2015-04-05,456030
2015,111,2015-04-05,460008
2015,111,2015-04-05,465629
2015,111,2015-04-05,467055
2015,111,2015-04-05,468396
2015,111,2015-04-05,475416
2015,111,2015-04-05,489119
2015,111,2015-04-05,493157
2015,111,2015-04-05,501800
2015,111,2015-04-05,506702
2015,111,2015-04-05,518490
2015,111,2015-04-05,518927
2015,111,2015-04-05,519144
2015,111,2015-04-05,519443
2015,111,2015-04-05,523260
2015,111,2015-04-05,537953
2015,111,2015-04-05,543726
2015,111,2015-04-05,543768
2015,111,2015-04-05,543809
2015,111,2015-04-05,543877
2015,111,2015-04-05,546276
2015,111,2015-04-05,547749
2015,111,2015-04-05,571788
2015,111,2015-04-05,592231
2015,111,2015-04-05,592390
2015,111,2015-04-05,593428
2015,111,2015-04-05,593958
2015,111,2015-04-05,594555
2015,111,2015-04-05,596119
2015,111,2015-04-05,598264
2015,111,2015-04-05,598265
2015,111,2015-04-05,605141
2015,111,2015-04-05,628329
2015,112,2015-04-04,424325
2015,112,2015-04-04,429719
2015,112,2015-04-04,434628
2015,112,2015-04-04,435220
2015,112,2015-04-04,435400
2015,112,2015-04-04,444468
2015,112,2015-04-04,451594
2015,112,2015-04-04,452657
2015,112,2015-04-04,453284
2015,112,2015-04-04,453562
2015,112,2015-04-04,456078
2015,112,2015-04-04,456121
2015,112,2015-04-04,457435
2015,112,2015-04-04,458085
2015,112,2015-04-04,467008
2015,112,2015-04-04,471083
2015,112,2015-04-04,475243
2015,112,2015-04-04,489295
2015,112,2015-04-04,493159
2015,112,2015-04-04,516770
2015,112,2015-04-04,516809
2015,112,2015-04-04,517451
2015,112,2015-04-04,518748
2015,112,2015-04-04,518852
2015,112,2015-04-04,519166
2015,112,2015-04-04,519203
2015,112,2015-04-04,519333
2015,112,2015-04-04,542923
2015,112,2015-04-04,543294
2015,112,2015-04-04,545363
2015,112,2015-04-04,570489
2015,112,2015-04-04,570799
2015,112,2015-04-04,573127
2015,112,2015-04-04,592609
2015,112,2015-04-04,595879
2015,112,2015-04-04,600303
2015,112,2015-04-04,605218
2015,112,2015-04-04,607257
2015,112,2015-04-04,624585
2015,113,2015-04-05,150302
2015,113,2015-04-05,276514
2015,113,2015-04-05,407781
2015,113,2015-04-05,408252
2015,113,2015-04-05,430652
2015,113,2015-04-05,430910
2015,113,2015-04-05,435401
2015,113,2015-04-05,445156
2015,113,2015-04-05,446359
2015,113,2015-04-05,448159
2015,113,2015-04-05,453269
2015,113,2015-04-05,453943
2015,113,2015-04-05,456501
2015,113,2015-04-05,456701
2015,113,2015-04-05,457803
2015,113,2015-04-05,458015
2015,113,2015-04-05,458689
2015,113,2015-04-05,471822
2015,113,2015-04-05,488674
2015,113,2015-04-05,502117
2015,113,2015-04-05,502190
2015,113,2015-04-05,519023
2015,113,2015-04-05,542266
2015,113,2015-04-05,542289
2015,113,2015-04-05,543101
2015,113,2015-04-05,543331
2015,113,2015-04-05,543483
2015,113,2015-04-05,543881
2015,113,2015-04-05,544269
2015,113,2015-04-05,544371
2015,113,2015-04-05,547973
2015,113,2015-04-05,550298
2015,113,2015-04-05,553993
2015,113,2015-04-05,571466
2015,113,2015-04-05,571561
2015,113,2015-04-05,571740
2015,113,2015-04-05,571787
2015,113,2015-04-05,572102
2015,113,2015-04-05,572810
2015,113,2015-04-05,592835
2015,113,2015-04-05,607237
2015,113,2015-04-05,628452
2015,114,2015-04-05,425786
2015,114,2015-04-05,425856
2015,114,2015-04-05,430605
2015,114,2015-04-05,430897
2015,114,2015-04-05,444935
2015,114,2015-04-05,446372
2015,114,2015-04-05,449107
2015,114,2015-04-05,456422
2015,114,2015-04-05,458708
2015,114,2015-04-05,461235
2015,114,2015-04-05,461815
2015,114,2015-04-05,461872
2015,114,2015-04-05,467793
2015,114,2015-04-05,471911
2015,114,2015-04-05,488726
2015,114,2015-04-05,502033
2015,114,2015-04-05,502082
2015,114,2015-04-05,502083
2015,114,2015-04-05,517593
2015,114,2015-04-05,519037
2015,114,2015-04-05,519240
2015,114,2015-04-05,534627
2015,114,2015-04-05,542583
2015,114,2015-04-05,542866
2015,114,2015-04-05,542888
2015,114,2015-04-05,543228
2015,114,2015-04-05,543334
2015,114,2015-04-05,543401
2015,114,2015-04-05,543766
2015,114,2015-04-05,545333
2015,114,2015-04-05,547172
2015,114,2015-04-05,547348
2015,114,2015-04-05,547379
2015,114,2015-04-05,570481
2015,114,2015-04-05,570482
2015,114,2015-04-05,592102
2015,114,2015-04-05,594736
2015,114,2015-04-05,595025
2015,114,2015-04-05,607320
2015,114,2015-04-05,608070
2015,114,2015-04-05,641490
2015,115,2015-04-05,115629
2015,115,2015-04-05,407822
2015,115,2015-04-05,408047
2015,115,2015-04-05,429783
2015,115,2015-04-05,446099
2015,115,2015-04-05,452718
2015,115,2015-04-05,453064
2015,115,2015-04-05,453156
2015,115,2015-04-05,453211
2015,115,2015-04-05,453568
2015,115,2015-04-05,457429
2015,115,2015-04-05,460026
2015,115,2015-04-05,471865
2015,115,2015-04-05,488681
2015,115,2015-04-05,493603
2015,115,2015-04-05,501255
2015,115,2015-04-05,501647
2015,115,2015-04-05,502374
2015,115,2015-04-05,504083
2015,115,2015-04-05,518452
2015,115,2015-04-05,518586
2015,115,2015-04-05,518614
2015,115,2015-04-05,518934
2015,115,2015-04-05,542436
2015,115,2015-04-05,542881
2015,115,2015-04-05,543022
2015,115,2015-04-05,543184
2015,115,2015-04-05,543475
2015,115,2015-04-05,543734
2015,115,2015-04-05,545064
2015,115,2015-04-05,548357
2015,115,2015-04-05,554431
2015,115,2015-04-05,571448
2015,115,2015-04-05,571521
2015,115,2015-04-05,571735
2015,115,2015-04-05,572019
2015,115,2015-04-05,572750
2015,115,2015-04-05,572816
2015,115,2015-04-05,592454
2015,115,2015-04-05,592621
2015,115,2015-04-05,594011
2015,116,2015-04-05,150274
2015,116,2015-04-05,400121
2015,116,2015-04-05,408234
2015,116,2015-04-05,430580
2015,116,2015-04-05,434378
2015,116,2015-04-05,434658
2015,116,2015-04-05,434671
2015,116,2015-04-05,435079
2015,116,2015-04-05,452733
2015,116,2015-04-05,456034
2015,116,2015-04-05,456379
2015,116,2015-04-05,461865
2015,116,2015-04-05,465657
2015,116,2015-04-05,473646
2015,116,2015-04-05,488671
2015,116,2015-04-05,493316
2015,116,2015-04-05,501955
2015,116,2015-04-05,502110
2015,116,2015-04-05,541650
2015,116,2015-04-05,541652
2015,116,2015-04-05,543238
2015,116,2015-04-05,543278
2015,116,2015-04-05,543456
2015,116,2015-04-05,543510
2015,116,2015-04-05,543935
2015,116,2015-04-05,553970
2015,116,2015-04-05,553988
2015,116,2015-04-05,570615
2015,116,2015-04-05,571656
2015,116,2015-04-05,571665
2015,116,2015-04-05,571871
2015,116,2015-04-05,572308
2015,116,2015-04-05,572403
2015,116,2015-04-05,572888
2015,116,2015-04-05,578428
2015,116,2015-04-05,592144
2015,116,2015-04-05,592206
2015,116,2015-04-05,592407
2015,116,2015-04-05,594986
2015,116,2015-04-05,607385
2015,117,2015-04-05,430589
2015,117,2015-04-05,433584
2015,117,2015-04-05,444857
2015,117,2015-04-05,448609
2015,117,2015-04-05,450212
2015,117,2015-04-05,451661
2015,117,2015-04-05,458675
2015,117,2015-04-05,465679
2015,117,2015-04-05,472528
2015,117,2015-04-05,474233
2015,117,2015-04-05,474892
2015,117,2015-04-05,476704
2015,117,2015-04-05,488771
2015,117,2015-04-05,491159
2015,117,2015-04-05,501789
2015,117,2015-04-05,502087
2015,117,2015-04-05,502381
2015,117,2015-04-05,502748
2015,117,2015-04-05,503556
2015,117,2015-04-05,514888
2015,117,2015-04-05,518625
2015,117,2015-04-05,519085
2015,117,2015-04-05,542340
2015,117,2015-04-05,543071
2015,117,2015-04-05,543257
2015,117,2015-04-05,543321
2015,117,2015-04-05,543521
2015,117,2015-04-05,543807
2015,117,2015-04-05,545350
2015,117,2015-04-05,545358
2015,117,2015-04-05,570267
2015,117,2015-04-05,572138
2015,117,2015-04-05,572971
2015,117,2015-04-05,573185
2015,117,2015-04-05,591720
2015,117,2015-04-05,592826
2015,117,2015-04-05,592879
2015,117,2015-04-05,593140
2015,117,2015-04-05,594772
2015,117,2015-04-05,594828
2015,118,2015-04-05,408299
2015,118,2015-04-05,425386
2015,118,2015-04-05,425492
2015,118,2015-04-05,425567
2015,118,2015-04-05,430630
2015,118,2015-04-05,432934
2015,118,2015-04-05,434778
2015,118,2015-04-05,444876
2015,118,2015-04-05,449181
2015,118,2015-04-05,450172
2015,118,2015-04-05,450306
2015,118,2015-04-05,450665
2015,118,2015-04-05,451584
2015,118,2015-04-05,456124
2015,118,2015-04-05,456715
2015,118,2015-04-05,460024
2015,118,2015-04-05,460086
2015,118,2015-04-05,462985
2015,118,2015-04-05,464416
2015,118,2015-04-05,502481
2015,118,2015-04-05,506747
2015,118,2015-04-05,516969
2015,118,2015-04-05,518568
2015,118,2015-04-05,518633
2015,118,2015-04-05,518813
2015,118,2015-04-05,519058
2015,118,2015-04-05,521692
2015,118,2015-04-05,525768
2015,118,2015-04-05,543169
2015,118,2015-04-05,543333
2015,118,2015-04-05,543424
2015,118,2015-04-05,570649
2015,118,2015-04-05,571681
2015,118,2015-04-05,572669
2015,118,2015-04-05,592527
2015,118,2015-04-05,593525
2015,118,2015-04-05,593528
2015,118,2015-04-05,596144
2015,118,2015-04-05,605156
2015,118,2015-04-05,605232
2015,118,2015-04-05,605253
2015,119,2015-04-05,276519
2015,119,2015-04-05,346874
2015,119,2015-04-05,407908
2015,119,2015-04-05,408236
2015,119,2015-04-05,408307
2015,119,2015-04-05,425844
2015,119,2015-04-05,434181
2015,119,2015-04-05,434442
2015,119,2015-04-05,435062
2015,119,2015-04-05,435221
2015,119,2015-04-05,444843
2015,119,2015-04-05,445276
2015,119,2015-04-05,446381
2015,119,2015-04-05,454560
2015,119,2015-04-05,457759
2015,119,2015-04-05,474463
2015,119,2015-04-05,475100
2015,119,2015-04-05,477132
2015,119,2015-04-05,501822
2015,119,2015-04-05,502211
2015,119,2015-04-05,502317
2015,119,2015-04-05,504379
2015,119,2015-04-05,516910
2015,119,2015-04-05,518735
2015,119,2015-04-05,519437
2015,119,2015-04-05,520980
2015,119,2015-04-05,543056
2015,119,2015-04-05,543921
2015,119,2015-04-05,545346
2015,119,2015-04-05,545404
2015,119,2015-04-05,547943
2015,119,2015-04-05,554340
2015,119,2015-04-05,571771
2015,119,2015-04-05,571893
2015,119,2015-04-05,572089
2015,119,2015-04-05,592626
2015,119,2015-04-05,594988
2015,119,2015-04-05,605131
2015,119,2015-04-05,607068
2015,119,2015-04-05,624577
2015,119,2015-04-05,648717
2015,120,2015-04-05,150029
2015,120,2015-04-05,407819
2015,120,2015-04-05,407862
2015,120,2015-04-05,434661
2015,120,2015-04-05,435622
2015,120,2015-04-05,445163
2015,120,2015-04-05,446653
2015,120,2015-04-05,450729
2015,120,2015-04-05,452655
2015,120,2015-04-05,453286
2015,120,2015-04-05,457787
2015,120,2015-04-05,458530
2015,120,2015-04-05,458584
2015,120,2015-04-05,461829
2015,120,2015-04-05,462564
2015,120,2015-04-05,467092
2015,120,2015-04-05,475582
2015,120,2015-04-05,488862
2015,120,2015-04-05,489138
2015,120,2015-04-05,489334
2015,120,2015-04-05,502578
2015,120,2015-04-05,518863
2015,120,2015-04-05,519208
2015,120,2015-04-05,519301
2015,120,2015-04-05,519322
2015,120,2015-04-05,519455
2015,120,2015-04-05,543685
2015,120,2015-04-05,543699
2015,120,2015-04-05,544925
2015,120,2015-04-05,544931
2015,120,2015-04-05,547180
2015,120,2015-04-05,553878
2015,120,2015-04-05,571718
2015,120,2015-04-05,572191
2015,120,2015-04-05,576788
2015,120,2015-04-05,592398
2015,120,2015-04-05,594694
2015,120,2015-04-05,594840
2015,120,2015-04-05,595014
2015,120,2015-04-05,595918
2015,121,2015-04-05,112526
2015,121,2015-04-05,150212
2015,121,2015-04-05,234194
2015,121,2015-04-05,431151
2015,121,2015-04-05,434158
2015,121,2015-04-05,446263
2015,121,2015-04-05,448614
2015,121,2015-04-05,456776
2015,121,2015-04-05,458730
2015,121,2015-04-05,460055
2015,121,2015-04-05,460283
2015,121,2015-04-05,477003
2015,121,2015-04-05,489232
2015,121,2015-04-05,493472
2015,121,2015-04-05,501571
2015,121,2015-04-05,502195
2015,121,2015-04-05,502517
2015,121,2015-04-05,514913
2015,121,2015-04-05,516714
2015,121,2015-04-05,516769
2015,121,2015-04-05,518595
2015,121,2015-04-05,518716
2015,121,2015-04-05,518774
2015,121,2015-04-05,527038
2015,121,2015-04-05,527049
2015,121,2015-04-05,541600
2015,121,2015-04-05,543219
2015,121,2015-04-05,543590
2015,121,2015-04-05,544727
2015,121,2015-04-05,554430
2015,121,2015-04-05,570663
2015,121,2015-04-05,571927
2015,121,2015-04-05,572831
2015,121,2015-04-05,592340
2015,121,2015-04-05,592570
2015,121,2015-04-05,592789
2015,121,2015-04-05,593679
2015,121,2015-04-05,594798
2015,121,2015-04-05,599096
2015,121,2015-04-05,605333
2015,121,2015-04-05,606160
2015,133,2015-04-05,424825
2015,133,2015-04-05,431148
2015,133,2015-04-05,445926
2015,133,2015-04-05,447714
2015,133,2015-04-05,448281
2015,133,2015-04-05,450314
2015,133,2015-04-05,453539
2015,133,2015-04-05,456167
2015,133,2015-04-05,456714
2015,133,2015-04-05,461325
2015,133,2015-04-05,472551
2015,133,2015-04-05,474384
2015,133,2015-04-05,475857
2015,133,2015-04-05,477195
2015,133,2015-04-05,502210
2015,133,2015-04-05,502226
2015,133,2015-04-05,502285
2015,133,2015-04-05,504186
2015,133,2015-04-05,519096
2015,133,2015-04-05,519105
2015,133,2015-04-05,519141
2015,133,2015-04-05,519267
2015,133,2015-04-05,519299
2015,133,2015-04-05,519390
2015,133,2015-04-05,534910
2015,133,2015-04-05,542993
2015,133,2015-04-05,543243
2015,133,2015-04-05,543434
2015,133,2015-04-05,543594
2015,133,2015-04-05,543760
2015,133,2015-04-05,543853
2015,133,2015-04-05,545001
2015,133,2015-04-05,571439
2015,133,2015-04-05,572033
2015,133,2015-04-05,572910
2015,133,2015-04-05,592192
2015,133,2015-04-05,592660
2015,133,2015-04-05,593417
2015,133,2015-04-05,600524
2015,133,2015-04-05,605135
2015,133,2015-04-05,605477
2015,133,2015-04-05,608665
2015,134,2015-04-05,150359
2015,134,2015-04-05,430611
2015,134,2015-04-05,434538
2015,134,2015-04-05,435522
2015,134,2015-04-05,446481
2015,134,2015-04-05,450203
2015,134,2015-04-05,451088
2015,134,2015-04-05,453172
2015,134,2015-04-05,453265
2015,134,2015-04-05,453343
2015,134,2015-04-05,455374
2015,134,2015-04-05,455755
2015,134,2015-04-05,457705
2015,134,2015-04-05,458720
2015,134,2015-04-05,465041
2015,134,2015-04-05,467785
2015,134,2015-04-05,474568
2015,134,2015-04-05,474699
2015,134,2015-04-05,476883
2015,134,2015-04-05,489039
2015,134,2015-04-05,491708
2015,134,2015-04-05,502046
2015,134,2015-04-05,506997
2015,134,2015-04-05,516782
2015,134,2015-04-05,518911
2015,134,2015-04-05,543037
2015,134,2015-04-05,543094
2015,134,2015-04-05,543281
2015,134,2015-04-05,543746
2015,134,2015-04-05,553869
2015,134,2015-04-05,570256
2015,134,2015-04-05,591994
2015,134,2015-04-05,592238
2015,134,2015-04-05,592468
2015,134,2015-04-05,592791
2015,134,2015-04-05,593700
2015,134,2015-04-05,594987
2015,134,2015-04-05,628356
2015,135,2015-04-05,276542
2015,135,2015-04-05,408242
2015,135,2015-04-05,425549
2015,135,2015-04-05,425834
2015,135,2015-04-05,435178
2015,135,2015-04-05,445612
2015,135,2015-04-05,448306
2015,135,2015-04-05,453178
2015,135,2015-04-05,453344
2015,135,2015-04-05,457708
2015,135,2015-04-05,458537
2015,135,2015-04-05,461314
2015,135,2015-04-05,461416
2015,135,2015-04-05,475115
2015,135,2015-04-05,475174
2015,135,2015-04-05,488768
2015,135,2015-04-05,500208
2015,135,2015-04-05,501659
2015,135,2015-04-05,506560
2015,135,2015-04-05,518875
2015,135,2015-04-05,518886
2015,135,2015-04-05,519025
2015,135,2015-04-05,519083
2015,135,2015-04-05,523265
2015,135,2015-04-05,534812
2015,135,2015-04-05,542642
2015,135,2015-04-05,543105
2015,135,2015-04-05,543148
2015,135,2015-04-05,543391
2015,135,2015-04-05,543506
2015,135,2015-04-05,543508
2015,135,2015-04-05,543883
2015,135,2015-04-05,571057
2015,135,2015-04-05,571976
2015,135,2015-04-05,572362
2015,135,2015-04-05,576397
2015,135,2015-04-05,592506
2015,135,2015-04-05,594027
2015,135,2015-04-05,599998
2015,135,2015-04-05,605486
2015,135,2015-04-05,628333
2015,136,2015-04-05,217100
2015,136,2015-04-05,407845
2015,136,2015-04-05,429664
2015,136,2015-04-05,430001
2015,136,2015-04-05,433587
2015,136,2015-04-05,443558
2015,136,2015-04-05,448605
2015,136,2015-04-05,452234
2015,136,2015-04-05,452666
2015,136,2015-04-05,457706
2015,136,2015-04-05,457918
2015,136,2015-04-05,476595
2015,136,2015-04-05,489149
2015,136,2015-04-05,491696
2015,136,2015-04-05,500721
2015,136,2015-04-05,515052
2015,136,2015-04-05,518703
2015,136,2015-04-05,524968
2015,136,2015-04-05,543144
2015,136,2015-04-05,543308
2015,136,2015-04-05,543343
2015,136,2015-04-05,543543
2015,136,2015-04-05,543557
2015,136,2015-04-05,543607
2015,136,2015-04-05,547874
2015,136,2015-04-05,552662
2015,136,2015-04-05,554429
2015,136,2015-04-05,571825
2015,136,2015-04-05,572020
2015,136,2015-04-05,572122
2015,136,2015-04-05,572287
2015,136,2015-04-05,573650
2015,136,2015-04-05,592464
2015,136,2015-04-05,592836
2015,136,2015-04-05,605476
2015,136,2015-04-05,606273
2015,136,2015-04-05,606466
2015,136,2015-04-05,608678
2015,136,2015-04-05,621035
2015,136,2015-04-05,621397
2015,137,2015-04-05,218596
2015,137,2015-04-05,285064
2015,137,2015-04-05,346793
2015,137,2015-04-05,408241
2015,137,2015-04-05,425657
2015,137,2015-04-05,430912
2015,137,2015-04-05,431171
2015,137,2015-04-05,433586
2015,137,2015-04-05,433589
2015,137,2015-04-05,434636
2015,137,2015-04-05,435078
2015,137,2015-04-05,448170
2015,137,2015-04-05,449170
2015,137,2015-04-05,452239
2015,137,2015-04-05,452254
2015,137,2015-04-05,453311
2015,137,2015-04-05,453923
2015,137,2015-04-05,457763
2015,137,2015-04-05,466948
2015,137,2015-04-05,474832
2015,137,2015-04-05,489265
2015,137,2015-04-05,493114
2015,137,2015-04-05,502004
2015,137,2015-04-05,516949
2015,137,2015-04-05,518516
2015,137,2015-04-05,518790
2015,137,2015-04-05,519326
2015,137,2015-04-05,543063
2015,137,2015-04-05,543633
2015,137,2015-04-05,571882
2015,137,2015-04-05,572180
2015,137,2015-04-05,592620
2015,137,2015-04-05,593340
2015,137,2015-04-05,594762
2015,137,2015-04-05,594807
2015,137,2015-04-05,595235
2015,137,2015-04-05,605143
2015,137,2015-04-05,605412
2015,137,2015-04-05,622110
2015,137,2015-04-05,658135
2015,138,2015-04-04,279571
2015,138,2015-04-04,329092
2015,138,2015-04-04,407793
2015,138,2015-04-04,407812
2015,138,2015-04-04,425509
2015,138,2015-04-04,425794
2015,138,2015-04-04,425877
2015,138,2015-04-04,445055
2015,138,2015-04-04,446225
2015,138,2015-04-04,448602
2015,138,2015-04-04,448802
2015,138,2015-04-04,453646
2015,138,2015-04-04,458681
2015,138,2015-04-04,477229
2015,138,2015-04-04,488721
2015,138,2015-04-04,488810
2015,138,2015-04-04,489305
2015,138,2015-04-04,502054
2015,138,2015-04-04,518502
2015,138,2015-04-04,518792
2015,138,2015-04-04,518902
2015,138,2015-04-04,542883
2015,138,2015-04-04,543779
2015,138,2015-04-04,543939
2015,138,2015-04-04,544928
2015,138,2015-04-04,545341
2015,138,2015-04-04,571431
2015,138,2015-04-04,571841
2015,138,2015-04-04,572000
2015,138,2015-04-04,572096
2015,138,2015-04-04,572761
2015,138,2015-04-04,572889
2015,138,2015-04-04,592774
2015,138,2015-04-04,592815
2015,138,2015-04-04,593372
2015,138,2015-04-04,594824
2015,138,2015-04-04,594835
2015,138,2015-04-04,595307
2015,138,2015-04-04,608379
2015,138,2015-04-04,649557
2015,139,2015-04-05,346797
2015,139,2015-04-05,425766
2015,139,2015-04-05,425784
2015,139,2015-04-05,430203
2015,139,2015-04-05,435064
2015,139,2015-04-05,444379
2015,139,2015-04-05,446334
2015,139,2015-04-05,446386
2015,139,2015-04-05,448178
2015,139,2015-04-05,452678
2015,139,2015-04-05,457117
2015,139,2015-04-05,457775
2015,139,2015-04-05,457775
2015,139,2015-04-05,459429
2015,139,2015-04-05,489446
2015,139,2015-04-05,501992
2015,139,2015-04-05,502042
2015,139,2015-04-05,502171
2015,139,2015-04-05,502202
2015,139,2015-04-05,517008
2015,139,2015-04-05,519043
2015,139,2015-04-05,519306
2015,139,2015-04-05,523253
2015,139,2015-04-05,523848
2015,139,2015-04-05,541640
2015,139,2015-04-05,542882
2015,139,2015-04-05,542921
2015,139,2015-04-05,542924
2015,139,2015-04-05,543204
2015,139,2015-04-05,543484
2015,139,2015-04-05,543606
2015,139,2015-04-05,544836
2015,139,2015-04-05,544993
2015,139,2015-04-05,545338
2015,139,2015-04-05,572143
2015,139,2015-04-05,573349
2015,139,2015-04-05,592166
2015,139,2015-04-05,592200
2015,139,2015-04-05,592604
2015,139,2015-04-05,592677
2015,139,2015-04-05,592767
2015,139,2015-04-05,595281
2015,140,2015-04-05,134181
2015,140,2015-04-05,407890
2015,140,2015-04-05,425783
2015,140,2015-04-05,425902
2015,140,2015-04-05,446321
2015,140,2015-04-05,449786
2015,140,2015-04-05,451596
2015,140,2015-04-05,455139
2015,140,2015-04-05,457448
2015,140,2015-04-05,457754
2015,140,2015-04-05,460322
2015,140,2015-04-05,462101
2015,140,2015-04-05,474521
2015,140,2015-04-05,489267
2015,140,2015-04-05,489294
2015,140,2015-04-05,491703
2015,140,2015-04-05,493117
2015,140,2015-04-05,502706
2015,140,2015-04-05,506433
2015,140,2015-04-05,519048
2015,140,2015-04-05,519168
2015,140,2015-04-05,519295
2015,140,2015-04-05,519344
2015,140,2015-04-05,527048
2015,140,2015-04-05,542513
2015,140,2015-04-05,542669
2015,140,2015-04-05,542914
2015,140,2015-04-05,547982
2015,140,2015-04-05,548337
2015,140,2015-04-05,570810
2015,140,2015-04-05,574831
2015,140,2015-04-05,592222
2015,140,2015-04-05,592261
2015,140,2015-04-05,592426
2015,140,2015-04-05,593643
2015,140,2015-04-05,595191
2015,140,2015-04-05,595751
2015,140,2015-04-05,595777
2015,140,2015-04-05,596059
2015,140,2015-04-05,605309
2015,140,2015-04-05,607259
2015,140,2015-04-05,607309
2015,140,2015-04-05,607359
2015,140,2015-04-05,607387
2015,141,2015-04-05,279824
2015,141,2015-04-05,285079
2015,141,2015-04-05,408314
2015,141,2015-04-05,425900
2015,141,2015-04-05,429665
2015,141,2015-04-05,430832
2015,141,2015-04-05,430895
2015,141,2015-04-05,431145
2015,141,2015-04-05,445170
2015,141,2015-04-05,446399
2015,141,2015-04-05,447755
2015,141,2015-04-05,459431
2015,141,2015-04-05,462136
2015,141,2015-04-05,475253
2015,141,2015-04-05,476270
2015,141,2015-04-05,489365
2015,141,2015-04-05,502143
2015,141,2015-04-05,518626
2015,141,2015-04-05,518755
2015,141,2015-04-05,518833
2015,141,2015-04-05,519169
2015,141,2015-04-05,519411
2015,141,2015-04-05,519421
2015,141,2015-04-05,521230
2015,141,2015-04-05,532077
2015,141,2015-04-05,543258
2015,141,2015-04-05,543362
2015,141,2015-04-05,544759
2015,141,2015-04-05,554432
2015,141,2015-04-05,571800
2015,141,2015-04-05,571901
2015,141,2015-04-05,572193
2015,141,2015-04-05,572365
2015,141,2015-04-05,573186
2015,141,2015-04-05,581527
2015,141,2015-04-05,592647
2015,141,2015-04-05,592717
2015,141,2015-04-05,593969
2015,141,2015-04-05,596057
2015,141,2015-04-05,607680
2015,141,2015-04-05,612434
2015,142,2015-04-05,116338
2015,142,2015-04-05,408045
2015,142,2015-04-05,430641
2015,142,2015-04-05,431162
2015,142,2015-04-05,435559
2015,142,2015-04-05,445060
2015,142,2015-04-05,450282
2015,142,2015-04-05,453203
2015,142,2015-04-05,456488
2015,142,2015-04-05,457744
2015,142,2015-04-05,457788
2015,142,2015-04-05,460059
2015,142,2015-04-05,461833
2015,142,2015-04-05,461858
2015,142,2015-04-05,488846
2015,142,2015-04-05,500871
2015,142,2015-04-05,500887
2015,142,2015-04-05,502043
2015,142,2015-04-05,502272
2015,142,2015-04-05,519151
2015,142,2015-04-05,542454
2015,142,2015-04-05,542455
2015,142,2015-04-05,543242
2015,142,2015-04-05,543302
2015,142,2015-04-05,543305
2015,142,2015-04-05,543507
2015,142,2015-04-05,543542
2015,142,2015-04-05,543548
2015,142,2015-04-05,543859
2015,142,2015-04-05,572821
2015,142,2015-04-05,573204
2015,142,2015-04-05,573627
2015,142,2015-04-05,592091
2015,142,2015-04-05,592244
2015,142,2015-04-05,592696
2015,142,2015-04-05,593871
2015,142,2015-04-05,593934
2015,142,2015-04-05,596146
2015,142,2015-04-05,605528
2015,143,2015-04-05,400284
2015,143,2015-04-05,421685
2015,143,2015-04-05,424324
2015,143,2015-04-05,425532
2015,143,2015-04-05,425796
2015,143,2015-04-05,429667
2015,143,2015-04-05,429713
2015,143,2015-04-05,430661
2015,143,2015-04-05,430935
2015,143,2015-04-05,433217
2015,143,2015-04-05,434563
2015,143,2015-04-05,449097
2015,143,2015-04-05,451532
2015,143,2015-04-05,458668
2015,143,2015-04-05,462945
2015,143,2015-04-05,472610
2015,143,2015-04-05,491646
2015,143,2015-04-05,502126
2015,143,2015-04-05,514917
2015,143,2015-04-05,518603
2015,143,2015-04-05,518617
2015,143,2015-04-05,519184
2015,143,2015-04-05,519237
2015,143,2015-04-05,520471
2015,143,2015-04-05,542587
2015,143,2015-04-05,543495
2015,143,2015-04-05,543643
2015,143,2015-04-05,546318
2015,143,2015-04-05,570257
2015,143,2015-04-05,571437
2015,143,2015-04-05,571527
2015,143,2015-04-05,571633
2015,143,2015-04-05,571704
2015,143,2015-04-05,571786
2015,143,2015-04-05,571830
2015,143,2015-04-05,573131
2015,143,2015-04-05,592145
2015,143,2015-04-05,593576
2015,143,2015-04-05,596331
2015,143,2015-04-05,596748
2015,143,2015-04-05,605125
2015,143,2015-04-05,605388
2015,144,2015-04-05,150229
2015,144,2015-04-05,276351
2015,144,2015-04-05,430404
2015,144,2015-04-05,430637
2015,144,2015-04-05,430948
2015,144,2015-04-05,435041
2015,144,2015-04-05,445590
2015,144,2015-04-05,453400
2015,144,2015-04-05,455976
2015,144,2015-04-05,457727
2015,144,2015-04-05,458913
2015,144,2015-04-05,462089
2015,144,2015-04-05,462382
2015,144,2015-04-05,489189
2015,144,2015-04-05,501593
2015,144,2015-04-05,501985
2015,144,2015-04-05,502239
2015,144,2015-04-05,516811
2015,144,2015-04-05,518692
2015,144,2015-04-05,519345
2015,144,2015-04-05,527054
2015,144,2015-04-05,542194
2015,144,2015-04-05,544365
2015,144,2015-04-05,554234
2015,144,2015-04-05,554239
2015,144,2015-04-05,571946
2015,144,2015-04-05,592239
2015,144,2015-04-05,592314
2015,144,2015-04-05,592433
2015,144,2015-04-05,592533
2015,144,2015-04-05,592743
2015,144,2015-04-05,593479
2015,144,2015-04-05,594792
2015,144,2015-04-05,594838
2015,144,2015-04-05,595465
2015,144,2015-04-05,605374
2015,144,2015-04-05,606291
2015,144,2015-04-05,606299
2015,144,2015-04-05,607054
2015,144,2015-04-05,621962
2015,144,2015-04-05,622072
2015,144,2015-04-05,623406
2015,145,2015-04-05,425560
2015,145,2015-04-05,433579
2015,145,2015-04-05,434567
2015,145,2015-04-05,435043
2015,145,2015-04-05,452095
2015,145,2015-04-05,456051
2015,145,2015-04-05,457915
2015,145,2015-04-05,458006
2015,145,2015-04-05,466320
2015,145,2015-04-05,466988
2015,145,2015-04-05,474029
2015,145,2015-04-05,474668
2015,145,2015-04-05,475138
2015,145,2015-04-05,493351
2015,145,2015-04-05,493596
2015,145,2015-04-05,500779
2015,145,2015-04-05,502085
2015,145,2015-04-05,502188
2015,145,2015-04-05,502593
2015,145,2015-04-05,518858
2015,145,2015-04-05,519242
2015,145,2015-04-05,541645
2015,145,2015-04-05,542439
2015,145,2015-04-05,542963
2015,145,2015-04-05,543216
2015,145,2015-04-05,543359
2015,145,2015-04-05,543589
2015,145,2015-04-05,543776
2015,145,2015-04-05,543900
2015,145,2015-04-05,544725
2015,145,2015-04-05,547989
2015,145,2015-04-05,570560
2015,145,2015-04-05,571602
2015,145,2015-04-05,572204
2015,145,2015-04-05,573135
2015,145,2015-04-05,573589
2015,145,2015-04-05,593423
2015,145,2015-04-05,594809
2015,145,2015-04-05,605304
2015,145,2015-04-05,607345
2015,145,2015-04-05,608672
2015,146,2015-04-05,400085
2015,146,2015-04-05,425557
2015,146,2015-04-05,425772
2015,146,2015-04-05,429717
2015,146,2015-04-05,430603
2015,146,2015-04-05,434604
2015,146,2015-04-05,445197
2015,146,2015-04-05,445988
2015,146,2015-04-05,456781
2015,146,2015-04-05,457454
2015,146,2015-04-05,457768
2015,146,2015-04-05,473879
2015,146,2015-04-05,475479
2015,146,2015-04-05,500743
2015,146,2015-04-05,502009
2015,146,2015-04-05,502011
2015,146,2015-04-05,506693
2015,146,2015-04-05,516589
2015,146,2015-04-05,518553
2015,146,2015-04-05,518618
2015,146,2015-04-05,519317
2015,146,2015-04-05,542303
2015,146,2015-04-05,543045
2015,146,2015-04-05,543054
2015,146,2015-04-05,543070
2015,146,2015-04-05,543272
2015,146,2015-04-05,543408
2015,146,2015-04-05,543677
2015,146,2015-04-05,543829
2015,146,2015-04-05,570632
2015,146,2015-04-05,571506
2015,146,2015-04-05,572309
2015,146,2015-04-05,573109
2015,146,2015-04-05,588751
2015,146,2015-04-05,592593
2015,146,2015-04-05,592663
2015,146,2015-04-05,592885
2015,146,2015-04-05,594795
2015,146,2015-04-05,605169
2015,146,2015-04-05,605228
2015,147,2015-04-05,121347
2015,147,2015-04-05,136860
2015,147,2015-04-05,282332
2015,147,2015-04-05,407893
2015,147,2015-04-05,425626
2015,147,2015-04-05,434540
2015,147,2015-04-05,435263
2015,147,2015-04-05,452104
2015,147,2015-04-05,452220
2015,147,2015-04-05,453056
2015,147,2015-04-05,453192
2015,147,2015-04-05,453895
2015,147,2015-04-05,455119
2015,147,2015-04-05,455759
2015,147,2015-04-05,458677
2015,147,2015-04-05,458731
2015,147,2015-04-05,463610
2015,147,2015-04-05,467100
2015,147,2015-04-05,469134
2015,147,2015-04-05,476454
2015,147,2015-04-05,476589
2015,147,2015-04-05,501381
2015,147,2015-04-05,502304
2015,147,2015-04-05,517059
2015,147,2015-04-05,517369
2015,147,2015-04-05,542432
2015,147,2015-04-05,543135
2015,147,2015-04-05,544369
2015,147,2015-04-05,547888
2015,147,2015-04-05,570717
2015,147,2015-04-05,571951
2015,147,2015-04-05,571974
2015,147,2015-04-05,572038
2015,147,2015-04-05,592122
2015,147,2015-04-05,592181
2015,147,2015-04-05,592741
2015,147,2015-04-05,592863
2015,147,2015-04-05,593334
2015,147,2015-04-05,595032
2015,147,2015-04-05,596142
2015,158,2015-04-05,133380
2015,158,2015-04-05,346798
2015,158,2015-04-05,408061
2015,158,2015-04-05,425840
2015,158,2015-04-05,445213
2015,158,2015-04-05,449104
2015,158,2015-04-05,451089
2015,158,2015-04-05,452252
2015,158,2015-04-05,455009
2015,158,2015-04-05,455117
2015,158,2015-04-05,460075
2015,158,2015-04-05,460576
2015,158,2015-04-05,467143
2015,158,2015-04-05,467827
2015,158,2015-04-05,490063
2015,158,2015-04-05,499864
2015,158,2015-04-05,501981
2015,158,2015-04-05,502026
2015,158,2015-04-05,502582
2015,158,2015-04-05,503449
2015,158,2015-04-05,516416
2015,158,2015-04-05,518468
2015,158,2015-04-05,518542
2015,158,2015-04-05,518558
2015,158,2015-04-05,518782
2015,158,2015-04-05,518960
2015,158,2015-04-05,519076
2015,158,2015-04-05,519293
2015,158,2015-04-05,543380
2015,158,2015-04-05,543942
2015,158,2015-04-05,571666
2015,158,2015-04-05,571697
2015,158,2015-04-05,572175
2015,158,2015-04-05,592341
2015,158,2015-04-05,592680
2015,158,2015-04-05,592804
2015,158,2015-04-05,595386
2015,158,2015-04-05,596143
2015,158,2015-04-05,608349
2015,158,2015-04-05,623913
2016,108,2016-04-03,405395
2016,108,2016-04-03,434567
2016,108,2016-04-03,434718
2016,108,2016-04-03,450308
2016,108,2016-04-03,450351
2016,108,2016-04-03,456379
2016,108,2016-04-03,460060
2016,108,2016-04-03,474284
2016,108,2016-04-03,477569
2016,108,2016-04-03,488862
2016,108,2016-04-03,501625
2016,108,2016-04-03,501925
2016,108,2016-04-03,502226
2016,108,2016-04-03,502327
2016,108,2016-04-03,518854
2016,108,2016-04-03,519071
2016,108,2016-04-03,527043
2016,108,2016-04-03,533167
2016,108,2016-04-03,537953
2016,108,2016-04-03,542208
2016,108,2016-04-03,542364
2016,108,2016-04-03,542908
2016,108,2016-04-03,543068
2016,108,2016-04-03,543213
2016,108,2016-04-03,545361
2016,108,2016-04-03,571760
2016,108,2016-04-03,572070
2016,108,2016-04-03,572140
2016,108,2016-04-03,573046
2016,108,2016-04-03,592135
2016,108,2016-04-03,592230
2016,108,2016-04-03,592743
2016,108,2016-04-03,594777
2016,108,2016-04-03,596847
2016,108,2016-04-03,605323
2016,108,2016-04-03,607374
2016,108,2016-04-03,622505
2016,109,2016-04-03,425844
2016,109,2016-04-03,430001
2016,109,2016-04-03,444482
2016,109,2016-04-03,446899
2016,109,2016-04-03,456078
2016,109,2016-04-03,461325
2016,109,2016-04-03,488912
2016,109,2016-04-03,502671
2016,109,2016-04-03,516416
2016,109,2016-04-03,517414
2016,109,2016-04-03,518567
2016,109,2016-04-03,523989
2016,109,2016-04-03,542609
2016,109,2016-04-03,543302
2016,109,2016-04-03,543339
2016,109,2016-04-03,545332
2016,109,2016-04-03,571578
2016,109,2016-04-03,571863
2016,109,2016-04-03,571875
2016,109,2016-04-03,571946
2016,109,2016-04-03,572008
2016,109,2016-04-03,572041
2016,109,2016-04-03,591712
2016,109,2016-04-03,592273
2016,109,2016-04-03,592662
2016,109,2016-04-03,593647
2016,109,2016-04-03,594838
2016,109,2016-04-03,594857
2016,109,2016-04-03,595235
2016,109,2016-04-03,598284
2016,109,2016-04-03,602115
2016,109,2016-04-03,605113
2016,109,2016-04-03,605151
2016,109,2016-04-03,605177
2016,109,2016-04-03,605359
2016,109,2016-04-03,608678
2016,109,2016-04-03,611093
2016,109,2016-04-03,621281
2016,109,2016-04-03,630111
2016,109,2016-04-03,643327
2016,110,2016-04-03,429666
2016,110,2016-04-03,430945
2016,110,2016-04-03,434622
2016,110,2016-04-03,444432
2016,110,2016-04-03,446308
2016,110,2016-04-03,448801
2016,110,2016-04-03,451085
2016,110,2016-04-03,451596
2016,110,2016-04-03,460099
2016,110,2016-04-03,474699
2016,110,2016-04-03,475247
2016,110,2016-04-03,476883
2016,110,2016-04-03,501957
2016,110,2016-04-03,502154
2016,110,2016-04-03,503285
2016,110,2016-04-03,506747
2016,110,2016-04-03,517370
2016,110,2016-04-03,519008
2016,110,2016-04-03,542960
2016,110,2016-04-03,543118
2016,110,2016-04-03,543376
2016,110,2016-04-03,547957
2016,110,2016-04-03,570731
2016,110,2016-04-03,571710
2016,110,2016-04-03,572073
2016,110,2016-04-03,572233
2016,110,2016-04-03,592170
2016,110,2016-04-03,592329
2016,110,2016-04-03,592332
2016,110,2016-04-03,592518
2016,110,2016-04-03,592869
2016,110,2016-04-03,595296
2016,110,2016-04-03,605164
2016,110,2016-04-03,605541
2016,110,2016-04-03,625329
2016,110,2016-04-03,628333
2016,110,2016-04-03,645848
2016,111,2016-04-04,120074
2016,111,2016-04-04,434670
2016,111,2016-04-04,452672
2016,111,2016-04-04,453214
2016,111,2016-04-04,453329
2016,111,2016-04-04,455759
2016,111,2016-04-04,456030
2016,111,2016-04-04,456034
2016,111,2016-04-04,467055
2016,111,2016-04-04,493157
2016,111,2016-04-04,518490
2016,111,2016-04-04,518886
2016,111,2016-04-04,518927
2016,111,2016-04-04,519144
2016,111,2016-04-04,519443
2016,111,2016-04-04,523260
2016,111,2016-04-04,543726
2016,111,2016-04-04,543768
2016,111,2016-04-04,543877
2016,111,2016-04-04,546276
2016,111,2016-04-04,547749
2016,111,2016-04-04,571788
2016,111,2016-04-04,571918
2016,111,2016-04-04,572990
2016,111,2016-04-04,592231
2016,111,2016-04-04,592390
2016,111,2016-04-04,593428
2016,111,2016-04-04,593523
2016,111,2016-04-04,593958
2016,111,2016-04-04,596064
2016,111,2016-04-04,596119
2016,111,2016-04-04,598264
2016,111,2016-04-04,598265
2016,111,2016-04-04,598271
2016,111,2016-04-04,598287
2016,111,2016-04-04,605141
2016,111,2016-04-04,605301
2016,111,2016-04-04,605476
2016,111,2016-04-04,606273
2016,111,2016-04-04,628329
2016,112,2016-04-03,407793
2016,112,2016-04-03,424325
2016,112,2016-04-03,434628
2016,112,2016-04-03,444468
2016,112,2016-04-03,450314
2016,112,2016-04-03,451594
2016,112,2016-04-03,452657
2016,112,2016-04-03,453385
2016,112,2016-04-03,453562
2016,112,2016-04-03,467008
2016,112,2016-04-03,471083
2016,112,2016-04-03,475243
2016,112,2016-04-03,476589
2016,112,2016-04-03,493128
2016,112,2016-04-03,502239
2016,112,2016-04-03,518748
2016,112,2016-04-03,518792
2016,112,2016-04-03,518852
2016,112,2016-04-03,519166
2016,112,2016-04-03,519203
2016,112,2016-04-03,519333
2016,112,2016-04-03,524349
2016,112,2016-04-03,542923
2016,112,2016-04-03,543294
2016,112,2016-04-03,570489
2016,112,2016-04-03,570799
2016,112,2016-04-03,572955
2016,112,2016-04-03,573127
2016,112,2016-04-03,575929
2016,112,2016-04-03,592178
2016,112,2016-04-03,592677
2016,112,2016-04-03,595879
2016,112,2016-04-03,596129
2016,112,2016-04-03,600303
2016,112,2016-04-03,600869
2016,112,2016-04-03,605156
2016,112,2016-04-03,605218
2016,112,2016-04-03,607359
2016,112,2016-04-03,608365
2016,112,2016-04-03,624585
2016,112,2016-04-03,656941
2016,113,2016-04-03,408252
2016,113,2016-04-03,430580
2016,113,2016-04-03,446359
2016,113,2016-04-03,456027
2016,113,2016-04-03,456701
2016,113,2016-04-03,457574
2016,113,2016-04-03,457803
2016,113,2016-04-03,458015
2016,113,2016-04-03,471822
2016,113,2016-04-03,474443
2016,113,2016-04-03,502028
2016,113,2016-04-03,519023
2016,113,2016-04-03,534627
2016,113,2016-04-03,541608
2016,113,2016-04-03,543101
2016,113,2016-04-03,543331
2016,113,2016-04-03,543424
2016,113,2016-04-03,543788
2016,113,2016-04-03,547179
2016,113,2016-04-03,550298
2016,113,2016-04-03,553993
2016,113,2016-04-03,571466
2016,113,2016-04-03,571561
2016,113,2016-04-03,571584
2016,113,2016-04-03,571740
2016,113,2016-04-03,572102
2016,113,2016-04-03,573185
2016,113,2016-04-03,592835
2016,113,2016-04-03,594807
2016,113,2016-04-03,594988
2016,113,2016-04-03,596112
2016,113,2016-04-03,605232
2016,113,2016-04-03,606299
2016,113,2016-04-03,606959
2016,113,2016-04-03,607219
2016,113,2016-04-03,607237
2016,113,2016-04-03,621209
2016,113,2016-04-03,621283
2016,113,2016-04-03,628452
2016,114,2016-04-04,346874
2016,114,2016-04-04,407781
2016,114,2016-04-04,434658
2016,114,2016-04-04,435063
2016,114,2016-04-04,446321
2016,114,2016-04-04,446372
2016,114,2016-04-04,453249
2016,114,2016-04-04,458708
2016,114,2016-04-04,467793
2016,114,2016-04-04,471911
2016,114,2016-04-04,488726
2016,114,2016-04-04,488984
2016,114,2016-04-04,501955
2016,114,2016-04-04,502082
2016,114,2016-04-04,502083
2016,114,2016-04-04,517593
2016,114,2016-04-04,518577
2016,114,2016-04-04,519096
2016,114,2016-04-04,542583
2016,114,2016-04-04,542866
2016,114,2016-04-04,542888
2016,114,2016-04-04,542994
2016,114,2016-04-04,543228
2016,114,2016-04-04,543334
2016,114,2016-04-04,543401
2016,114,2016-04-04,543766
2016,114,2016-04-04,545333
2016,114,2016-04-04,547379
2016,114,2016-04-04,570481
2016,114,2016-04-04,570482
2016,114,2016-04-04,571980
2016,114,2016-04-04,592102
2016,114,2016-04-04,594736
2016,114,2016-04-04,596019
2016,114,2016-04-04,596049
2016,114,2016-04-04,605182
2016,114,2016-04-04,607320
2016,114,2016-04-04,608070
2016,114,2016-04-04,621173
2016,114,2016-04-04,641490
2016,115,2016-04-03,407822
2016,115,2016-04-03,430589
2016,115,2016-04-03,430605
2016,115,2016-04-03,435400
2016,115,2016-04-03,448602
2016,115,2016-04-03,453568
2016,115,2016-04-03,457429
2016,115,2016-04-03,459429
2016,115,2016-04-03,460026
2016,115,2016-04-03,467827
2016,115,2016-04-03,471865
2016,115,2016-04-03,488681
2016,115,2016-04-03,493603
2016,115,2016-04-03,501255
2016,115,2016-04-03,502522
2016,115,2016-04-03,518452
2016,115,2016-04-03,518614
2016,115,2016-04-03,518934
2016,115,2016-04-03,542436
2016,115,2016-04-03,542881
2016,115,2016-04-03,543022
2016,115,2016-04-03,543261
2016,115,2016-04-03,543475
2016,115,2016-04-03,543734
2016,115,2016-04-03,545064
2016,115,2016-04-03,547172
2016,115,2016-04-03,548357
2016,115,2016-04-03,554431
2016,115,2016-04-03,571448
2016,115,2016-04-03,571735
2016,115,2016-04-03,572019
2016,115,2016-04-03,572750
2016,115,2016-04-03,572863
2016,115,2016-04-03,592351
2016,115,2016-04-03,596115
2016,115,2016-04-03,606132
2016,115,2016-04-03,608032
2016,115,2016-04-03,608566
2016,115,2016-04-03,608596
2016,115,2016-04-03,612434
2016,115,2016-04-03,622608
2016,115,2016-04-03,623184
2016,116,2016-04-04,400121
2016,116,2016-04-04,408061
2016,116,2016-04-04,408234
2016,116,2016-04-04,434137
2016,116,2016-04-04,434378
2016,116,2016-04-04,434671
2016,116,2016-04-04,435079
2016,116,2016-04-04,449107
2016,116,2016-04-04,450275
2016,116,2016-04-04,457454
2016,116,2016-04-04,457708
2016,116,2016-04-04,457727
2016,116,2016-04-04,458677
2016,116,2016-04-04,460059
2016,116,2016-04-04,461865
2016,116,2016-04-04,502110
2016,116,2016-04-04,519455
2016,116,2016-04-04,541652
2016,116,2016-04-04,543238
2016,116,2016-04-04,543278
2016,116,2016-04-04,543510
2016,116,2016-04-04,543935
2016,116,2016-04-04,553970
2016,116,2016-04-04,553988
2016,116,2016-04-04,570615
2016,116,2016-04-04,571510
2016,116,2016-04-04,571656
2016,116,2016-04-04,572308
2016,116,2016-04-04,572403
2016,116,2016-04-04,572888
2016,116,2016-04-04,578428
2016,116,2016-04-04,592144
2016,116,2016-04-04,592206
2016,116,2016-04-04,594815
2016,116,2016-04-04,594986
2016,116,2016-04-04,596057
2016,116,2016-04-04,605242
2016,116,2016-04-04,607385
2016,116,2016-04-04,607951
2016,117,2016-04-04,444857
2016,117,2016-04-04,448609
2016,117,2016-04-04,450212
2016,117,2016-04-04,450729
2016,117,2016-04-04,451661
2016,117,2016-04-04,456124
2016,117,2016-04-04,458675
2016,117,2016-04-04,460576
2016,117,2016-04-04,472528
2016,117,2016-04-04,488771
2016,117,2016-04-04,501789
2016,117,2016-04-04,502087
2016,117,2016-04-04,502381
2016,117,2016-04-04,502748
2016,117,2016-04-04,503556
2016,117,2016-04-04,514888
2016,117,2016-04-04,543521
2016,117,2016-04-04,543807
2016,117,2016-04-04,545331
2016,117,2016-04-04,545337
2016,117,2016-04-04,545350
2016,117,2016-04-04,545358
2016,117,2016-04-04,554054
2016,117,2016-04-04,571666
2016,117,2016-04-04,571704
2016,117,2016-04-04,572066
2016,117,2016-04-04,572138
2016,117,2016-04-04,572971
2016,117,2016-04-04,573668
2016,117,2016-04-04,592274
2016,117,2016-04-04,592879
2016,117,2016-04-04,593140
2016,117,2016-04-04,594311
2016,117,2016-04-04,594828
2016,117,2016-04-04,600944
2016,117,2016-04-04,605397
2016,117,2016-04-04,605512
2016,117,2016-04-04,621043
2016,117,2016-04-04,621121
2016,117,2016-04-04,643603
2016,118,2016-04-02,408299
2016,118,2016-04-02,432934
2016,118,2016-04-02,434778
2016,118,2016-04-02,444876
2016,118,2016-04-02,449181
2016,118,2016-04-02,450172
2016,118,2016-04-02,450306
2016,118,2016-04-02,450665
2016,118,2016-04-02,451584
2016,118,2016-04-02,453178
2016,118,2016-04-02,456715
2016,118,2016-04-02,460024
2016,118,2016-04-02,460077
2016,118,2016-04-02,460086
2016,118,2016-04-02,465657
2016,118,2016-04-02,488810
2016,118,2016-04-02,500874
2016,118,2016-04-02,501985
2016,118,2016-04-02,502481
2016,118,2016-04-02,516969
2016,118,2016-04-02,518397
2016,118,2016-04-02,518568
2016,118,2016-04-02,518633
2016,118,2016-04-02,518649
2016,118,2016-04-02,518716
2016,118,2016-04-02,519058
2016,118,2016-04-02,521692
2016,118,2016-04-02,525768
2016,118,2016-04-02,543169
2016,118,2016-04-02,543333
2016,118,2016-04-02,570649
2016,118,2016-04-02,571681
2016,118,2016-04-02,593527
2016,118,2016-04-02,593528
2016,118,2016-04-02,596144
2016,118,2016-04-02,602083
2016,118,2016-04-02,605253
2016,118,2016-04-02,605490
2016,118,2016-04-02,609275
2016,118,2016-04-02,621219
2016,118,2016-04-02,621381
2016,118,2016-04-02,622092
2016,119,2016-04-03,400284
2016,119,2016-04-03,408236
2016,119,2016-04-03,408307
2016,119,2016-04-03,430599
2016,119,2016-04-03,431148
2016,119,2016-04-03,434442
2016,119,2016-04-03,435062
2016,119,2016-04-03,435221
2016,119,2016-04-03,444843
2016,119,2016-04-03,445276
2016,119,2016-04-03,454560
2016,119,2016-04-03,457759
2016,119,2016-04-03,474463
2016,119,2016-04-03,475100
2016,119,2016-04-03,477132
2016,119,2016-04-03,488786
2016,119,2016-04-03,501593
2016,119,2016-04-03,501822
2016,119,2016-04-03,502051
2016,119,2016-04-03,502211
2016,119,2016-04-03,516910
2016,119,2016-04-03,518586
2016,119,2016-04-03,518735
2016,119,2016-04-03,520980
2016,119,2016-04-03,545346
2016,119,2016-04-03,547943
2016,119,2016-04-03,548389
2016,119,2016-04-03,554340
2016,119,2016-04-03,571771
2016,119,2016-04-03,571893
2016,119,2016-04-03,572204
2016,119,2016-04-03,592626
2016,119,2016-04-03,593423
2016,119,2016-04-03,605131
2016,119,2016-04-03,605194
2016,119,2016-04-03,608369
2016,119,2016-04-03,608672
2016,119,2016-04-03,621962
2016,119,2016-04-03,622072
2016,119,2016-04-03,624577
2016,119,2016-04-03,628317
2016,119,2016-04-03,648717
2016,119,2016-04-03,666888
2016,120,2016-04-03,150029
2016,120,2016-04-03,279571
2016,120,2016-04-03,424144
2016,120,2016-04-03,433589
2016,120,2016-04-03,446653
2016,120,2016-04-03,449097
2016,120,2016-04-03,452220
2016,120,2016-04-03,453286
2016,120,2016-04-03,457787
2016,120,2016-04-03,461829
2016,120,2016-04-03,467092
2016,120,2016-04-03,475582
2016,120,2016-04-03,502317
2016,120,2016-04-03,502517
2016,120,2016-04-03,502578
2016,120,2016-04-03,514669
2016,120,2016-04-03,518863
2016,120,2016-04-03,518875
2016,120,2016-04-03,519184
2016,120,2016-04-03,519208
2016,120,2016-04-03,519301
2016,120,2016-04-03,543685
2016,120,2016-04-03,543699
2016,120,2016-04-03,544925
2016,120,2016-04-03,544931
2016,120,2016-04-03,547180
2016,120,2016-04-03,553878
2016,120,2016-04-03,571718
2016,120,2016-04-03,571851
2016,120,2016-04-03,572191
2016,120,2016-04-03,593582
2016,120,2016-04-03,594694
2016,120,2016-04-03,594840
2016,120,2016-04-03,595014
2016,120,2016-04-03,595297
2016,120,2016-04-03,595918
2016,120,2016-04-03,600474
2016,120,2016-04-03,605452
2016,120,2016-04-03,607208
2016,120,2016-04-03,607471
2016,120,2016-04-03,641627
2016,121,2016-04-02,112526
2016,121,2016-04-02,431151
2016,121,2016-04-02,434158
2016,121,2016-04-02,435522
2016,121,2016-04-02,446263
2016,121,2016-04-02,449104
2016,121,2016-04-02,452678
2016,121,2016-04-02,455374
2016,121,2016-04-02,457477
2016,121,2016-04-02,460283
2016,121,2016-04-02,493316
2016,121,2016-04-02,493472
2016,121,2016-04-02,501571
2016,121,2016-04-02,502368
2016,121,2016-04-02,516714
2016,121,2016-04-02,518595
2016,121,2016-04-02,518774
2016,121,2016-04-02,519294
2016,121,2016-04-02,527038
2016,121,2016-04-02,543219
2016,121,2016-04-02,544727
2016,121,2016-04-02,548337
2016,121,2016-04-02,554430
2016,121,2016-04-02,570663
2016,121,2016-04-02,571927
2016,121,2016-04-02,572831
2016,121,2016-04-02,592340
2016,121,2016-04-02,592570
2016,121,2016-04-02,592665
2016,121,2016-04-02,592789
2016,121,2016-04-02,593679
2016,121,2016-04-02,594798
2016,121,2016-04-02,599096
2016,121,2016-04-02,606160
2016,121,2016-04-02,607043
2016,121,2016-04-02,607229
2016,121,2016-04-02,607625
2016,121,2016-04-02,608700
2016,121,2016-04-02,608703
2016,121,2016-04-02,624424
2016,133,2016-04-03,424825
2016,133,2016-04-03,425492
2016,133,2016-04-03,446099
2016,133,2016-04-03,448179
2016,133,2016-04-03,448281
2016,133,2016-04-03,451775
2016,133,2016-04-03,453539
2016,133,2016-04-03,456714
2016,133,2016-04-03,458085
2016,133,2016-04-03,467094
2016,133,2016-04-03,475174
2016,133,2016-04-03,476704
2016,133,2016-04-03,501981
2016,133,2016-04-03,502143
2016,133,2016-04-03,502210
2016,133,2016-04-03,502285
2016,133,2016-04-03,506693
2016,133,2016-04-03,518911
2016,133,2016-04-03,519105
2016,133,2016-04-03,519240
2016,133,2016-04-03,519295
2016,133,2016-04-03,519299
2016,133,2016-04-03,519390
2016,133,2016-04-03,521230
2016,133,2016-04-03,534910
2016,133,2016-04-03,542993
2016,133,2016-04-03,543243
2016,133,2016-04-03,543760
2016,133,2016-04-03,571439
2016,133,2016-04-03,571970
2016,133,2016-04-03,572033
2016,133,2016-04-03,592192
2016,133,2016-04-03,592660
2016,133,2016-04-03,592811
2016,133,2016-04-03,593417
2016,133,2016-04-03,600524
2016,133,2016-04-03,605135
2016,133,2016-04-03,605525
2016,133,2016-04-03,608665
2016,133,2016-04-03,621563
2016,133,2016-04-03,623430
2016,134,2016-04-02,285064
2016,134,2016-04-02,434538
2016,134,2016-04-02,434604
2016,134,2016-04-02,444379
2016,134,2016-04-02,446481
2016,134,2016-04-02,453172
2016,134,2016-04-02,453265
2016,134,2016-04-02,453343
2016,134,2016-04-02,455755
2016,134,2016-04-02,457705
2016,134,2016-04-02,458720
2016,134,2016-04-02,465041
2016,134,2016-04-02,465753
2016,134,2016-04-02,474568
2016,134,2016-04-02,477003
2016,134,2016-04-02,491703
2016,134,2016-04-02,491708
2016,134,2016-04-02,501896
2016,134,2016-04-02,502046
2016,134,2016-04-02,504379
2016,134,2016-04-02,516782
2016,134,2016-04-02,543037
2016,134,2016-04-02,543270
2016,134,2016-04-02,543281
2016,134,2016-04-02,543456
2016,134,2016-04-02,543746
2016,134,2016-04-02,547912
2016,134,2016-04-02,553869
2016,134,2016-04-02,570256
2016,134,2016-04-02,572876
2016,134,2016-04-02,591994
2016,134,2016-04-02,592468
2016,134,2016-04-02,592791
2016,134,2016-04-02,593700
2016,134,2016-04-02,595386
2016,134,2016-04-02,605137
2016,134,2016-04-02,607192
2016,134,2016-04-02,621559
2016,134,2016-04-02,623912
2016,134,2016-04-02,628356
2016,135,2016-04-03,407819
2016,135,2016-04-03,407845
2016,135,2016-04-03,425834
2016,135,2016-04-03,445055
2016,135,2016-04-03,448306
2016,135,2016-04-03,453646
2016,135,2016-04-03,457754
2016,135,2016-04-03,461314
2016,135,2016-04-03,475115
2016,135,2016-04-03,477165
2016,135,2016-04-03,488748
2016,135,2016-04-03,488768
2016,135,2016-04-03,489267
2016,135,2016-04-03,493351
2016,135,2016-04-03,500208
2016,135,2016-04-03,506560
2016,135,2016-04-03,517369
2016,135,2016-04-03,518466
2016,135,2016-04-03,519083
2016,135,2016-04-03,519141
2016,135,2016-04-03,534812
2016,135,2016-04-03,542194
2016,135,2016-04-03,543105
2016,135,2016-04-03,543506
2016,135,2016-04-03,543508
2016,135,2016-04-03,570714
2016,135,2016-04-03,571473
2016,135,2016-04-03,571976
2016,135,2016-04-03,572362
2016,135,2016-04-03,594027
2016,135,2016-04-03,595978
2016,135,2016-04-03,599998
2016,135,2016-04-03,600526
2016,135,2016-04-03,602922
2016,135,2016-04-03,605486
2016,135,2016-04-03,606131
2016,135,2016-04-03,607067
2016,135,2016-04-03,608671
2016,135,2016-04-03,622534
2016,136,2016-04-03,276542
2016,136,2016-04-03,407908
2016,136,2016-04-03,429664
2016,136,2016-04-03,429711
2016,136,2016-04-03,433587
2016,136,2016-04-03,443558
2016,136,2016-04-03,452234
2016,136,2016-04-03,452252
2016,136,2016-04-03,455104
2016,136,2016-04-03,475857
2016,136,2016-04-03,489119
2016,136,2016-04-03,491696
2016,136,2016-04-03,493114
2016,136,2016-04-03,493193
2016,136,2016-04-03,501992
2016,136,2016-04-03,502182
2016,136,2016-04-03,502523
2016,136,2016-04-03,515052
2016,136,2016-04-03,518553
2016,136,2016-04-03,518703
2016,136,2016-04-03,519267
2016,136,2016-04-03,543557
2016,136,2016-04-03,543716
2016,136,2016-04-03,543883
2016,136,2016-04-03,543921
2016,136,2016-04-03,543964
2016,136,2016-04-03,547874
2016,136,2016-04-03,547982
2016,136,2016-04-03,552662
2016,136,2016-04-03,571467
2016,136,2016-04-03,572020
2016,136,2016-04-03,572122
2016,136,2016-04-03,572287
2016,136,2016-04-03,573064
2016,136,2016-04-03,592533
2016,136,2016-04-03,592836
2016,136,2016-04-03,596143
2016,136,2016-04-03,606466
2016,136,2016-04-03,608167
2016,136,2016-04-03,621035
2016,136,2016-04-03,621471
2016,136,2016-04-03,628338
2016,137,2016-04-03,408241
2016,137,2016-04-03,425657
2016,137,2016-04-03,430912
2016,137,2016-04-03,433586
2016,137,2016-04-03,434636
2016,137,2016-04-03,452254
2016,137,2016-04-03,452655
2016,137,2016-04-03,453923
2016,137,2016-04-03,456501
2016,137,2016-04-03,457763
2016,137,2016-04-03,458678
2016,137,2016-04-03,474832
2016,137,2016-04-03,489265
2016,137,2016-04-03,501303
2016,137,2016-04-03,502004
2016,137,2016-04-03,502188
2016,137,2016-04-03,518516
2016,137,2016-04-03,518715
2016,137,2016-04-03,518790
2016,137,2016-04-03,519326
2016,137,2016-04-03,543063
2016,137,2016-04-03,571687
2016,137,2016-04-03,571882
2016,137,2016-04-03,572180
2016,137,2016-04-03,592612
2016,137,2016-04-03,592620
2016,137,2016-04-03,593340
2016,137,2016-04-03,595345
2016,137,2016-04-03,605143
2016,137,2016-04-03,605195
2016,137,2016-04-03,605412
2016,137,2016-04-03,605509
2016,137,2016-04-03,606167
2016,137,2016-04-03,607185
2016,137,2016-04-03,607727
2016,137,2016-04-03,607776
2016,137,2016-04-03,608717
2016,137,2016-04-03,621389
2016,137,2016-04-03,622110
2016,137,2016-04-03,623143
2016,138,2016-04-02,407812
2016,138,2016-04-02,425509
2016,138,2016-04-02,425794
2016,138,2016-04-02,425877
2016,138,2016-04-02,430910
2016,138,2016-04-02,448802
2016,138,2016-04-02,455009
2016,138,2016-04-02,458681
2016,138,2016-04-02,461235
2016,138,2016-04-02,462515
2016,138,2016-04-02,477229
2016,138,2016-04-02,493200
2016,138,2016-04-02,502054
2016,138,2016-04-02,502190
2016,138,2016-04-02,514913
2016,138,2016-04-02,518700
2016,138,2016-04-02,518771
2016,138,2016-04-02,518883
2016,138,2016-04-02,542883
2016,138,2016-04-02,543779
2016,138,2016-04-02,543939
2016,138,2016-04-02,544928
2016,138,2016-04-02,545341
2016,138,2016-04-02,571431
2016,138,2016-04-02,571685
2016,138,2016-04-02,571757
2016,138,2016-04-02,572000
2016,138,2016-04-02,572039
2016,138,2016-04-02,572096
2016,138,2016-04-02,572761
2016,138,2016-04-02,576397
2016,138,2016-04-02,592815
2016,138,2016-04-02,593372
2016,138,2016-04-02,594824
2016,138,2016-04-02,594835
2016,138,2016-04-02,595307
2016,138,2016-04-02,605508
2016,138,2016-04-02,608379
2016,138,2016-04-02,608641
2016,138,2016-04-02,621199
2016,138,2016-04-02,649557
2016,139,2016-04-02,425766
2016,139,2016-04-02,444436
2016,139,2016-04-02,445968
2016,139,2016-04-02,446334
2016,139,2016-04-02,446386
2016,139,2016-04-02,456665
2016,139,2016-04-02,457775
2016,139,2016-04-02,458584
2016,139,2016-04-02,474233
2016,139,2016-04-02,489149
2016,139,2016-04-02,502042
2016,139,2016-04-02,502171
2016,139,2016-04-02,502202
2016,139,2016-04-02,517008
2016,139,2016-04-02,519043
2016,139,2016-04-02,519306
2016,139,2016-04-02,523253
2016,139,2016-04-02,541640
2016,139,2016-04-02,542882
2016,139,2016-04-02,542921
2016,139,2016-04-02,543144
2016,139,2016-04-02,543484
2016,139,2016-04-02,543543
2016,139,2016-04-02,543606
2016,139,2016-04-02,544836
2016,139,2016-04-02,544993
2016,139,2016-04-02,545338
2016,139,2016-04-02,571479
2016,139,2016-04-02,571912
2016,139,2016-04-02,572128
2016,139,2016-04-02,572816
2016,139,2016-04-02,592166
2016,139,2016-04-02,592200
2016,139,2016-04-02,592604
2016,139,2016-04-02,592767
2016,139,2016-04-02,595032
2016,139,2016-04-02,595281
2016,139,2016-04-02,600301
2016,139,2016-04-02,605260
2016,139,2016-04-02,605483
2016,139,2016-04-02,607188
2016,140,2016-04-03,134181
2016,140,2016-04-03,285078
2016,140,2016-04-03,407890
2016,140,2016-04-03,425783
2016,140,2016-04-03,425902
2016,140,2016-04-03,430935
2016,140,2016-04-03,435622
2016,140,2016-04-03,448605
2016,140,2016-04-03,452666
2016,140,2016-04-03,455139
2016,140,2016-04-03,460269
2016,140,2016-04-03,462101
2016,140,2016-04-03,473879
2016,140,2016-04-03,474521
2016,140,2016-04-03,489294
2016,140,2016-04-03,501817
2016,140,2016-04-03,502706
2016,140,2016-04-03,506433
2016,140,2016-04-03,518617
2016,140,2016-04-03,519048
2016,140,2016-04-03,519168
2016,140,2016-04-03,527048
2016,140,2016-04-03,592222
2016,140,2016-04-03,592261
2016,140,2016-04-03,592346
2016,140,2016-04-03,592407
2016,140,2016-04-03,592426
2016,140,2016-04-03,592712
2016,140,2016-04-03,593643
2016,140,2016-04-03,595777
2016,140,2016-04-03,596059
2016,140,2016-04-03,600917
2016,140,2016-04-03,605226
2016,140,2016-04-03,605309
2016,140,2016-04-03,607259
2016,140,2016-04-03,607309
2016,140,2016-04-03,607387
2016,140,2016-04-03,608336
2016,140,2016-04-03,608577
2016,140,2016-04-03,622795
2016,140,2016-04-03,623182
2016,141,2016-04-02,285079
2016,141,2016-04-02,425856
2016,141,2016-04-02,429665
2016,141,2016-04-02,430832
2016,141,2016-04-02,431145
2016,141,2016-04-02,445926
2016,141,2016-04-02,446381
2016,141,2016-04-02,446399
2016,141,2016-04-02,453064
2016,141,2016-04-02,457918
2016,141,2016-04-02,459431
2016,141,2016-04-02,462136
2016,141,2016-04-02,462985
2016,141,2016-04-02,475253
2016,141,2016-04-02,485567
2016,141,2016-04-02,489365
2016,141,2016-04-02,499624
2016,141,2016-04-02,504186
2016,141,2016-04-02,518625
2016,141,2016-04-02,518626
2016,141,2016-04-02,519322
2016,141,2016-04-02,519381
2016,141,2016-04-02,532077
2016,141,2016-04-02,544759
2016,141,2016-04-02,571553
2016,141,2016-04-02,571800
2016,141,2016-04-02,571901
2016,141,2016-04-02,572193
2016,141,2016-04-02,572365
2016,141,2016-04-02,573186
2016,141,2016-04-02,581527
2016,141,2016-04-02,592647
2016,141,2016-04-02,592717
2016,141,2016-04-02,594985
2016,141,2016-04-02,607170
2016,141,2016-04-02,607352
2016,141,2016-04-02,607680
2016,141,2016-04-02,607962
2016,142,2016-04-03,408045
2016,142,2016-04-03,429722
2016,142,2016-04-03,435559
2016,142,2016-04-03,445060
2016,142,2016-04-03,448178
2016,142,2016-04-03,450282
2016,142,2016-04-03,456488
2016,142,2016-04-03,461833
2016,142,2016-04-03,461858
2016,142,2016-04-03,472551
2016,142,2016-04-03,500871
2016,142,2016-04-03,502043
2016,142,2016-04-03,502272
2016,142,2016-04-03,519151
2016,142,2016-04-03,534737
2016,142,2016-04-03,542454
2016,142,2016-04-03,542455
2016,142,2016-04-03,543242
2016,142,2016-04-03,543308
2016,142,2016-04-03,543507
2016,142,2016-04-03,543542
2016,142,2016-04-03,543548
2016,142,2016-04-03,543859
2016,142,2016-04-03,571974
2016,142,2016-04-03,572821
2016,142,2016-04-03,573124
2016,142,2016-04-03,573627
2016,142,2016-04-03,592696
2016,142,2016-04-03,593871
2016,142,2016-04-03,593934
2016,142,2016-04-03,594951
2016,142,2016-04-03,596146
2016,142,2016-04-03,600915
2016,142,2016-04-03,600968
2016,142,2016-04-03,608638
2016,142,2016-04-03,608648
2016,142,2016-04-03,608691
2016,142,2016-04-03,608724
2016,142,2016-04-03,621439
2016,142,2016-04-03,666560
2016,143,2016-04-03,429667
2016,143,2016-04-03,433217
2016,143,2016-04-03,434563
2016,143,2016-04-03,450203
2016,143,2016-04-03,456696
2016,143,2016-04-03,457448
2016,143,2016-04-03,460701
2016,143,2016-04-03,472610
2016,143,2016-04-03,476451
2016,143,2016-04-03,488721
2016,143,2016-04-03,491646
2016,143,2016-04-03,501986
2016,143,2016-04-03,502034
2016,143,2016-04-03,514917
2016,143,2016-04-03,519085
2016,143,2016-04-03,519237
2016,143,2016-04-03,520471
2016,143,2016-04-03,542587
2016,143,2016-04-03,546318
2016,143,2016-04-03,571437
2016,143,2016-04-03,571527
2016,143,2016-04-03,571786
2016,143,2016-04-03,572182
2016,143,2016-04-03,573131
2016,143,2016-04-03,591693
2016,143,2016-04-03,592527
2016,143,2016-04-03,592826
2016,143,2016-04-03,593576
2016,143,2016-04-03,594742
2016,143,2016-04-03,595191
2016,143,2016-04-03,595751
2016,143,2016-04-03,595963
2016,143,2016-04-03,596451
2016,143,2016-04-03,596748
2016,143,2016-04-03,605125
2016,143,2016-04-03,605227
2016,143,2016-04-03,605388
2016,143,2016-04-03,605396
2016,143,2016-04-03,605400
2016,143,2016-04-03,605894
2016,143,2016-04-03,621385
2016,143,2016-04-03,622772
2016,143,2016-04-03,648737
2016,144,2016-04-03,150229
2016,144,2016-04-03,276351
2016,144,2016-04-03,425796
2016,144,2016-04-03,430637
2016,144,2016-04-03,430947
2016,144,2016-04-03,447714
2016,144,2016-04-03,452095
2016,144,2016-04-03,453211
2016,144,2016-04-03,455976
2016,144,2016-04-03,462382
2016,144,2016-04-03,468396
2016,144,2016-04-03,493343
2016,144,2016-04-03,493596
2016,144,2016-04-03,502032
2016,144,2016-04-03,518692
2016,144,2016-04-03,519437
2016,144,2016-04-03,527054
2016,144,2016-04-03,527055
2016,144,2016-04-03,542255
2016,144,2016-04-03,542432
2016,144,2016-04-03,543391
2016,144,2016-04-03,543901
2016,144,2016-04-03,544365
2016,144,2016-04-03,554234
2016,144,2016-04-03,571871
2016,144,2016-04-03,572089
2016,144,2016-04-03,592145
2016,144,2016-04-03,592181
2016,144,2016-04-03,592314
2016,144,2016-04-03,592433
2016,144,2016-04-03,593495
2016,144,2016-04-03,595465
2016,144,2016-04-03,605374
2016,144,2016-04-03,605480
2016,144,2016-04-03,605538
2016,144,2016-04-03,606291
2016,144,2016-04-03,607054
2016,144,2016-04-03,607231
2016,144,2016-04-03,611177
2016,144,2016-04-03,621408
2016,144,2016-04-03,623406
2016,145,2016-04-03,276519
2016,145,2016-04-03,425900
2016,145,2016-04-03,433579
2016,145,2016-04-03,435043
2016,145,2016-04-03,453222
2016,145,2016-04-03,453222
2016,145,2016-04-03,453943
2016,145,2016-04-03,457706
2016,145,2016-04-03,458006
2016,145,2016-04-03,466320
2016,145,2016-04-03,474029
2016,145,2016-04-03,488671
2016,145,2016-04-03,500779
2016,145,2016-04-03,502009
2016,145,2016-04-03,502085
2016,145,2016-04-03,502593
2016,145,2016-04-03,518858
2016,145,2016-04-03,519242
2016,145,2016-04-03,541645
2016,145,2016-04-03,543359
2016,145,2016-04-03,543434
2016,145,2016-04-03,543742
2016,145,2016-04-03,543776
2016,145,2016-04-03,543900
2016,145,2016-04-03,544725
2016,145,2016-04-03,547989
2016,145,2016-04-03,570560
2016,145,2016-04-03,571476
2016,145,2016-04-03,571602
2016,145,2016-04-03,571665
2016,145,2016-04-03,573135
2016,145,2016-04-03,573589
2016,145,2016-04-03,592165
2016,145,2016-04-03,592454
2016,145,2016-04-03,594809
2016,145,2016-04-03,605304
2016,145,2016-04-03,607074
2016,145,2016-04-03,607345
2016,146,2016-04-04,400085
2016,146,2016-04-04,425772
2016,146,2016-04-04,429719
2016,146,2016-04-04,429780
2016,146,2016-04-04,430661
2016,146,2016-04-04,444520
2016,146,2016-04-04,445197
2016,146,2016-04-04,445988
2016,146,2016-04-04,453400
2016,146,2016-04-04,457768
2016,146,2016-04-04,475479
2016,146,2016-04-04,500743
2016,146,2016-04-04,518618
2016,146,2016-04-04,519317
2016,146,2016-04-04,542303
2016,146,2016-04-04,542513
2016,146,2016-04-04,543045
2016,146,2016-04-04,543054
2016,146,2016-04-04,543408
2016,146,2016-04-04,543518
2016,146,2016-04-04,543829
2016,146,2016-04-04,570632
2016,146,2016-04-04,571506
2016,146,2016-04-04,572309
2016,146,2016-04-04,572718
2016,146,2016-04-04,573109
2016,146,2016-04-04,588751
2016,146,2016-04-04,592169
2016,146,2016-04-04,592593
2016,146,2016-04-04,592663
2016,146,2016-04-04,592885
2016,146,2016-04-04,596331
2016,146,2016-04-04,605169
2016,146,2016-04-04,605222
2016,146,2016-04-04,605228
2016,146,2016-04-04,606424
2016,146,2016-04-04,607457
2016,146,2016-04-04,612272
2016,146,2016-04-04,612672
2016,146,2016-04-04,621295
2016,146,2016-04-04,623395
2016,147,2016-04-04,121347
2016,147,2016-04-04,136860
2016,147,2016-04-04,282332
2016,147,2016-04-04,407893
2016,147,2016-04-04,435263
2016,147,2016-04-04,452104
2016,147,2016-04-04,453056
2016,147,2016-04-04,453192
2016,147,2016-04-04,458731
2016,147,2016-04-04,467100
2016,147,2016-04-04,476454
2016,147,2016-04-04,489446
2016,147,2016-04-04,501381
2016,147,2016-04-04,516770
2016,147,2016-04-04,519222
2016,147,2016-04-04,543135
2016,147,2016-04-04,543305
2016,147,2016-04-04,544369
2016,147,2016-04-04,547888
2016,147,2016-04-04,553883
2016,147,2016-04-04,554429
2016,147,2016-04-04,570666
2016,147,2016-04-04,571761
2016,147,2016-04-04,571951
2016,147,2016-04-04,572021
2016,147,2016-04-04,572038
2016,147,2016-04-04,580792
2016,147,2016-04-04,591720
2016,147,2016-04-04,592127
2016,147,2016-04-04,592325
2016,147,2016-04-04,592705
2016,147,2016-04-04,592741
2016,147,2016-04-04,592863
2016,147,2016-04-04,595885
2016,147,2016-04-04,596142
2016,147,2016-04-04,605338
2016,147,2016-04-04,608701
2016,147,2016-04-04,621397
2016,147,2016-04-04,622663
2016,158,2016-04-03,425626
2016,158,2016-04-03,430641
2016,158,2016-04-03,431094
2016,158,2016-04-03,448614
2016,158,2016-04-03,448855
2016,158,2016-04-03,455117
2016,158,2016-04-03,460075
2016,158,2016-04-03,474892
2016,158,2016-04-03,490063
2016,158,2016-04-03,502026
2016,158,2016-04-03,502624
2016,158,2016-04-03,503449
2016,158,2016-04-03,516414
2016,158,2016-04-03,518468
2016,158,2016-04-03,518960
2016,158,2016-04-03,519076
2016,158,2016-04-03,519293
2016,158,2016-04-03,519421
2016,158,2016-04-03,542340
2016,158,2016-04-03,542642
2016,158,2016-04-03,542979
2016,158,2016-04-03,543380
2016,158,2016-04-03,543590
2016,158,2016-04-03,543594
2016,158,2016-04-03,553872
2016,158,2016-04-03,570267
2016,158,2016-04-03,570717
2016,158,2016-04-03,571697
2016,158,2016-04-03,571911
2016,158,2016-04-03,572788
2016,158,2016-04-03,572958
2016,158,2016-04-03,592341
2016,158,2016-04-03,592680
2016,158,2016-04-03,592804
2016,158,2016-04-03,594555
2016,158,2016-04-03,595023
2016,158,2016-04-03,605200
2016,158,2016-04-03,605288
2016,158,2016-04-03,605347
2016,158,2016-04-03,605439
2016,158,2016-04-03,606115
2016,158,2016-04-03,606930
2016,158,2016-04-03,608349
2017,108,2017-04-02,405395
2017,108,2017-04-02,433589
2017,108,2017-04-02,434718
2017,108,2017-04-02,445060
2017,108,2017-04-02,445926
2017,108,2017-04-02,453284
2017,108,2017-04-02,455117
2017,108,2017-04-02,457727
2017,108,2017-04-02,457732
2017,108,2017-04-02,457787
2017,108,2017-04-02,460060
2017,108,2017-04-02,472528
2017,108,2017-04-02,488862
2017,108,2017-04-02,500724
2017,108,2017-04-02,501625
2017,108,2017-04-02,502032
2017,108,2017-04-02,519184
2017,108,2017-04-02,527043
2017,108,2017-04-02,533167
2017,108,2017-04-02,534606
2017,108,2017-04-02,542208
2017,108,2017-04-02,543068
2017,108,2017-04-02,543542
2017,108,2017-04-02,545337
2017,108,2017-04-02,545361
2017,108,2017-04-02,553883
2017,108,2017-04-02,571760
2017,108,2017-04-02,572044
2017,108,2017-04-02,572070
2017,108,2017-04-02,572140
2017,108,2017-04-02,573046
2017,108,2017-04-02,592135
2017,108,2017-04-02,592230
2017,108,2017-04-02,592743
2017,108,2017-04-02,594777
2017,108,2017-04-02,607374
2017,108,2017-04-02,622161
2017,108,2017-04-02,641871
2017,108,2017-04-02,642091
2017,108,2017-04-02,642229
2017,108,2017-04-02,657670
2017,109,2017-04-01,407822
2017,109,2017-04-01,407845
2017,109,2017-04-01,425772
2017,109,2017-04-01,425844
2017,109,2017-04-01,444482
2017,109,2017-04-01,452666
2017,109,2017-04-01,455104
2017,109,2017-04-01,502671
2017,109,2017-04-01,517414
2017,109,2017-04-01,518614
2017,109,2017-04-01,542609
2017,109,2017-04-01,543302
2017,109,2017-04-01,543331
2017,109,2017-04-01,545121
2017,109,2017-04-01,545332
2017,109,2017-04-01,571578
2017,109,2017-04-01,571757
2017,109,2017-04-01,571863
2017,109,2017-04-01,571875
2017,109,2017-04-01,571946
2017,109,2017-04-01,572008
2017,109,2017-04-01,572041
2017,109,2017-04-01,591712
2017,109,2017-04-01,592273
2017,109,2017-04-01,592662
2017,109,2017-04-01,592836
2017,109,2017-04-01,593647
2017,109,2017-04-01,595373
2017,109,2017-04-01,605113
2017,109,2017-04-01,605151
2017,109,2017-04-01,605177
2017,109,2017-04-01,606466
2017,109,2017-04-01,607455
2017,109,2017-04-01,608475
2017,109,2017-04-01,611093
2017,109,2017-04-01,630111
2017,109,2017-04-01,640463
2017,109,2017-04-01,642073
2017,109,2017-04-01,642736
2017,109,2017-04-01,643327
2017,109,2017-04-01,643355
2017,110,2017-04-02,429666
2017,110,2017-04-02,430945
2017,110,2017-04-02,434622
2017,110,2017-04-02,444432
2017,110,2017-04-02,448801
2017,110,2017-04-02,452234
2017,110,2017-04-02,456078
2017,110,2017-04-02,475247
2017,110,2017-04-02,489119
2017,110,2017-04-02,501957
2017,110,2017-04-02,502154
2017,110,2017-04-02,502226
2017,110,2017-04-02,503285
2017,110,2017-04-02,542947
2017,110,2017-04-02,542960
2017,110,2017-04-02,543118
2017,110,2017-04-02,543376
2017,110,2017-04-02,547957
2017,110,2017-04-02,548337
2017,110,2017-04-02,570731
2017,110,2017-04-02,571710
2017,110,2017-04-02,572073
2017,110,2017-04-02,573064
2017,110,2017-04-02,592170
2017,110,2017-04-02,592329
2017,110,2017-04-02,592332
2017,110,2017-04-02,592518
2017,110,2017-04-02,592869
2017,110,2017-04-02,593679
2017,110,2017-04-02,593969
2017,110,2017-04-02,594742
2017,110,2017-04-02,595296
2017,110,2017-04-02,605164
2017,110,2017-04-02,605541
2017,110,2017-04-02,622338
2017,110,2017-04-02,623993
2017,110,2017-04-02,641646
2017,110,2017-04-02,641820
2017,110,2017-04-02,643354
2017,110,2017-04-02,645848
2017,111,2017-04-02,434670
2017,111,2017-04-02,453214
2017,111,2017-04-02,455759
2017,111,2017-04-02,456030
2017,111,2017-04-02,456034
2017,111,2017-04-02,467055
2017,111,2017-04-02,472551
2017,111,2017-04-02,506702
2017,111,2017-04-02,518886
2017,111,2017-04-02,519048
2017,111,2017-04-02,519141
2017,111,2017-04-02,519144
2017,111,2017-04-02,519242
2017,111,2017-04-02,519443
2017,111,2017-04-02,523260
2017,111,2017-04-02,543726
2017,111,2017-04-02,543877
2017,111,2017-04-02,571788
2017,111,2017-04-02,571918
2017,111,2017-04-02,573016
2017,111,2017-04-02,582494
2017,111,2017-04-02,592390
2017,111,2017-04-02,592710
2017,111,2017-04-02,592731
2017,111,2017-04-02,592804
2017,111,2017-04-02,593428
2017,111,2017-04-02,593523
2017,111,2017-04-02,593958
2017,111,2017-04-02,596064
2017,111,2017-04-02,596119
2017,111,2017-04-02,598264
2017,111,2017-04-02,598265
2017,111,2017-04-02,598271
2017,111,2017-04-02,598287
2017,111,2017-04-02,605141
2017,111,2017-04-02,605476
2017,111,2017-04-02,606273
2017,111,2017-04-02,643217
2017,111,2017-04-02,644443
2017,111,2017-04-02,664701
2017,112,2017-04-01,407793
2017,112,2017-04-01,444468
2017,112,2017-04-01,445055
2017,112,2017-04-01,450314
2017,112,2017-04-01,451584
2017,112,2017-04-01,452657
2017,112,2017-04-01,453562
2017,112,2017-04-01,467008
2017,112,2017-04-01,471083
2017,112,2017-04-01,474463
2017,112,2017-04-01,488846
2017,112,2017-04-01,493157
2017,112,2017-04-01,518748
2017,112,2017-04-01,518792
2017,112,2017-04-01,519203
2017,112,2017-04-01,519333
2017,112,2017-04-01,542231
2017,112,2017-04-01,543294
2017,112,2017-04-01,543557
2017,112,2017-04-01,546991
2017,112,2017-04-01,570240
2017,112,2017-04-01,572750
2017,112,2017-04-01,572955
2017,112,2017-04-01,575929
2017,112,2017-04-01,592178
2017,112,2017-04-01,594772
2017,112,2017-04-01,595238
2017,112,2017-04-01,595879
2017,112,2017-04-01,600303
2017,112,2017-04-01,600869
2017,112,2017-04-01,605156
2017,112,2017-04-01,605170
2017,112,2017-04-01,605218
2017,112,2017-04-01,605333
2017,112,2017-04-01,608365
2017,112,2017-04-01,621219
2017,112,2017-04-01,621249
2017,112,2017-04-01,642239
2017,112,2017-04-01,656941
2017,113,2017-04-02,444857
2017,113,2017-04-02,446359
2017,113,2017-04-02,456701
2017,113,2017-04-02,458015
2017,113,2017-04-02,502028
2017,113,2017-04-02,519023
2017,113,2017-04-02,519322
2017,113,2017-04-02,534947
2017,113,2017-04-02,543101
2017,113,2017-04-02,547179
2017,113,2017-04-02,553993
2017,113,2017-04-02,554374
2017,113,2017-04-02,570489
2017,113,2017-04-02,570810
2017,113,2017-04-02,571466
2017,113,2017-04-02,571561
2017,113,2017-04-02,571697
2017,113,2017-04-02,571740
2017,113,2017-04-02,592120
2017,113,2017-04-02,592169
2017,113,2017-04-02,593974
2017,113,2017-04-02,594807
2017,113,2017-04-02,594988
2017,113,2017-04-02,596112
2017,113,2017-04-02,596331
2017,113,2017-04-02,599096
2017,113,2017-04-02,605232
2017,113,2017-04-02,606157
2017,113,2017-04-02,606299
2017,113,2017-04-02,606959
2017,113,2017-04-02,607219
2017,113,2017-04-02,607237
2017,113,2017-04-02,608385
2017,113,2017-04-02,621072
2017,113,2017-04-02,622491
2017,113,2017-04-02,622492
2017,113,2017-04-02,623182
2017,113,2017-04-02,623451
2017,113,2017-04-02,628452
2017,113,2017-04-02,640447
2017,113,2017-04-02,642003
2017,113,2017-04-02,642156
2017,114,2017-04-02,429665
2017,114,2017-04-02,446372
2017,114,2017-04-02,446386
2017,114,2017-04-02,453192
2017,114,2017-04-02,457429
2017,114,2017-04-02,457706
2017,114,2017-04-02,458708
2017,114,2017-04-02,467793
2017,114,2017-04-02,471911
2017,114,2017-04-02,488726
2017,114,2017-04-02,492841
2017,114,2017-04-02,501659
2017,114,2017-04-02,502082
2017,114,2017-04-02,502083
2017,114,2017-04-02,516910
2017,114,2017-04-02,517593
2017,114,2017-04-02,519096
2017,114,2017-04-02,542888
2017,114,2017-04-02,543228
2017,114,2017-04-02,543401
2017,114,2017-04-02,543766
2017,114,2017-04-02,545333
2017,114,2017-04-02,547379
2017,114,2017-04-02,570481
2017,114,2017-04-02,570482
2017,114,2017-04-02,571572
2017,114,2017-04-02,571980
2017,114,2017-04-02,580792
2017,114,2017-04-02,592102
2017,114,2017-04-02,592330
2017,114,2017-04-02,592644
2017,114,2017-04-02,594736
2017,114,2017-04-02,596019
2017,114,2017-04-02,596049
2017,114,2017-04-02,605182
2017,114,2017-04-02,607320
2017,114,2017-04-02,608070
2017,114,2017-04-02,621173
2017,114,2017-04-02,641490
2017,114,2017-04-02,642336
2017,114,2017-04-02,650490
2017,115,2017-04-02,430589
2017,115,2017-04-02,435622
2017,115,2017-04-02,445197
2017,115,2017-04-02,448602
2017,115,2017-04-02,453568
2017,115,2017-04-02,459429
2017,115,2017-04-02,467827
2017,115,2017-04-02,471865
2017,115,2017-04-02,493603
2017,115,2017-04-02,506560
2017,115,2017-04-02,506924
2017,115,2017-04-02,518452
2017,115,2017-04-02,518813
2017,115,2017-04-02,518934
2017,115,2017-04-02,542436
2017,115,2017-04-02,542881
2017,115,2017-04-02,543022
2017,115,2017-04-02,543234
2017,115,2017-04-02,543475
2017,115,2017-04-02,543734
2017,115,2017-04-02,545064
2017,115,2017-04-02,547172
2017,115,2017-04-02,571448
2017,115,2017-04-02,572863
2017,115,2017-04-02,592351
2017,115,2017-04-02,594580
2017,115,2017-04-02,596115
2017,115,2017-04-02,606132
2017,115,2017-04-02,607536
2017,115,2017-04-02,608032
2017,115,2017-04-02,608566
2017,115,2017-04-02,608596
2017,115,2017-04-02,621106
2017,115,2017-04-02,621311
2017,115,2017-04-02,622075
2017,115,2017-04-02,622608
2017,115,2017-04-02,623184
2017,115,2017-04-02,641438
2017,115,2017-04-02,641958
2017,115,2017-04-02,642162
2017,115,2017-04-02,656546
2017,116,2017-04-03,400121
2017,116,2017-04-03,408061
2017,116,2017-04-03,408234
2017,116,2017-04-03,434378
2017,116,2017-04-03,434671
2017,116,2017-04-03,435079
2017,116,2017-04-03,457708
2017,116,2017-04-03,458677
2017,116,2017-04-03,461865
2017,116,2017-04-03,488671
2017,116,2017-04-03,502110
2017,116,2017-04-03,518445
2017,116,2017-04-03,519455
2017,116,2017-04-03,541652
2017,116,2017-04-03,543278
2017,116,2017-04-03,543308
2017,116,2017-04-03,543484
2017,116,2017-04-03,543510
2017,116,2017-04-03,543935
2017,116,2017-04-03,553988
2017,116,2017-04-03,571510
2017,116,2017-04-03,571656
2017,116,2017-04-03,572403
2017,116,2017-04-03,572888
2017,116,2017-04-03,578428
2017,116,2017-04-03,592206
2017,116,2017-04-03,592444
2017,116,2017-04-03,594867
2017,116,2017-04-03,594986
2017,116,2017-04-03,596057
2017,116,2017-04-03,599683
2017,116,2017-04-03,605242
2017,116,2017-04-03,607385
2017,116,2017-04-03,607951
2017,116,2017-04-03,621385
2017,116,2017-04-03,622505
2017,116,2017-04-03,622783
2017,117,2017-04-02,136860
2017,117,2017-04-02,435263
2017,117,2017-04-02,448609
2017,117,2017-04-02,450203
2017,117,2017-04-02,493114
2017,117,2017-04-02,493329
2017,117,2017-04-02,501789
2017,117,2017-04-02,502210
2017,117,2017-04-02,502381
2017,117,2017-04-02,502748
2017,117,2017-04-02,503556
2017,117,2017-04-02,514888
2017,117,2017-04-02,543521
2017,117,2017-04-02,543807
2017,117,2017-04-02,545331
2017,117,2017-04-02,545350
2017,117,2017-04-02,571666
2017,117,2017-04-02,571704
2017,117,2017-04-02,572086
2017,117,2017-04-02,572208
2017,117,2017-04-02,572971
2017,117,2017-04-02,592567
2017,117,2017-04-02,593140
2017,117,2017-04-02,594056
2017,117,2017-04-02,594311
2017,117,2017-04-02,594828
2017,117,2017-04-02,600944
2017,117,2017-04-02,605397
2017,117,2017-04-02,605512
2017,117,2017-04-02,606192
2017,117,2017-04-02,606965
2017,117,2017-04-02,607223
2017,117,2017-04-02,608324
2017,117,2017-04-02,621043
2017,117,2017-04-02,621121
2017,117,2017-04-02,624586
2017,117,2017-04-02,643393
2017,117,2017-04-02,643603
2017,118,2017-04-02,432934
2017,118,2017-04-02,434628
2017,118,2017-04-02,444876
2017,118,2017-04-02,449181
2017,118,2017-04-02,450306
2017,118,2017-04-02,453178
2017,118,2017-04-02,456715
2017,118,2017-04-02,460077
2017,118,2017-04-02,460086
2017,118,2017-04-02,461235
2017,118,2017-04-02,465657
2017,118,2017-04-02,475243
2017,118,2017-04-02,493247
2017,118,2017-04-02,501985
2017,118,2017-04-02,501992
2017,118,2017-04-02,516969
2017,118,2017-04-02,518397
2017,118,2017-04-02,518568
2017,118,2017-04-02,518633
2017,118,2017-04-02,519058
2017,118,2017-04-02,521692
2017,118,2017-04-02,542993
2017,118,2017-04-02,543169
2017,118,2017-04-02,543333
2017,118,2017-04-02,593160
2017,118,2017-04-02,593527
2017,118,2017-04-02,593528
2017,118,2017-04-02,595956
2017,118,2017-04-02,596001
2017,118,2017-04-02,596144
2017,118,2017-04-02,598284
2017,118,2017-04-02,602083
2017,118,2017-04-02,605253
2017,118,2017-04-02,605490
2017,118,2017-04-02,609275
2017,118,2017-04-02,621381
2017,118,2017-04-02,622092
2017,118,2017-04-02,624585
2017,118,2017-04-02,641531
2017,118,2017-04-02,641838
2017,118,2017-04-02,642279
2017,118,2017-04-02,643294
2017,119,2017-04-02,400284
2017,119,2017-04-02,408236
2017,119,2017-04-02,429711
2017,119,2017-04-02,431148
2017,119,2017-04-02,435221
2017,119,2017-04-02,444843
2017,119,2017-04-02,445276
2017,119,2017-04-02,448179
2017,119,2017-04-02,451661
2017,119,2017-04-02,457759
2017,119,2017-04-02,475100
2017,119,2017-04-02,477132
2017,119,2017-04-02,489265
2017,119,2017-04-02,501593
2017,119,2017-04-02,501822
2017,119,2017-04-02,502051
2017,119,2017-04-02,518649
2017,119,2017-04-02,518735
2017,119,2017-04-02,520980
2017,119,2017-04-02,523253
2017,119,2017-04-02,547943
2017,119,2017-04-02,548389
2017,119,2017-04-02,554340
2017,119,2017-04-02,571657
2017,119,2017-04-02,571771
2017,119,2017-04-02,571893
2017,119,2017-04-02,572204
2017,119,2017-04-02,574847
2017,119,2017-04-02,592626
2017,119,2017-04-02,592779
2017,119,2017-04-02,592808
2017,119,2017-04-02,594795
2017,119,2017-04-02,605131
2017,119,2017-04-02,608369
2017,119,2017-04-02,621035
2017,119,2017-04-02,622072
2017,119,2017-04-02,624577
2017,119,2017-04-02,628317
2017,119,2017-04-02,628711
2017,119,2017-04-02,642008
2017,120,2017-04-02,150029
2017,120,2017-04-02,424144
2017,120,2017-04-02,430599
2017,120,2017-04-02,446308
2017,120,2017-04-02,446653
2017,120,2017-04-02,452220
2017,120,2017-04-02,452252
2017,120,2017-04-02,453286
2017,120,2017-04-02,461829
2017,120,2017-04-02,475582
2017,120,2017-04-02,502317
2017,120,2017-04-02,502517
2017,120,2017-04-02,514669
2017,120,2017-04-02,518875
2017,120,2017-04-02,519301
2017,120,2017-04-02,543685
2017,120,2017-04-02,543699
2017,120,2017-04-02,544836
2017,120,2017-04-02,544931
2017,120,2017-04-02,547180
2017,120,2017-04-02,571718
2017,120,2017-04-02,572191
2017,120,2017-04-02,592530
2017,120,2017-04-02,594694
2017,120,2017-04-02,594809
2017,120,2017-04-02,594840
2017,120,2017-04-02,595014
2017,120,2017-04-02,595918
2017,120,2017-04-02,600466
2017,120,2017-04-02,600474
2017,120,2017-04-02,605452
2017,120,2017-04-02,605474
2017,120,2017-04-02,606983
2017,120,2017-04-02,607208
2017,120,2017-04-02,613534
2017,120,2017-04-02,622441
2017,120,2017-04-02,622772
2017,120,2017-04-02,641627
2017,121,2017-04-02,408314
2017,121,2017-04-02,425784
2017,121,2017-04-02,431151
2017,121,2017-04-02,434158
2017,121,2017-04-02,435522
2017,121,2017-04-02,446263
2017,121,2017-04-02,452678
2017,121,2017-04-02,457803
2017,121,2017-04-02,460283
2017,121,2017-04-02,477569
2017,121,2017-04-02,493316
2017,121,2017-04-02,501571
2017,121,2017-04-02,518595
2017,121,2017-04-02,518774
2017,121,2017-04-02,519294
2017,121,2017-04-02,527038
2017,121,2017-04-02,543219
2017,121,2017-04-02,554430
2017,121,2017-04-02,570663
2017,121,2017-04-02,571841
2017,121,2017-04-02,571927
2017,121,2017-04-02,572831
2017,121,2017-04-02,592340
2017,121,2017-04-02,592665
2017,121,2017-04-02,592789
2017,121,2017-04-02,594798
2017,121,2017-04-02,606160
2017,121,2017-04-02,607043
2017,121,2017-04-02,607229
2017,121,2017-04-02,607625
2017,121,2017-04-02,608061
2017,121,2017-04-02,608325
2017,121,2017-04-02,608700
2017,121,2017-04-02,608703
2017,121,2017-04-02,610141
2017,121,2017-04-02,621512
2017,121,2017-04-02,622506
2017,121,2017-04-02,623167
2017,121,2017-04-02,624424
2017,121,2017-04-02,642708
2017,133,2017-04-02,425492
2017,133,2017-04-02,433586
2017,133,2017-04-02,434658
2017,133,2017-04-02,446099
2017,133,2017-04-02,448281
2017,133,2017-04-02,459964
2017,133,2017-04-02,461858
2017,133,2017-04-02,475174
2017,133,2017-04-02,476704
2017,133,2017-04-02,489267
2017,133,2017-04-02,501981
2017,133,2017-04-02,519295
2017,133,2017-04-02,519390
2017,133,2017-04-02,521230
2017,133,2017-04-02,534910
2017,133,2017-04-02,543056
2017,133,2017-04-02,543243
2017,133,2017-04-02,543760
2017,133,2017-04-02,572033
2017,133,2017-04-02,592192
2017,133,2017-04-02,592387
2017,133,2017-04-02,592811
2017,133,2017-04-02,592833
2017,133,2017-04-02,593417
2017,133,2017-04-02,593423
2017,133,2017-04-02,595144
2017,133,2017-04-02,596043
2017,133,2017-04-02,600524
2017,133,2017-04-02,605135
2017,133,2017-04-02,605194
2017,133,2017-04-02,608665
2017,133,2017-04-02,620439
2017,133,2017-04-02,621112
2017,133,2017-04-02,621563
2017,133,2017-04-02,621566
2017,133,2017-04-02,622168
2017,133,2017-04-02,622194
2017,133,2017-04-02,623430
2017,133,2017-04-02,640455
2017,133,2017-04-02,640461
2017,134,2017-04-02,444379
2017,134,2017-04-02,453265
2017,134,2017-04-02,453281
2017,134,2017-04-02,455374
2017,134,2017-04-02,455755
2017,134,2017-04-02,457705
2017,134,2017-04-02,465041
2017,134,2017-04-02,467100
2017,134,2017-04-02,474568
2017,134,2017-04-02,501896
2017,134,2017-04-02,504379
2017,134,2017-04-02,516782
2017,134,2017-04-02,519263
2017,134,2017-04-02,543037
2017,134,2017-04-02,543281
2017,134,2017-04-02,543339
2017,134,2017-04-02,547912
2017,134,2017-04-02,553869
2017,134,2017-04-02,553878
2017,134,2017-04-02,570256
2017,134,2017-04-02,571800
2017,134,2017-04-02,572990
2017,134,2017-04-02,591741
2017,134,2017-04-02,592468
2017,134,2017-04-02,592791
2017,134,2017-04-02,592866
2017,134,2017-04-02,593700
2017,134,2017-04-02,594838
2017,134,2017-04-02,596720
2017,134,2017-04-02,605137
2017,134,2017-04-02,605280
2017,134,2017-04-02,607192
2017,134,2017-04-02,607471
2017,134,2017-04-02,621559
2017,134,2017-04-02,624428
2017,134,2017-04-02,641771
2017,134,2017-04-02,643230
2017,135,2017-04-02,430947
2017,135,2017-04-02,450308
2017,135,2017-04-02,453385
2017,135,2017-04-02,468504
2017,135,2017-04-02,488748
2017,135,2017-04-02,489334
2017,135,2017-04-02,500208
2017,135,2017-04-02,502239
2017,135,2017-04-02,516949
2017,135,2017-04-02,534812
2017,135,2017-04-02,542194
2017,135,2017-04-02,543054
2017,135,2017-04-02,543105
2017,135,2017-04-02,543184
2017,135,2017-04-02,543272
2017,135,2017-04-02,543506
2017,135,2017-04-02,545346
2017,135,2017-04-02,571473
2017,135,2017-04-02,571976
2017,135,2017-04-02,572114
2017,135,2017-04-02,572362
2017,135,2017-04-02,592433
2017,135,2017-04-02,592669
2017,135,2017-04-02,595978
2017,135,2017-04-02,596143
2017,135,2017-04-02,600526
2017,135,2017-04-02,602922
2017,135,2017-04-02,605169
2017,135,2017-04-02,605486
2017,135,2017-04-02,606131
2017,135,2017-04-02,607067
2017,135,2017-04-02,608671
2017,135,2017-04-02,614173
2017,135,2017-04-02,614179
2017,135,2017-04-02,620443
2017,135,2017-04-02,621141
2017,135,2017-04-02,622534
2017,135,2017-04-02,622766
2017,135,2017-04-02,641319
2017,135,2017-04-02,642707
2017,135,2017-04-02,642770
2017,136,2017-04-02,429664
2017,136,2017-04-02,433587
2017,136,2017-04-02,434563
2017,136,2017-04-02,443558
2017,136,2017-04-02,451596
2017,136,2017-04-02,488912
2017,136,2017-04-02,502143
2017,136,2017-04-02,502272
2017,136,2017-04-02,502481
2017,136,2017-04-02,502523
2017,136,2017-04-02,516416
2017,136,2017-04-02,518553
2017,136,2017-04-02,518790
2017,136,2017-04-02,519240
2017,136,2017-04-02,519267
2017,136,2017-04-02,543883
2017,136,2017-04-02,543964
2017,136,2017-04-02,547007
2017,136,2017-04-02,547874
2017,136,2017-04-02,547982
2017,136,2017-04-02,571745
2017,136,2017-04-02,572020
2017,136,2017-04-02,572021
2017,136,2017-04-02,572122
2017,136,2017-04-02,572287
2017,136,2017-04-02,592325
2017,136,2017-04-02,592614
2017,136,2017-04-02,592637
2017,136,2017-04-02,592767
2017,136,2017-04-02,596129
2017,136,2017-04-02,600301
2017,136,2017-04-02,600986
2017,136,2017-04-02,608328
2017,136,2017-04-02,621242
2017,136,2017-04-02,623406
2017,136,2017-04-02,628338
2017,136,2017-04-02,643316
2017,136,2017-04-02,656186
2017,136,2017-04-02,657205
2017,136,2017-04-02,664641
2017,137,2017-04-01,430912
2017,137,2017-04-01,452254
2017,137,2017-04-01,452655
2017,137,2017-04-01,453343
2017,137,2017-04-01,456488
2017,137,2017-04-01,456501
2017,137,2017-04-01,457763
2017,137,2017-04-01,460026
2017,137,2017-04-01,474832
2017,137,2017-04-01,491676
2017,137,2017-04-01,502004
2017,137,2017-04-01,502188
2017,137,2017-04-01,518516
2017,137,2017-04-01,518715
2017,137,2017-04-01,519043
2017,137,2017-04-01,519293
2017,137,2017-04-01,519326
2017,137,2017-04-01,543063
2017,137,2017-04-01,543216
2017,137,2017-04-01,544150
2017,137,2017-04-01,571687
2017,137,2017-04-01,571882
2017,137,2017-04-01,592438
2017,137,2017-04-01,592612
2017,137,2017-04-01,592620
2017,137,2017-04-01,592753
2017,137,2017-04-01,593340
2017,137,2017-04-01,593525
2017,137,2017-04-01,595345
2017,137,2017-04-01,605143
2017,137,2017-04-01,605195
2017,137,2017-04-01,605412
2017,137,2017-04-01,605509
2017,137,2017-04-01,606625
2017,137,2017-04-01,607185
2017,137,2017-04-01,607776
2017,137,2017-04-01,608717
2017,137,2017-04-01,621389
2017,137,2017-04-01,622497
2017,137,2017-04-01,623143
2017,138,2017-04-01,425509
2017,138,2017-04-01,425794
2017,138,2017-04-01,425877
2017,138,2017-04-01,435043
2017,138,2017-04-01,446399
2017,138,2017-04-01,451594
2017,138,2017-04-01,455009
2017,138,2017-04-01,458681
2017,138,2017-04-01,462515
2017,138,2017-04-01,493200
2017,138,2017-04-01,500874
2017,138,2017-04-01,502054
2017,138,2017-04-01,502190
2017,138,2017-04-01,518700
2017,138,2017-04-01,543779
2017,138,2017-04-01,543939
2017,138,2017-04-01,544928
2017,138,2017-04-01,545341
2017,138,2017-04-01,571431
2017,138,2017-04-01,571685
2017,138,2017-04-01,572039
2017,138,2017-04-01,572096
2017,138,2017-04-01,572761
2017,138,2017-04-01,576397
2017,138,2017-04-01,591971
2017,138,2017-04-01,592815
2017,138,2017-04-01,592858
2017,138,2017-04-01,593372
2017,138,2017-04-01,594577
2017,138,2017-04-01,594824
2017,138,2017-04-01,594835
2017,138,2017-04-01,596133
2017,138,2017-04-01,607231
2017,138,2017-04-01,608348
2017,138,2017-04-01,608379
2017,138,2017-04-01,608421
2017,138,2017-04-01,621052
2017,138,2017-04-01,621199
2017,138,2017-04-01,624641
2017,138,2017-04-01,642423
2017,138,2017-04-01,649557
2017,139,2017-04-01,430001
2017,139,2017-04-01,446334
2017,139,2017-04-01,458584
2017,139,2017-04-01,458675
2017,139,2017-04-01,467092
2017,139,2017-04-01,471822
2017,139,2017-04-01,474521
2017,139,2017-04-01,488721
2017,139,2017-04-01,488984
2017,139,2017-04-01,489149
2017,139,2017-04-01,491696
2017,139,2017-04-01,502042
2017,139,2017-04-01,502171
2017,139,2017-04-01,502202
2017,139,2017-04-01,517008
2017,139,2017-04-01,519083
2017,139,2017-04-01,519306
2017,139,2017-04-01,541640
2017,139,2017-04-01,542882
2017,139,2017-04-01,542921
2017,139,2017-04-01,543135
2017,139,2017-04-01,543144
2017,139,2017-04-01,543543
2017,139,2017-04-01,543606
2017,139,2017-04-01,571912
2017,139,2017-04-01,572816
2017,139,2017-04-01,592200
2017,139,2017-04-01,592254
2017,139,2017-04-01,592773
2017,139,2017-04-01,595032
2017,139,2017-04-01,595281
2017,139,2017-04-01,605260
2017,139,2017-04-01,605480
2017,139,2017-04-01,605483
2017,139,2017-04-01,607188
2017,139,2017-04-01,621002
2017,139,2017-04-01,621056
2017,139,2017-04-01,621237
2017,139,2017-04-01,621289
2017,139,2017-04-01,622110
2017,139,2017-04-01,623439
2017,139,2017-04-01,629496
2017,139,2017-04-01,642715
2017,139,2017-04-01,643493
2017,140,2017-04-02,134181
2017,140,2017-04-02,425783
2017,140,2017-04-02,425902
2017,140,2017-04-02,430935
2017,140,2017-04-02,435063
2017,140,2017-04-02,455139
2017,140,2017-04-02,456167
2017,140,2017-04-02,456713
2017,140,2017-04-02,460576
2017,140,2017-04-02,462101
2017,140,2017-04-02,473879
2017,140,2017-04-02,475115
2017,140,2017-04-02,488768
2017,140,2017-04-02,489294
2017,140,2017-04-02,501817
2017,140,2017-04-02,502026
2017,140,2017-04-02,506433
2017,140,2017-04-02,516714
2017,140,2017-04-02,518617
2017,140,2017-04-02,518716
2017,140,2017-04-02,518960
2017,140,2017-04-02,527048
2017,140,2017-04-02,543195
2017,140,2017-04-02,592222
2017,140,2017-04-02,592261
2017,140,2017-04-02,592346
2017,140,2017-04-02,592592
2017,140,2017-04-02,592685
2017,140,2017-04-02,592712
2017,140,2017-04-02,593643
2017,140,2017-04-02,595777
2017,140,2017-04-02,596059
2017,140,2017-04-02,600917
2017,140,2017-04-02,605226
2017,140,2017-04-02,605309
2017,140,2017-04-02,607259
2017,140,2017-04-02,607387
2017,140,2017-04-02,608336
2017,140,2017-04-02,608577
2017,140,2017-04-02,608597
2017,140,2017-04-02,621281
2017,140,2017-04-02,622795
2017,140,2017-04-02,623434
2017,141,2017-04-02,276351
2017,141,2017-04-02,430832
2017,141,2017-04-02,431145
2017,141,2017-04-02,434442
2017,141,2017-04-02,434538
2017,141,2017-04-02,434778
2017,141,2017-04-02,446381
2017,141,2017-04-02,453064
2017,141,2017-04-02,456665
2017,141,2017-04-02,457454
2017,141,2017-04-02,457918
2017,141,2017-04-02,462136
2017,141,2017-04-02,475253
2017,141,2017-04-02,485567
2017,141,2017-04-02,492802
2017,141,2017-04-02,501925
2017,141,2017-04-02,518626
2017,141,2017-04-02,532077
2017,141,2017-04-02,544759
2017,141,2017-04-02,546990
2017,141,2017-04-02,571553
2017,141,2017-04-02,571616
2017,141,2017-04-02,571901
2017,141,2017-04-02,572193
2017,141,2017-04-02,572365
2017,141,2017-04-02,573186
2017,141,2017-04-02,581527
2017,141,2017-04-02,592130
2017,141,2017-04-02,592647
2017,141,2017-04-02,592717
2017,141,2017-04-02,607352
2017,141,2017-04-02,607680
2017,141,2017-04-02,608678
2017,141,2017-04-02,620446
2017,141,2017-04-02,621366
2017,141,2017-04-02,623912
2017,141,2017-04-02,627262
2017,141,2017-04-02,642098
2017,141,2017-04-02,666971
2017,142,2017-04-02,279571
2017,142,2017-04-02,408045
2017,142,2017-04-02,429722
2017,142,2017-04-02,444520
2017,142,2017-04-02,445213
2017,142,2017-04-02,450282
2017,142,2017-04-02,460269
2017,142,2017-04-02,461833
2017,142,2017-04-02,488771
2017,142,2017-04-02,500871
2017,142,2017-04-02,501303
2017,142,2017-04-02,502043
2017,142,2017-04-02,502327
2017,142,2017-04-02,519151
2017,142,2017-04-02,542454
2017,142,2017-04-02,542953
2017,142,2017-04-02,543257
2017,142,2017-04-02,543507
2017,142,2017-04-02,543859
2017,142,2017-04-02,571974
2017,142,2017-04-02,572821
2017,142,2017-04-02,573124
2017,142,2017-04-02,573627
2017,142,2017-04-02,592696
2017,142,2017-04-02,593871
2017,142,2017-04-02,593934
2017,142,2017-04-02,594951
2017,142,2017-04-02,594953
2017,142,2017-04-02,595234
2017,142,2017-04-02,596146
2017,142,2017-04-02,600968
2017,142,2017-04-02,602928
2017,142,2017-04-02,606167
2017,142,2017-04-02,608638
2017,142,2017-04-02,608648
2017,142,2017-04-02,608691
2017,142,2017-04-02,621244
2017,142,2017-04-02,621439
2017,142,2017-04-02,622713
2017,142,2017-04-02,622864
2017,142,2017-04-02,641598
2017,142,2017-04-02,643335
2017,143,2017-04-02,276542
2017,143,2017-04-02,433217
2017,143,2017-04-02,435062
2017,143,2017-04-02,450212
2017,143,2017-04-02,453329
2017,143,2017-04-02,459431
2017,143,2017-04-02,472610
2017,143,2017-04-02,476451
2017,143,2017-04-02,491646
2017,143,2017-04-02,514917
2017,143,2017-04-02,519237
2017,143,2017-04-02,520471
2017,143,2017-04-02,537953
2017,143,2017-04-02,546318
2017,143,2017-04-02,570257
2017,143,2017-04-02,571437
2017,143,2017-04-02,571446
2017,143,2017-04-02,571830
2017,143,2017-04-02,591693
2017,143,2017-04-02,592826
2017,143,2017-04-02,593576
2017,143,2017-04-02,594902
2017,143,2017-04-02,595191
2017,143,2017-04-02,595284
2017,143,2017-04-02,595426
2017,143,2017-04-02,595751
2017,143,2017-04-02,596451
2017,143,2017-04-02,596748
2017,143,2017-04-02,601713
2017,143,2017-04-02,605388
2017,143,2017-04-02,605400
2017,143,2017-04-02,608384
2017,143,2017-04-02,610143
2017,143,2017-04-02,620982
2017,143,2017-04-02,621044
2017,143,2017-04-02,621107
2017,143,2017-04-02,622097
2017,143,2017-04-02,622226
2017,143,2017-04-02,622556
2017,143,2017-04-02,623454
2017,144,2017-04-02,112526
2017,144,2017-04-02,285079
2017,144,2017-04-02,408252
2017,144,2017-04-02,435559
2017,144,2017-04-02,446481
2017,144,2017-04-02,447714
2017,144,2017-04-02,448802
2017,144,2017-04-02,452095
2017,144,2017-04-02,455976
2017,144,2017-04-02,461314
2017,144,2017-04-02,462382
2017,144,2017-04-02,466988
2017,144,2017-04-02,475054
2017,144,2017-04-02,488818
2017,144,2017-04-02,489232
2017,144,2017-04-02,518567
2017,144,2017-04-02,518692
2017,144,2017-04-02,527054
2017,144,2017-04-02,527055
2017,144,2017-04-02,542255
2017,144,2017-04-02,542432
2017,144,2017-04-02,547004
2017,144,2017-04-02,571871
2017,144,2017-04-02,592145
2017,144,2017-04-02,592314
2017,144,2017-04-02,592422
2017,144,2017-04-02,592426
2017,144,2017-04-02,592570
2017,144,2017-04-02,594760
2017,144,2017-04-02,595465
2017,144,2017-04-02,605338
2017,144,2017-04-02,605538
2017,144,2017-04-02,606291
2017,144,2017-04-02,607054
2017,144,2017-04-02,608331
2017,144,2017-04-02,608371
2017,144,2017-04-02,608672
2017,144,2017-04-02,611177
2017,144,2017-04-02,621020
2017,144,2017-04-02,622666
2017,144,2017-04-02,633831
2017,145,2017-04-03,434567
2017,145,2017-04-03,448306
2017,145,2017-04-03,453943
2017,145,2017-04-03,456068
2017,145,2017-04-03,461872
2017,145,2017-04-03,466320
2017,145,2017-04-03,474029
2017,145,2017-04-03,500779
2017,145,2017-04-03,502085
2017,145,2017-04-03,502593
2017,145,2017-04-03,502706
2017,145,2017-04-03,518858
2017,145,2017-04-03,541645
2017,145,2017-04-03,543359
2017,145,2017-04-03,544725
2017,145,2017-04-03,547989
2017,145,2017-04-03,553882
2017,145,2017-04-03,554054
2017,145,2017-04-03,570560
2017,145,2017-04-03,571476
2017,145,2017-04-03,571602
2017,145,2017-04-03,573135
2017,145,2017-04-03,573589
2017,145,2017-04-03,573668
2017,145,2017-04-03,591994
2017,145,2017-04-03,592229
2017,145,2017-04-03,592454
2017,145,2017-04-03,594576
2017,145,2017-04-03,605125
2017,145,2017-04-03,605508
2017,145,2017-04-03,607074
2017,145,2017-04-03,608334
2017,145,2017-04-03,608337
2017,145,2017-04-03,625643
2017,145,2017-04-03,641313
2017,145,2017-04-03,641501
2017,145,2017-04-03,641553
2017,145,2017-04-03,643329
2017,145,2017-04-03,660162
2017,146,2017-04-02,400085
2017,146,2017-04-02,430661
2017,146,2017-04-02,445988
2017,146,2017-04-02,446899
2017,146,2017-04-02,450172
2017,146,2017-04-02,454560
2017,146,2017-04-02,475479
2017,146,2017-04-02,489138
2017,146,2017-04-02,500743
2017,146,2017-04-02,502046
2017,146,2017-04-02,518618
2017,146,2017-04-02,519317
2017,146,2017-04-02,542303
2017,146,2017-04-02,542513
2017,146,2017-04-02,543017
2017,146,2017-04-02,543045
2017,146,2017-04-02,543329
2017,146,2017-04-02,543408
2017,146,2017-04-02,543592
2017,146,2017-04-02,543829
2017,146,2017-04-02,547749
2017,146,2017-04-02,570632
2017,146,2017-04-02,570639
2017,146,2017-04-02,571506
2017,146,2017-04-02,573109
2017,146,2017-04-02,573185
2017,146,2017-04-02,588751
2017,146,2017-04-02,592593
2017,146,2017-04-02,592663
2017,146,2017-04-02,592885
2017,146,2017-04-02,594027
2017,146,2017-04-02,595375
2017,146,2017-04-02,605894
2017,146,2017-04-02,606424
2017,146,2017-04-02,607457
2017,146,2017-04-02,608716
2017,146,2017-04-02,612672
2017,146,2017-04-02,621295
2017,146,2017-04-02,623395
2017,146,2017-04-02,628333
2017,147,2017-04-01,282332
2017,147,2017-04-01,407812
2017,147,2017-04-01,452104
2017,147,2017-04-01,453056
2017,147,2017-04-01,458731
2017,147,2017-04-01,461325
2017,147,2017-04-01,474892
2017,147,2017-04-01,476454
2017,147,2017-04-01,476589
2017,147,2017-04-01,501381
2017,147,2017-04-01,516770
2017,147,2017-04-01,518927
2017,147,2017-04-01,519222
2017,147,2017-04-01,543305
2017,147,2017-04-01,543309
2017,147,2017-04-01,544369
2017,147,2017-04-01,547888
2017,147,2017-04-01,547973
2017,147,2017-04-01,570666
2017,147,2017-04-01,571951
2017,147,2017-04-01,591720
2017,147,2017-04-01,592122
2017,147,2017-04-01,592127
2017,147,2017-04-01,592450
2017,147,2017-04-01,592741
2017,147,2017-04-01,592863
2017,147,2017-04-01,593334
2017,147,2017-04-01,595885
2017,147,2017-04-01,596142
2017,147,2017-04-01,606149
2017,147,2017-04-01,606162
2017,147,2017-04-01,608650
2017,147,2017-04-01,608701
2017,147,2017-04-01,609280
2017,147,2017-04-01,621294
2017,147,2017-04-01,622663
2017,147,2017-04-01,622703
2017,147,2017-04-01,622761
2017,147,2017-04-01,643338
2017,147,2017-04-01,656547
2017,158,2017-04-02,444489
2017,158,2017-04-02,448614
2017,158,2017-04-02,448855
2017,158,2017-04-02,453172
2017,158,2017-04-02,460075
2017,158,2017-04-02,490063
2017,158,2017-04-02,491703
2017,158,2017-04-02,501697
2017,158,2017-04-02,502624
2017,158,2017-04-02,503449
2017,158,2017-04-02,518468
2017,158,2017-04-02,519076
2017,158,2017-04-02,519346
2017,158,2017-04-02,541650
2017,158,2017-04-02,542340
2017,158,2017-04-02,542583
2017,158,2017-04-02,542908
2017,158,2017-04-02,542979
2017,158,2017-04-02,543380
2017,158,2017-04-02,543548
2017,158,2017-04-02,543590
2017,158,2017-04-02,543768
2017,158,2017-04-02,570267
2017,158,2017-04-02,571911
2017,158,2017-04-02,572180
2017,158,2017-04-02,572788
2017,158,2017-04-02,592680
2017,158,2017-04-02,592865
2017,158,2017-04-02,605200
2017,158,2017-04-02,605288
2017,158,2017-04-02,605347
2017,158,2017-04-02,605439
2017,158,2017-04-02,606115
2017,158,2017-04-02,606930
2017,158,2017-04-02,608349
2017,158,2017-04-02,608718
2017,158,2017-04-02,621433
2017,158,2017-04-02,621446
2017,158,2017-04-02,623352
2017,158,2017-04-02,641477
2018,108,2018-03-28,405395
2018,108,2018-03-28,425784
2018,108,2018-03-28,435079
2018,108,2018-03-28,446359
2018,108,2018-03-28,453284
2018,108,2018-03-28,455117
2018,108,2018-03-28,455759
2018,108,2018-03-28,457708
2018,108,2018-03-28,462382
2018,108,2018-03-28,472528
2018,108,2018-03-28,492802
2018,108,2018-03-28,500724
2018,108,2018-03-28,501625
2018,108,2018-03-28,502028
2018,108,2018-03-28,518466
2018,108,2018-03-28,527043
2018,108,2018-03-28,533167
2018,108,2018-03-28,543542
2018,108,2018-03-28,545337
2018,108,2018-03-28,545361
2018,108,2018-03-28,570240
2018,108,2018-03-28,571760
2018,108,2018-03-28,572070
2018,108,2018-03-28,572140
2018,108,2018-03-28,592135
2018,108,2018-03-28,592170
2018,108,2018-03-28,592230
2018,108,2018-03-28,592743
2018,108,2018-03-28,594777
2018,108,2018-03-28,598287
2018,108,2018-03-28,607374
2018,108,2018-03-28,612792
2018,108,2018-03-28,622161
2018,108,2018-03-28,641684
2018,108,2018-03-28,641871
2018,108,2018-03-28,642545
2018,108,2018-03-28,644428
2018,108,2018-03-28,657228
2018,108,2018-03-28,660271
2018,109,2018-03-28,407822
2018,109,2018-03-28,425772
2018,109,2018-03-28,425844
2018,109,2018-03-28,444482
2018,109,2018-03-28,477569
2018,109,2018-03-28,488671
2018,109,2018-03-28,502202
2018,109,2018-03-28,502481
2018,109,2018-03-28,502671
2018,109,2018-03-28,517414
2018,109,2018-03-28,518614
2018,109,2018-03-28,519008
2018,109,2018-03-28,519306
2018,109,2018-03-28,545121
2018,109,2018-03-28,545332
2018,109,2018-03-28,571578
2018,109,2018-03-28,571757
2018,109,2018-03-28,571863
2018,109,2018-03-28,571875
2018,109,2018-03-28,571918
2018,109,2018-03-28,571946
2018,109,2018-03-28,571974
2018,109,2018-03-28,572008
2018,109,2018-03-28,572041
2018,109,2018-03-28,572233
2018,109,2018-03-28,592662
2018,109,2018-03-28,592836
2018,109,2018-03-28,593647
2018,109,2018-03-28,595373
2018,109,2018-03-28,605113
2018,109,2018-03-28,605151
2018,109,2018-03-28,605177
2018,109,2018-03-28,606466
2018,109,2018-03-28,611093
2018,109,2018-03-28,630111
2018,109,2018-03-28,640463
2018,109,2018-03-28,642073
2018,109,2018-03-28,642736
2018,109,2018-03-28,643327
2018,109,2018-03-28,656744
2018,109,2018-03-28,673633
2018,110,2018-03-28,430945
2018,110,2018-03-28,444432
2018,110,2018-03-28,448801
2018,110,2018-03-28,488768
2018,110,2018-03-28,501957
2018,110,2018-03-28,502154
2018,110,2018-03-28,502171
2018,110,2018-03-28,503285
2018,110,2018-03-28,542921
2018,110,2018-03-28,542947
2018,110,2018-03-28,542960
2018,110,2018-03-28,543376
2018,110,2018-03-28,547184
2018,110,2018-03-28,570731
2018,110,2018-03-28,571710
2018,110,2018-03-28,572073
2018,110,2018-03-28,572180
2018,110,2018-03-28,592233
2018,110,2018-03-28,592332
2018,110,2018-03-28,592518
2018,110,2018-03-28,593679
2018,110,2018-03-28,594742
2018,110,2018-03-28,595296
2018,110,2018-03-28,605164
2018,110,2018-03-28,605276
2018,110,2018-03-28,605541
2018,110,2018-03-28,606162
2018,110,2018-03-28,606478
2018,110,2018-03-28,612434
2018,110,2018-03-28,622338
2018,110,2018-03-28,622713
2018,110,2018-03-28,623993
2018,110,2018-03-28,640451
2018,110,2018-03-28,641482
2018,110,2018-03-28,641820
2018,110,2018-03-28,642082
2018,110,2018-03-28,642231
2018,110,2018-03-28,642851
2018,110,2018-03-28,643354
2018,110,2018-03-28,656945
2018,110,2018-03-28,669720
2018,111,2018-03-28,434670
2018,111,2018-03-28,453214
2018,111,2018-03-28,456030
2018,111,2018-03-28,456034
2018,111,2018-03-28,456488
2018,111,2018-03-28,502110
2018,111,2018-03-28,506702
2018,111,2018-03-28,518886
2018,111,2018-03-28,519048
2018,111,2018-03-28,519141
2018,111,2018-03-28,519144
2018,111,2018-03-28,519242
2018,111,2018-03-28,519443
2018,111,2018-03-28,523260
2018,111,2018-03-28,543877
2018,111,2018-03-28,545348
2018,111,2018-03-28,571788
2018,111,2018-03-28,582494
2018,111,2018-03-28,584171
2018,111,2018-03-28,592390
2018,111,2018-03-28,592804
2018,111,2018-03-28,593428
2018,111,2018-03-28,593523
2018,111,2018-03-28,593958
2018,111,2018-03-28,596119
2018,111,2018-03-28,598264
2018,111,2018-03-28,598265
2018,111,2018-03-28,598271
2018,111,2018-03-28,605141
2018,111,2018-03-28,605301
2018,111,2018-03-28,605469
2018,111,2018-03-28,605476
2018,111,2018-03-28,606273
2018,111,2018-03-28,607752
2018,111,2018-03-28,621142
2018,111,2018-03-28,624407
2018,111,2018-03-28,643217
2018,111,2018-03-28,646240
2018,111,2018-03-28,656222
2018,112,2018-03-28,450314
2018,112,2018-03-28,452657
2018,112,2018-03-28,453344
2018,112,2018-03-28,458677
2018,112,2018-03-28,467008
2018,112,2018-03-28,488846
2018,112,2018-03-28,500779
2018,112,2018-03-28,506433
2018,112,2018-03-28,518553
2018,112,2018-03-28,518792
2018,112,2018-03-28,519203
2018,112,2018-03-28,543022
2018,112,2018-03-28,543294
2018,112,2018-03-28,543557
2018,112,2018-03-28,546991
2018,112,2018-03-28,572750
2018,112,2018-03-28,575929
2018,112,2018-03-28,592178
2018,112,2018-03-28,592767
2018,112,2018-03-28,595879
2018,112,2018-03-28,596027
2018,112,2018-03-28,600303
2018,112,2018-03-28,600968
2018,112,2018-03-28,605170
2018,112,2018-03-28,605218
2018,112,2018-03-28,608365
2018,112,2018-03-28,608652
2018,112,2018-03-28,621219
2018,112,2018-03-28,621249
2018,112,2018-03-28,623406
2018,112,2018-03-28,623520
2018,112,2018-03-28,627500
2018,112,2018-03-28,640470
2018,112,2018-03-28,642239
2018,112,2018-03-28,642601
2018,112,2018-03-28,656941
2018,112,2018-03-28,657145
2018,112,2018-03-28,664023
2018,113,2018-03-29,453172
2018,113,2018-03-29,456696
2018,113,2018-03-29,456701
2018,113,2018-03-29,458015
2018,113,2018-03-29,460060
2018,113,2018-03-29,519023
2018,113,2018-03-29,534812
2018,113,2018-03-29,543101
2018,113,2018-03-29,547179
2018,113,2018-03-29,553993
2018,113,2018-03-29,554374
2018,113,2018-03-29,571466
2018,113,2018-03-29,571697
2018,113,2018-03-29,571740
2018,113,2018-03-29,592169
2018,113,2018-03-29,592848
2018,113,2018-03-29,593974
2018,113,2018-03-29,594807
2018,113,2018-03-29,594838
2018,113,2018-03-29,594988
2018,113,2018-03-29,594992
2018,113,2018-03-29,596112
2018,113,2018-03-29,605232
2018,113,2018-03-29,606157
2018,113,2018-03-29,606299
2018,113,2018-03-29,606959
2018,113,2018-03-29,607219
2018,113,2018-03-29,607237
2018,113,2018-03-29,607468
2018,113,2018-03-29,608385
2018,113,2018-03-29,622491
2018,113,2018-03-29,622492
2018,113,2018-03-29,623451
2018,113,2018-03-29,628452
2018,113,2018-03-29,640447
2018,113,2018-03-29,641816
2018,113,2018-03-29,642003
2018,113,2018-03-29,642156
2018,113,2018-03-29,642350
2018,113,2018-03-29,643418
2018,113,2018-03-29,656661
2018,113,2018-03-29,660875
2018,114,2018-03-28,429665
2018,114,2018-03-28,446372
2018,114,2018-03-28,446386
2018,114,2018-03-28,453192
2018,114,2018-03-28,458708
2018,114,2018-03-28,471911
2018,114,2018-03-28,475174
2018,114,2018-03-28,488726
2018,114,2018-03-28,501659
2018,114,2018-03-28,502082
2018,114,2018-03-28,502083
2018,114,2018-03-28,517593
2018,114,2018-03-28,519096
2018,114,2018-03-28,543228
2018,114,2018-03-28,543401
2018,114,2018-03-28,545333
2018,114,2018-03-28,547379
2018,114,2018-03-28,570481
2018,114,2018-03-28,570482
2018,114,2018-03-28,571980
2018,114,2018-03-28,580792
2018,114,2018-03-28,592102
2018,114,2018-03-28,592644
2018,114,2018-03-28,594736
2018,114,2018-03-28,596019
2018,114,2018-03-28,596049
2018,114,2018-03-28,605182
2018,114,2018-03-28,605548
2018,114,2018-03-28,606992
2018,114,2018-03-28,607320
2018,114,2018-03-28,608070
2018,114,2018-03-28,608715
2018,114,2018-03-28,621397
2018,114,2018-03-28,642336
2018,114,2018-03-28,644374
2018,114,2018-03-28,650489
2018,114,2018-03-28,650490
2018,114,2018-03-28,656185
2018,114,2018-03-28,657240
2018,114,2018-03-28,664701
2018,115,2018-03-28,435622
2018,115,2018-03-28,445197
2018,115,2018-03-28,451584
2018,115,2018-03-28,453568
2018,115,2018-03-28,455104
2018,115,2018-03-28,459429
2018,115,2018-03-28,467827
2018,115,2018-03-28,471865
2018,115,2018-03-28,493603
2018,115,2018-03-28,518452
2018,115,2018-03-28,518934
2018,115,2018-03-28,542881
2018,115,2018-03-28,543234
2018,115,2018-03-28,543734
2018,115,2018-03-28,543766
2018,115,2018-03-28,545064
2018,115,2018-03-28,547172
2018,115,2018-03-28,571448
2018,115,2018-03-28,571595
2018,115,2018-03-28,573127
2018,115,2018-03-28,592351
2018,115,2018-03-28,596115
2018,115,2018-03-28,602074
2018,115,2018-03-28,606132
2018,115,2018-03-28,607536
2018,115,2018-03-28,607572
2018,115,2018-03-28,608032
2018,115,2018-03-28,608566
2018,115,2018-03-28,608596
2018,115,2018-03-28,621106
2018,115,2018-03-28,621311
2018,115,2018-03-28,622075
2018,115,2018-03-28,622608
2018,115,2018-03-28,622786
2018,115,2018-03-28,623184
2018,115,2018-03-28,641857
2018,115,2018-03-28,641958
2018,115,2018-03-28,642162
2018,115,2018-03-28,643565
2018,115,2018-03-28,656546
2018,115,2018-03-28,657253
2018,116,2018-03-29,400121
2018,116,2018-03-29,408234
2018,116,2018-03-29,434538
2018,116,2018-03-29,518445
2018,116,2018-03-29,519455
2018,116,2018-03-29,543001
2018,116,2018-03-29,543308
2018,116,2018-03-29,543484
2018,116,2018-03-29,543510
2018,116,2018-03-29,543935
2018,116,2018-03-29,547982
2018,116,2018-03-29,553988
2018,116,2018-03-29,571510
2018,116,2018-03-29,571656
2018,116,2018-03-29,571666
2018,116,2018-03-29,572403
2018,116,2018-03-29,572888
2018,116,2018-03-29,578428
2018,116,2018-03-29,592127
2018,116,2018-03-29,592206
2018,116,2018-03-29,592348
2018,116,2018-03-29,592444
2018,116,2018-03-29,592499
2018,116,2018-03-29,595222
2018,116,2018-03-29,596057
2018,116,2018-03-29,599683
2018,116,2018-03-29,600869
2018,116,2018-03-29,605242
2018,116,2018-03-29,605513
2018,116,2018-03-29,606988
2018,116,2018-03-29,608475
2018,116,2018-03-29,621385
2018,116,2018-03-29,621592
2018,116,2018-03-29,622682
2018,116,2018-03-29,622783
2018,116,2018-03-29,641729
2018,116,2018-03-29,642397
2018,116,2018-03-29,642575
2018,116,2018-03-29,642727
2018,116,2018-03-29,643617
2018,117,2018-03-28,434378
2018,117,2018-03-28,435263
2018,117,2018-03-28,444468
2018,117,2018-03-28,448609
2018,117,2018-03-28,450203
2018,117,2018-03-28,493329
2018,117,2018-03-28,501789
2018,117,2018-03-28,501925
2018,117,2018-03-28,502210
2018,117,2018-03-28,502748
2018,117,2018-03-28,503556
2018,117,2018-03-28,514888
2018,117,2018-03-28,542953
2018,117,2018-03-28,543037
2018,117,2018-03-28,543521
2018,117,2018-03-28,543807
2018,117,2018-03-28,545350
2018,117,2018-03-28,545358
2018,117,2018-03-28,571704
2018,117,2018-03-28,572086
2018,117,2018-03-28,572971
2018,117,2018-03-28,594056
2018,117,2018-03-28,594311
2018,117,2018-03-28,594828
2018,117,2018-03-28,600944
2018,117,2018-03-28,605204
2018,117,2018-03-28,605233
2018,117,2018-03-28,606965
2018,117,2018-03-28,607223
2018,117,2018-03-28,608324
2018,117,2018-03-28,621043
2018,117,2018-03-28,621121
2018,117,2018-03-28,624586
2018,117,2018-03-28,642564
2018,117,2018-03-28,643393
2018,117,2018-03-28,643603
2018,117,2018-03-28,672335
2018,118,2018-03-28,434628
2018,118,2018-03-28,444876
2018,118,2018-03-28,445055
2018,118,2018-03-28,446263
2018,118,2018-03-28,449181
2018,118,2018-03-28,453178
2018,118,2018-03-28,460077
2018,118,2018-03-28,460086
2018,118,2018-03-28,501992
2018,118,2018-03-28,503449
2018,118,2018-03-28,516969
2018,118,2018-03-28,518633
2018,118,2018-03-28,518748
2018,118,2018-03-28,519058
2018,118,2018-03-28,521692
2018,118,2018-03-28,534910
2018,118,2018-03-28,543169
2018,118,2018-03-28,543506
2018,118,2018-03-28,572143
2018,118,2018-03-28,593160
2018,118,2018-03-28,593527
2018,118,2018-03-28,595956
2018,118,2018-03-28,596001
2018,118,2018-03-28,596144
2018,118,2018-03-28,600921
2018,118,2018-03-28,602083
2018,118,2018-03-28,605130
2018,118,2018-03-28,605490
2018,118,2018-03-28,607215
2018,118,2018-03-28,609275
2018,118,2018-03-28,622092
2018,118,2018-03-28,624585
2018,118,2018-03-28,641531
2018,118,2018-03-28,641571
2018,118,2018-03-28,641745
2018,118,2018-03-28,641838
2018,118,2018-03-28,642279
2018,118,2018-03-28,650619
2018,118,2018-03-28,656805
2018,118,2018-03-28,657770
2018,119,2018-03-28,400284
2018,119,2018-03-28,445276
2018,119,2018-03-28,448179
2018,119,2018-03-28,451661
2018,119,2018-03-28,457759
2018,119,2018-03-28,461314
2018,119,2018-03-28,477132
2018,119,2018-03-28,487675
2018,119,2018-03-28,518397
2018,119,2018-03-28,518735
2018,119,2018-03-28,520980
2018,119,2018-03-28,521655
2018,119,2018-03-28,523253
2018,119,2018-03-28,543408
2018,119,2018-03-28,547943
2018,119,2018-03-28,548389
2018,119,2018-03-28,554340
2018,119,2018-03-28,571561
2018,119,2018-03-28,571657
2018,119,2018-03-28,571771
2018,119,2018-03-28,571893
2018,119,2018-03-28,574847
2018,119,2018-03-28,592626
2018,119,2018-03-28,592779
2018,119,2018-03-28,592808
2018,119,2018-03-28,596064
2018,119,2018-03-28,605131
2018,119,2018-03-28,608369
2018,119,2018-03-28,608638
2018,119,2018-03-28,621035
2018,119,2018-03-28,621111
2018,119,2018-03-28,621173
2018,119,2018-03-28,622072
2018,119,2018-03-28,624577
2018,119,2018-03-28,628317
2018,119,2018-03-28,628711
2018,119,2018-03-28,641355
2018,119,2018-03-28,641796
2018,119,2018-03-28,642701
2018,119,2018-03-28,657077
2018,120,2018-03-29,276542
2018,120,2018-03-29,425492
2018,120,2018-03-29,435062
2018,120,2018-03-29,445213
2018,120,2018-03-29,446308
2018,120,2018-03-29,448281
2018,120,2018-03-29,453286
2018,120,2018-03-29,461829
2018,120,2018-03-29,471083
2018,120,2018-03-29,475582
2018,120,2018-03-29,502517
2018,120,2018-03-29,506703
2018,120,2018-03-29,518875
2018,120,2018-03-29,519301
2018,120,2018-03-29,543685
2018,120,2018-03-29,543699
2018,120,2018-03-29,544836
2018,120,2018-03-29,544931
2018,120,2018-03-29,547180
2018,120,2018-03-29,571431
2018,120,2018-03-29,571718
2018,120,2018-03-29,572191
2018,120,2018-03-29,592530
2018,120,2018-03-29,593833
2018,120,2018-03-29,594694
2018,120,2018-03-29,594809
2018,120,2018-03-29,594840
2018,120,2018-03-29,595918
2018,120,2018-03-29,600474
2018,120,2018-03-29,605452
2018,120,2018-03-29,606983
2018,120,2018-03-29,607200
2018,120,2018-03-29,607208
2018,120,2018-03-29,608703
2018,120,2018-03-29,608723
2018,120,2018-03-29,613534
2018,120,2018-03-29,622441
2018,120,2018-03-29,622446
2018,120,2018-03-29,641627
2018,120,2018-03-29,642721
2018,120,2018-03-29,645302
2018,120,2018-03-29,664057
2018,121,2018-03-28,408236
2018,121,2018-03-28,408314
2018,121,2018-03-28,431151
2018,121,2018-03-28,450306
2018,121,2018-03-28,452678
2018,121,2018-03-28,453943
2018,121,2018-03-28,457803
2018,121,2018-03-28,460283
2018,121,2018-03-28,461872
2018,121,2018-03-28,493316
2018,121,2018-03-28,501571
2018,121,2018-03-28,518595
2018,121,2018-03-28,518774
2018,121,2018-03-28,527038
2018,121,2018-03-28,544727
2018,121,2018-03-28,554430
2018,121,2018-03-28,570663
2018,121,2018-03-28,571927
2018,121,2018-03-28,573109
2018,121,2018-03-28,592789
2018,121,2018-03-28,594798
2018,121,2018-03-28,606160
2018,121,2018-03-28,607043
2018,121,2018-03-28,607229
2018,121,2018-03-28,607625
2018,121,2018-03-28,608061
2018,121,2018-03-28,608325
2018,121,2018-03-28,608700
2018,121,2018-03-28,621094
2018,121,2018-03-28,621261
2018,121,2018-03-28,621512
2018,121,2018-03-28,622506
2018,121,2018-03-28,623149
2018,121,2018-03-28,623167
2018,121,2018-03-28,624424
2018,121,2018-03-28,639373
2018,121,2018-03-28,641341
2018,121,2018-03-28,641645
2018,121,2018-03-28,642008
2018,121,2018-03-28,642086
2018,121,2018-03-28,642708
2018,133,2018-03-28,433586
2018,133,2018-03-28,433589
2018,133,2018-03-28,459964
2018,133,2018-03-28,476704
2018,133,2018-03-28,488748
2018,133,2018-03-28,501822
2018,133,2018-03-28,501981
2018,133,2018-03-28,502239
2018,133,2018-03-28,518960
2018,133,2018-03-28,519295
2018,133,2018-03-28,521230
2018,133,2018-03-28,543056
2018,133,2018-03-28,543760
2018,133,2018-03-28,572033
2018,133,2018-03-28,572039
2018,133,2018-03-28,572863
2018,133,2018-03-28,592192
2018,133,2018-03-28,592811
2018,133,2018-03-28,593423
2018,133,2018-03-28,595014
2018,133,2018-03-28,596043
2018,133,2018-03-28,600524
2018,133,2018-03-28,605135
2018,133,2018-03-28,605194
2018,133,2018-03-28,605254
2018,133,2018-03-28,608665
2018,133,2018-03-28,620439
2018,133,2018-03-28,621112
2018,133,2018-03-28,621471
2018,133,2018-03-28,621566
2018,133,2018-03-28,622194
2018,133,2018-03-28,622761
2018,133,2018-03-28,623430
2018,133,2018-03-28,640455
2018,133,2018-03-28,640461
2018,133,2018-03-28,641583
2018,133,2018-03-28,641941
2018,133,2018-03-28,642152
2018,133,2018-03-28,656305
2018,133,2018-03-28,657656
2018,134,2018-03-29,446481
2018,134,2018-03-29,465041
2018,134,2018-03-29,467100
2018,134,2018-03-29,474568
2018,134,2018-03-29,501896
2018,134,2018-03-29,502004
2018,134,2018-03-29,516782
2018,134,2018-03-29,519263
2018,134,2018-03-29,519294
2018,134,2018-03-29,543281
2018,134,2018-03-29,553869
2018,134,2018-03-29,553878
2018,134,2018-03-29,570256
2018,134,2018-03-29,572816
2018,134,2018-03-29,591741
2018,134,2018-03-29,592468
2018,134,2018-03-29,592567
2018,134,2018-03-29,592791
2018,134,2018-03-29,592866
2018,134,2018-03-29,593140
2018,134,2018-03-29,595897
2018,134,2018-03-29,596720
2018,134,2018-03-29,605137
2018,134,2018-03-29,605195
2018,134,2018-03-29,605280
2018,134,2018-03-29,605397
2018,134,2018-03-29,607192
2018,134,2018-03-29,607471
2018,134,2018-03-29,607732
2018,134,2018-03-29,621559
2018,134,2018-03-29,624428
2018,134,2018-03-29,640457
2018,134,2018-03-29,641771
2018,134,2018-03-29,642607
2018,134,2018-03-29,643230
2018,134,2018-03-29,650813
2018,134,2018-03-29,650828
2018,134,2018-03-29,656669
2018,135,2018-03-28,452104
2018,135,2018-03-28,453385
2018,135,2018-03-28,454560
2018,135,2018-03-28,489334
2018,135,2018-03-28,489446
2018,135,2018-03-28,517369
2018,135,2018-03-28,519333
2018,135,2018-03-28,520471
2018,135,2018-03-28,543105
2018,135,2018-03-28,543272
2018,135,2018-03-28,543333
2018,135,2018-03-28,543475
2018,135,2018-03-28,570799
2018,135,2018-03-28,571473
2018,135,2018-03-28,571951
2018,135,2018-03-28,571976
2018,135,2018-03-28,572362
2018,135,2018-03-28,592669
2018,135,2018-03-28,595978
2018,135,2018-03-28,605155
2018,135,2018-03-28,605486
2018,135,2018-03-28,606131
2018,135,2018-03-28,607067
2018,135,2018-03-28,607257
2018,135,2018-03-28,608671
2018,135,2018-03-28,614173
2018,135,2018-03-28,620443
2018,135,2018-03-28,620454
2018,135,2018-03-28,621141
2018,135,2018-03-28,621381
2018,135,2018-03-28,622534
2018,135,2018-03-28,622766
2018,135,2018-03-28,623364
2018,135,2018-03-28,628318
2018,135,2018-03-28,641319
2018,135,2018-03-28,642707
2018,135,2018-03-28,642770
2018,135,2018-03-28,643256
2018,135,2018-03-28,657681
2018,135,2018-03-28,659275
2018,135,2018-03-28,664208
2018,136,2018-03-28,400085
2018,136,2018-03-28,429664
2018,136,2018-03-28,433587
2018,136,2018-03-28,443558
2018,136,2018-03-28,453281
2018,136,2018-03-28,461865
2018,136,2018-03-28,475479
2018,136,2018-03-28,502190
2018,136,2018-03-28,504379
2018,136,2018-03-28,516416
2018,136,2018-03-28,516714
2018,136,2018-03-28,519240
2018,136,2018-03-28,541640
2018,136,2018-03-28,543829
2018,136,2018-03-28,543883
2018,136,2018-03-28,547007
2018,136,2018-03-28,571679
2018,136,2018-03-28,571745
2018,136,2018-03-28,572020
2018,136,2018-03-28,572021
2018,136,2018-03-28,572122
2018,136,2018-03-28,572287
2018,136,2018-03-28,573088
2018,136,2018-03-28,592325
2018,136,2018-03-28,592387
2018,136,2018-03-28,592705
2018,136,2018-03-28,594835
2018,136,2018-03-28,596129
2018,136,2018-03-28,596271
2018,136,2018-03-28,600301
2018,136,2018-03-28,605357
2018,136,2018-03-28,605428
2018,136,2018-03-28,607473
2018,136,2018-03-28,608328
2018,136,2018-03-28,621058
2018,136,2018-03-28,621242
2018,136,2018-03-28,628338
2018,136,2018-03-28,656186
2018,136,2018-03-28,664641
2018,137,2018-03-28,446334
2018,137,2018-03-28,452254
2018,137,2018-03-28,453265
2018,137,2018-03-28,453343
2018,137,2018-03-28,456501
2018,137,2018-03-28,457705
2018,137,2018-03-28,457706
2018,137,2018-03-28,457763
2018,137,2018-03-28,460026
2018,137,2018-03-28,467055
2018,137,2018-03-28,473879
2018,137,2018-03-28,474832
2018,137,2018-03-28,491676
2018,137,2018-03-28,502188
2018,137,2018-03-28,502706
2018,137,2018-03-28,518516
2018,137,2018-03-28,518715
2018,137,2018-03-28,519293
2018,137,2018-03-28,519326
2018,137,2018-03-28,543063
2018,137,2018-03-28,571882
2018,137,2018-03-28,572955
2018,137,2018-03-28,592438
2018,137,2018-03-28,592612
2018,137,2018-03-28,592769
2018,137,2018-03-28,595345
2018,137,2018-03-28,595881
2018,137,2018-03-28,596103
2018,137,2018-03-28,596816
2018,137,2018-03-28,600355
2018,137,2018-03-28,605244
2018,137,2018-03-28,605412
2018,137,2018-03-28,605509
2018,137,2018-03-28,606625
2018,137,2018-03-28,607776
2018,137,2018-03-28,608717
2018,137,2018-03-28,621389
2018,137,2018-03-28,622497
2018,137,2018-03-28,624507
2018,137,2018-03-28,642759
2018,138,2018-03-28,425794
2018,138,2018-03-28,425877
2018,138,2018-03-28,446399
2018,138,2018-03-28,451594
2018,138,2018-03-28,500874
2018,138,2018-03-28,502032
2018,138,2018-03-28,502054
2018,138,2018-03-28,502381
2018,138,2018-03-28,506747
2018,138,2018-03-28,542303
2018,138,2018-03-28,543939
2018,138,2018-03-28,544928
2018,138,2018-03-28,571945
2018,138,2018-03-28,572228
2018,138,2018-03-28,572761
2018,138,2018-03-28,576397
2018,138,2018-03-28,592815
2018,138,2018-03-28,593372
2018,138,2018-03-28,594577
2018,138,2018-03-28,594824
2018,138,2018-03-28,595411
2018,138,2018-03-28,596133
2018,138,2018-03-28,596295
2018,138,2018-03-28,605154
2018,138,2018-03-28,607231
2018,138,2018-03-28,608348
2018,138,2018-03-28,608379
2018,138,2018-03-28,608678
2018,138,2018-03-28,621052
2018,138,2018-03-28,621199
2018,138,2018-03-28,622168
2018,138,2018-03-28,624641
2018,138,2018-03-28,640458
2018,138,2018-03-28,641632
2018,138,2018-03-28,641933
2018,138,2018-03-28,642524
2018,138,2018-03-28,656427
2018,138,2018-03-28,657557
2018,138,2018-03-28,663855
2018,138,2018-03-28,664056
2018,139,2018-03-28,452655
2018,139,2018-03-28,460576
2018,139,2018-03-28,467092
2018,139,2018-03-28,475054
2018,139,2018-03-28,489265
2018,139,2018-03-28,491696
2018,139,2018-03-28,502042
2018,139,2018-03-28,517008
2018,139,2018-03-28,542882
2018,139,2018-03-28,543068
2018,139,2018-03-28,543135
2018,139,2018-03-28,543543
2018,139,2018-03-28,552640
2018,139,2018-03-28,588751
2018,139,2018-03-28,592254
2018,139,2018-03-28,592773
2018,139,2018-03-28,595281
2018,139,2018-03-28,605480
2018,139,2018-03-28,605483
2018,139,2018-03-28,607188
2018,139,2018-03-28,607455
2018,139,2018-03-28,608701
2018,139,2018-03-28,620445
2018,139,2018-03-28,621002
2018,139,2018-03-28,621056
2018,139,2018-03-28,621237
2018,139,2018-03-28,621289
2018,139,2018-03-28,621563
2018,139,2018-03-28,622110
2018,139,2018-03-28,624414
2018,139,2018-03-28,629496
2018,139,2018-03-28,630023
2018,139,2018-03-28,641343
2018,139,2018-03-28,641703
2018,139,2018-03-28,642211
2018,139,2018-03-28,642232
2018,139,2018-03-28,642715
2018,139,2018-03-28,643493
2018,139,2018-03-28,650895
2018,140,2018-03-28,134181
2018,140,2018-03-28,425783
2018,140,2018-03-28,430935
2018,140,2018-03-28,445926
2018,140,2018-03-28,450729
2018,140,2018-03-28,453311
2018,140,2018-03-28,455119
2018,140,2018-03-28,455139
2018,140,2018-03-28,456713
2018,140,2018-03-28,462101
2018,140,2018-03-28,501817
2018,140,2018-03-28,501985
2018,140,2018-03-28,518542
2018,140,2018-03-28,518617
2018,140,2018-03-28,519043
2018,140,2018-03-28,527048
2018,140,2018-03-28,571830
2018,140,2018-03-28,592222
2018,140,2018-03-28,592261
2018,140,2018-03-28,592685
2018,140,2018-03-28,592712
2018,140,2018-03-28,595777
2018,140,2018-03-28,596059
2018,140,2018-03-28,600917
2018,140,2018-03-28,600965
2018,140,2018-03-28,605309
2018,140,2018-03-28,607185
2018,140,2018-03-28,607387
2018,140,2018-03-28,608336
2018,140,2018-03-28,608421
2018,140,2018-03-28,608577
2018,140,2018-03-28,608597
2018,140,2018-03-28,622703
2018,140,2018-03-28,622795
2018,140,2018-03-28,624431
2018,140,2018-03-28,624636
2018,140,2018-03-28,641432
2018,140,2018-03-28,642546
2018,140,2018-03-28,642558
2018,140,2018-03-28,643320
2018,140,2018-03-28,643396
2018,140,2018-03-28,643478
2018,140,2018-03-28,656685
2018,141,2018-03-28,431145
2018,141,2018-03-28,434158
2018,141,2018-03-28,434778
2018,141,2018-03-28,448802
2018,141,2018-03-28,453064
2018,141,2018-03-28,456665
2018,141,2018-03-28,457918
2018,141,2018-03-28,462136
2018,141,2018-03-28,475253
2018,141,2018-03-28,493200
2018,141,2018-03-28,500208
2018,141,2018-03-28,518626
2018,141,2018-03-28,532077
2018,141,2018-03-28,543208
2018,141,2018-03-28,545341
2018,141,2018-03-28,546990
2018,141,2018-03-28,547912
2018,141,2018-03-28,570702
2018,141,2018-03-28,571901
2018,141,2018-03-28,571912
2018,141,2018-03-28,572193
2018,141,2018-03-28,573186
2018,141,2018-03-28,581527
2018,141,2018-03-28,592130
2018,141,2018-03-28,592647
2018,141,2018-03-28,592717
2018,141,2018-03-28,594580
2018,141,2018-03-28,596105
2018,141,2018-03-28,605260
2018,141,2018-03-28,606192
2018,141,2018-03-28,607352
2018,141,2018-03-28,607680
2018,141,2018-03-28,620446
2018,141,2018-03-28,621366
2018,141,2018-03-28,624512
2018,141,2018-03-28,641835
2018,141,2018-03-28,642133
2018,141,2018-03-28,643376
2018,141,2018-03-28,649557
2018,141,2018-03-28,666971
2018,142,2018-03-28,407845
2018,142,2018-03-28,408045
2018,142,2018-03-28,429722
2018,142,2018-03-28,435043
2018,142,2018-03-28,458681
2018,142,2018-03-28,461833
2018,142,2018-03-28,488771
2018,142,2018-03-28,489149
2018,142,2018-03-28,500871
2018,142,2018-03-28,501303
2018,142,2018-03-28,501381
2018,142,2018-03-28,502043
2018,142,2018-03-28,519151
2018,142,2018-03-28,543257
2018,142,2018-03-28,543507
2018,142,2018-03-28,543606
2018,142,2018-03-28,572821
2018,142,2018-03-28,573124
2018,142,2018-03-28,592665
2018,142,2018-03-28,592696
2018,142,2018-03-28,593934
2018,142,2018-03-28,595909
2018,142,2018-03-28,595928
2018,142,2018-03-28,596146
2018,142,2018-03-28,602928
2018,142,2018-03-28,606167
2018,142,2018-03-28,608648
2018,142,2018-03-28,608650
2018,142,2018-03-28,621244
2018,142,2018-03-28,621439
2018,142,2018-03-28,622382
2018,142,2018-03-28,622864
2018,142,2018-03-28,624427
2018,142,2018-03-28,626929
2018,142,2018-03-28,641427
2018,142,2018-03-28,641598
2018,142,2018-03-28,641755
2018,142,2018-03-28,641793
2018,142,2018-03-28,642083
2018,142,2018-03-28,643335
2018,142,2018-03-28,657610
2018,143,2018-03-28,450212
2018,143,2018-03-28,453562
2018,143,2018-03-28,465753
2018,143,2018-03-28,467793
2018,143,2018-03-28,472610
2018,143,2018-03-28,488984
2018,143,2018-03-28,514917
2018,143,2018-03-28,546318
2018,143,2018-03-28,571437
2018,143,2018-03-28,571800
2018,143,2018-03-28,571948
2018,143,2018-03-28,591693
2018,143,2018-03-28,592826
2018,143,2018-03-28,593576
2018,143,2018-03-28,594902
2018,143,2018-03-28,595191
2018,143,2018-03-28,595284
2018,143,2018-03-28,595751
2018,143,2018-03-28,596451
2018,143,2018-03-28,596748
2018,143,2018-03-28,601713
2018,143,2018-03-28,605388
2018,143,2018-03-28,605400
2018,143,2018-03-28,605441
2018,143,2018-03-28,608384
2018,143,2018-03-28,621044
2018,143,2018-03-28,621107
2018,143,2018-03-28,622097
2018,143,2018-03-28,622226
2018,143,2018-03-28,622554
2018,143,2018-03-28,623454
2018,143,2018-03-28,624133
2018,143,2018-03-28,641487
2018,143,2018-03-28,642584
2018,143,2018-03-28,643410
2018,143,2018-03-28,644364
2018,143,2018-03-28,650810
2018,143,2018-03-28,656555
2018,143,2018-03-28,657205
2018,143,2018-03-28,664068
2018,144,2018-03-28,435221
2018,144,2018-03-28,435559
2018,144,2018-03-28,452095
2018,144,2018-03-28,455755
2018,144,2018-03-28,455976
2018,144,2018-03-28,475247
2018,144,2018-03-28,488721
2018,144,2018-03-28,493247
2018,144,2018-03-28,518586
2018,144,2018-03-28,518692
2018,144,2018-03-28,518693
2018,144,2018-03-28,527054
2018,144,2018-03-28,527055
2018,144,2018-03-28,542255
2018,144,2018-03-28,542432
2018,144,2018-03-28,547004
2018,144,2018-03-28,571521
2018,144,2018-03-28,572114
2018,144,2018-03-28,572669
2018,144,2018-03-28,592145
2018,144,2018-03-28,592314
2018,144,2018-03-28,592422
2018,144,2018-03-28,592570
2018,144,2018-03-28,594760
2018,144,2018-03-28,594795
2018,144,2018-03-28,595032
2018,144,2018-03-28,595465
2018,144,2018-03-28,605338
2018,144,2018-03-28,605512
2018,144,2018-03-28,605538
2018,144,2018-03-28,607030
2018,144,2018-03-28,608331
2018,144,2018-03-28,608371
2018,144,2018-03-28,621020
2018,144,2018-03-28,621345
2018,144,2018-03-28,622666
2018,144,2018-03-28,627894
2018,144,2018-03-28,641438
2018,144,2018-03-28,645277
2018,144,2018-03-28,645307
2018,144,2018-03-28,656794
2018,145,2018-03-28,448306
2018,145,2018-03-28,456068
2018,145,2018-03-28,456078
2018,145,2018-03-28,465657
2018,145,2018-03-28,500872
2018,145,2018-03-28,501593
2018,145,2018-03-28,502327
2018,145,2018-03-28,518858
2018,145,2018-03-28,541645
2018,145,2018-03-28,543144
2018,145,2018-03-28,544725
2018,145,2018-03-28,547170
2018,145,2018-03-28,547989
2018,145,2018-03-28,553882
2018,145,2018-03-28,570560
2018,145,2018-03-28,571602
2018,145,2018-03-28,573135
2018,145,2018-03-28,573668
2018,145,2018-03-28,594953
2018,145,2018-03-28,600986
2018,145,2018-03-28,602922
2018,145,2018-03-28,605240
2018,145,2018-03-28,605508
2018,145,2018-03-28,607074
2018,145,2018-03-28,607345
2018,145,2018-03-28,607481
2018,145,2018-03-28,608334
2018,145,2018-03-28,608337
2018,145,2018-03-28,614179
2018,145,2018-03-28,620982
2018,145,2018-03-28,624420
2018,145,2018-03-28,625643
2018,145,2018-03-28,641313
2018,145,2018-03-28,641477
2018,145,2018-03-28,641553
2018,145,2018-03-28,642772
2018,145,2018-03-28,650391
2018,145,2018-03-28,650520
2018,145,2018-03-28,656459
2018,145,2018-03-28,660162
2018,146,2018-03-28,445988
2018,146,2018-03-28,446899
2018,146,2018-03-28,457727
2018,146,2018-03-28,500743
2018,146,2018-03-28,516770
2018,146,2018-03-28,518618
2018,146,2018-03-28,542513
2018,146,2018-03-28,543045
2018,146,2018-03-28,543592
2018,146,2018-03-28,547749
2018,146,2018-03-28,570632
2018,146,2018-03-28,571506
2018,146,2018-03-28,571982
2018,146,2018-03-28,573185
2018,146,2018-03-28,592663
2018,146,2018-03-28,592761
2018,146,2018-03-28,594027
2018,146,2018-03-28,595375
2018,146,2018-03-28,595453
2018,146,2018-03-28,596071
2018,146,2018-03-28,600887
2018,146,2018-03-28,605119
2018,146,2018-03-28,605255
2018,146,2018-03-28,606424
2018,146,2018-03-28,607457
2018,146,2018-03-28,608716
2018,146,2018-03-28,612672
2018,146,2018-03-28,621295
2018,146,2018-03-28,621446
2018,146,2018-03-28,622217
2018,146,2018-03-28,622694
2018,146,2018-03-28,623395
2018,146,2018-03-28,628333
2018,146,2018-03-28,641154
2018,146,2018-03-28,642423
2018,146,2018-03-28,642571
2018,146,2018-03-28,643265
2018,146,2018-03-28,645261
2018,146,2018-03-28,657658
2018,147,2018-03-28,282332
2018,147,2018-03-28,435522
2018,147,2018-03-28,453056
2018,147,2018-03-28,458731
2018,147,2018-03-28,476454
2018,147,2018-03-28,476589
2018,147,2018-03-28,502085
2018,147,2018-03-28,519222
2018,147,2018-03-28,519317
2018,147,2018-03-28,543243
2018,147,2018-03-28,543305
2018,147,2018-03-28,543309
2018,147,2018-03-28,544369
2018,147,2018-03-28,547888
2018,147,2018-03-28,547973
2018,147,2018-03-28,570666
2018,147,2018-03-28,591720
2018,147,2018-03-28,592122
2018,147,2018-03-28,592273
2018,147,2018-03-28,592450
2018,147,2018-03-28,592454
2018,147,2018-03-28,592741
2018,147,2018-03-28,593334
2018,147,2018-03-28,595885
2018,147,2018-03-28,596142
2018,147,2018-03-28,606149
2018,147,2018-03-28,609280
2018,147,2018-03-28,621294
2018,147,2018-03-28,622663
2018,147,2018-03-28,640449
2018,147,2018-03-28,641856
2018,147,2018-03-28,642180
2018,147,2018-03-28,642528
2018,147,2018-03-28,642731
2018,147,2018-03-28,642758
2018,147,2018-03-28,643338
2018,147,2018-03-28,650402
2018,147,2018-03-28,656061
2018,147,2018-03-28,656547
2018,147,2018-03-28,656756
2018,158,2018-03-28,444489
2018,158,2018-03-28,448855
2018,158,2018-03-28,456715
2018,158,2018-03-28,457429
2018,158,2018-03-28,458006
2018,158,2018-03-28,460075
2018,158,2018-03-28,468504
2018,158,2018-03-28,502026
2018,158,2018-03-28,502624
2018,158,2018-03-28,519076
2018,158,2018-03-28,519299
2018,158,2018-03-28,519346
2018,158,2018-03-28,519390
2018,158,2018-03-28,541650
2018,158,2018-03-28,542340
2018,158,2018-03-28,542583
2018,158,2018-03-28,542908
2018,158,2018-03-28,542979
2018,158,2018-03-28,543118
2018,158,2018-03-28,543768
2018,158,2018-03-28,570267
2018,158,2018-03-28,592865
2018,158,2018-03-28,592885
2018,158,2018-03-28,596847
2018,158,2018-03-28,605200
2018,158,2018-03-28,605288
2018,158,2018-03-28,605347
2018,158,2018-03-28,605540
2018,158,2018-03-28,606115
2018,158,2018-03-28,606930
2018,158,2018-03-28,608349
2018,158,2018-03-28,608718
2018,158,2018-03-28,621433
2018,158,2018-03-28,623352
2018,158,2018-03-28,641924
2018,158,2018-03-28,642547
2018,158,2018-03-28,643289
2018,158,2018-03-28,643778
2018,158,2018-03-28,650959
2018,158,2018-03-28,658792
2019,108,2019-03-27,405395
2019,108,2019-03-27,446359
2019,108,2019-03-27,472610
2019,108,2019-03-27,488721
2019,108,2019-03-27,500724
2019,108,2019-03-27,502239
2019,108,2019-03-27,518566
2019,108,2019-03-27,518774
2019,108,2019-03-27,518960
2019,108,2019-03-27,545361
2019,108,2019-03-27,570240
2019,108,2019-03-27,570663
2019,108,2019-03-27,571506
2019,108,2019-03-27,571718
2019,108,2019-03-27,571760
2019,108,2019-03-27,572140
2019,108,2019-03-27,572703
2019,108,2019-03-27,592102
2019,108,2019-03-27,592135
2019,108,2019-03-27,592743
2019,108,2019-03-27,593993
2019,108,2019-03-27,594777
2019,108,2019-03-27,595928
2019,108,2019-03-27,596071
2019,108,2019-03-27,598287
2019,108,2019-03-27,600303
2019,108,2019-03-27,605121
2019,108,2019-03-27,607345
2019,108,2019-03-27,607374
2019,108,2019-03-27,608717
2019,108,2019-03-27,621142
2019,108,2019-03-27,621493
2019,108,2019-03-27,641684
2019,108,2019-03-27,641871
2019,108,2019-03-27,642545
2019,108,2019-03-27,650347
2019,108,2019-03-27,650859
2019,108,2019-03-27,657228
2019,108,2019-03-27,660271
2019,108,2019-03-27,660761
2019,108,2019-03-27,664058
2019,109,2019-03-27,425844
2019,109,2019-03-27,430945
2019,109,2019-03-27,444482
2019,109,2019-03-27,488671
2019,109,2019-03-27,500871
2019,109,2019-03-27,502481
2019,109,2019-03-27,518813
2019,109,2019-03-27,518876
2019,109,2019-03-27,519008
2019,109,2019-03-27,519306
2019,109,2019-03-27,527038
2019,109,2019-03-27,542882
2019,109,2019-03-27,543376
2019,109,2019-03-27,545121
2019,109,2019-03-27,571863
2019,109,2019-03-27,571875
2019,109,2019-03-27,571974
2019,109,2019-03-27,572233
2019,109,2019-03-27,582494
2019,109,2019-03-27,592662
2019,109,2019-03-27,592836
2019,109,2019-03-27,596133
2019,109,2019-03-27,605113
2019,109,2019-03-27,605151
2019,109,2019-03-27,605177
2019,109,2019-03-27,605196
2019,109,2019-03-27,606303
2019,109,2019-03-27,606466
2019,109,2019-03-27,607216
2019,109,2019-03-27,608348
2019,109,2019-03-27,611093
2019,109,2019-03-27,641796
2019,109,2019-03-27,642073
2019,109,2019-03-27,642496
2019,109,2019-03-27,642736
2019,109,2019-03-27,643327
2019,109,2019-03-27,649963
2019,109,2019-03-27,661255
2019,109,2019-03-27,664199
2019,109,2019-03-27,673633
2019,110,2019-03-27,444432
2019,110,2019-03-27,448801
2019,110,2019-03-27,488768
2019,110,2019-03-27,491696
2019,110,2019-03-27,501992
2019,110,2019-03-27,502171
2019,110,2019-03-27,542340
2019,110,2019-03-27,542947
2019,110,2019-03-27,547004
2019,110,2019-03-27,571710
2019,110,2019-03-27,571858
2019,110,2019-03-27,572073
2019,110,2019-03-27,593643
2019,110,2019-03-27,596105
2019,110,2019-03-27,600474
2019,110,2019-03-27,600524
2019,110,2019-03-27,605164
2019,110,2019-03-27,605276
2019,110,2019-03-27,605541
2019,110,2019-03-27,606162
2019,110,2019-03-27,606478
2019,110,2019-03-27,606944
2019,110,2019-03-27,607644
2019,110,2019-03-27,612434
2019,110,2019-03-27,621006
2019,110,2019-03-27,621466
2019,110,2019-03-27,622253
2019,110,2019-03-27,623465
2019,110,2019-03-27,623515
2019,110,2019-03-27,623993
2019,110,2019-03-27,640451
2019,110,2019-03-27,641820
2019,110,2019-03-27,642028
2019,110,2019-03-27,642082
2019,110,2019-03-27,642231
2019,110,2019-03-27,642851
2019,110,2019-03-27,643316
2019,110,2019-03-27,656775
2019,110,2019-03-27,656814
2019,110,2019-03-27,656945
2019,110,2019-03-27,669720
2019,111,2019-03-27,453214
2019,111,2019-03-27,456030
2019,111,2019-03-27,456034
2019,111,2019-03-27,456488
2019,111,2019-03-27,456665
2019,111,2019-03-27,502110
2019,111,2019-03-27,518489
2019,111,2019-03-27,519048
2019,111,2019-03-27,519144
2019,111,2019-03-27,519242
2019,111,2019-03-27,519393
2019,111,2019-03-27,519443
2019,111,2019-03-27,543135
2019,111,2019-03-27,543877
2019,111,2019-03-27,571788
2019,111,2019-03-27,584171
2019,111,2019-03-27,592390
2019,111,2019-03-27,592804
2019,111,2019-03-27,593428
2019,111,2019-03-27,593523
2019,111,2019-03-27,593958
2019,111,2019-03-27,596074
2019,111,2019-03-27,596119
2019,111,2019-03-27,598264
2019,111,2019-03-27,598265
2019,111,2019-03-27,598271
2019,111,2019-03-27,605141
2019,111,2019-03-27,605155
2019,111,2019-03-27,605469
2019,111,2019-03-27,607752
2019,111,2019-03-27,624407
2019,111,2019-03-27,643217
2019,111,2019-03-27,646240
2019,111,2019-03-27,650382
2019,111,2019-03-27,656308
2019,111,2019-03-27,657031
2019,111,2019-03-27,660593
2019,111,2019-03-27,664042
2019,112,2019-03-27,430935
2019,112,2019-03-27,445213
2019,112,2019-03-27,450314
2019,112,2019-03-27,452657
2019,112,2019-03-27,453344
2019,112,2019-03-27,458584
2019,112,2019-03-27,467008
2019,112,2019-03-27,500779
2019,112,2019-03-27,501817
2019,112,2019-03-27,506433
2019,112,2019-03-27,518553
2019,112,2019-03-27,518614
2019,112,2019-03-27,518792
2019,112,2019-03-27,519203
2019,112,2019-03-27,525768
2019,112,2019-03-27,542960
2019,112,2019-03-27,543022
2019,112,2019-03-27,543089
2019,112,2019-03-27,543294
2019,112,2019-03-27,543557
2019,112,2019-03-27,546991
2019,112,2019-03-27,575929
2019,112,2019-03-27,592178
2019,112,2019-03-27,592858
2019,112,2019-03-27,594986
2019,112,2019-03-27,595879
2019,112,2019-03-27,596027
2019,112,2019-03-27,600968
2019,112,2019-03-27,605170
2019,112,2019-03-27,605218
2019,112,2019-03-27,608665
2019,112,2019-03-27,621219
2019,112,2019-03-27,621249
2019,112,2019-03-27,623520
2019,112,2019-03-27,627500
2019,112,2019-03-27,640470
2019,112,2019-03-27,656803
2019,112,2019-03-27,656941
2019,112,2019-03-27,657006
2019,112,2019-03-27,657145
2019,112,2019-03-27,664023
2019,113,2019-03-27,435043
2019,113,2019-03-27,453172
2019,113,2019-03-27,456696
2019,113,2019-03-27,458015
2019,113,2019-03-27,461314
2019,113,2019-03-27,543101
2019,113,2019-03-27,543243
2019,113,2019-03-27,543699
2019,113,2019-03-27,547179
2019,113,2019-03-27,553993
2019,113,2019-03-27,571466
2019,113,2019-03-27,571657
2019,113,2019-03-27,571697
2019,113,2019-03-27,592200
2019,113,2019-03-27,593974
2019,113,2019-03-27,594988
2019,113,2019-03-27,596112
2019,113,2019-03-27,605232
2019,113,2019-03-27,605538
2019,113,2019-03-27,606299
2019,113,2019-03-27,607219
2019,113,2019-03-27,607237
2019,113,2019-03-27,607468
2019,113,2019-03-27,608371
2019,113,2019-03-27,608385
2019,113,2019-03-27,621199
2019,113,2019-03-27,622491
2019,113,2019-03-27,622492
2019,113,2019-03-27,623451
2019,113,2019-03-27,623474
2019,113,2019-03-27,624577
2019,113,2019-03-27,628452
2019,113,2019-03-27,640447
2019,113,2019-03-27,641816
2019,113,2019-03-27,642003
2019,113,2019-03-27,642350
2019,113,2019-03-27,660875
2019,113,2019-03-27,664167
2019,114,2019-03-27,424144
2019,114,2019-03-27,446372
2019,114,2019-03-27,457754
2019,114,2019-03-27,467793
2019,114,2019-03-27,471911
2019,114,2019-03-27,517593
2019,114,2019-03-27,519096
2019,114,2019-03-27,519166
2019,114,2019-03-27,543272
2019,114,2019-03-27,543401
2019,114,2019-03-27,543543
2019,114,2019-03-27,545333
2019,114,2019-03-27,547379
2019,114,2019-03-27,547982
2019,114,2019-03-27,571980
2019,114,2019-03-27,580792
2019,114,2019-03-27,592644
2019,114,2019-03-27,594736
2019,114,2019-03-27,596019
2019,114,2019-03-27,605182
2019,114,2019-03-27,605548
2019,114,2019-03-27,606992
2019,114,2019-03-27,608070
2019,114,2019-03-27,608700
2019,114,2019-03-27,608715
2019,114,2019-03-27,621295
2019,114,2019-03-27,621397
2019,114,2019-03-27,621559
2019,114,2019-03-27,622446
2019,114,2019-03-27,629496
2019,114,2019-03-27,640458
2019,114,2019-03-27,641343
2019,114,2019-03-27,643256
2019,114,2019-03-27,644374
2019,114,2019-03-27,650496
2019,114,2019-03-27,656185
2019,114,2019-03-27,656252
2019,114,2019-03-27,656529
2019,114,2019-03-27,656669
2019,114,2019-03-27,664701
2019,114,2019-03-27,669456
2019,115,2019-03-27,435622
2019,115,2019-03-27,445197
2019,115,2019-03-27,448602
2019,115,2019-03-27,451584
2019,115,2019-03-27,453568
2019,115,2019-03-27,455104
2019,115,2019-03-27,459429
2019,115,2019-03-27,493200
2019,115,2019-03-27,502517
2019,115,2019-03-27,518452
2019,115,2019-03-27,542881
2019,115,2019-03-27,543234
2019,115,2019-03-27,543734
2019,115,2019-03-27,543766
2019,115,2019-03-27,547172
2019,115,2019-03-27,571448
2019,115,2019-03-27,571595
2019,115,2019-03-27,592351
2019,115,2019-03-27,596115
2019,115,2019-03-27,597113
2019,115,2019-03-27,602074
2019,115,2019-03-27,606132
2019,115,2019-03-27,607536
2019,115,2019-03-27,608032
2019,115,2019-03-27,608566
2019,115,2019-03-27,621311
2019,115,2019-03-27,622075
2019,115,2019-03-27,622608
2019,115,2019-03-27,622786
2019,115,2019-03-27,623184
2019,115,2019-03-27,624418
2019,115,2019-03-27,641658
2019,115,2019-03-27,641857
2019,115,2019-03-27,642162
2019,115,2019-03-27,643466
2019,115,2019-03-27,656541
2019,115,2019-03-27,656546
2019,115,2019-03-27,658069
2019,115,2019-03-27,664875
2019,116,2019-03-27,408234
2019,116,2019-03-27,474568
2019,116,2019-03-27,475115
2019,116,2019-03-27,493596
2019,116,2019-03-27,500135
2019,116,2019-03-27,519043
2019,116,2019-03-27,519455
2019,116,2019-03-27,543001
2019,116,2019-03-27,543278
2019,116,2019-03-27,543281
2019,116,2019-03-27,543308
2019,116,2019-03-27,543484
2019,116,2019-03-27,571510
2019,116,2019-03-27,571656
2019,116,2019-03-27,572403
2019,116,2019-03-27,572888
2019,116,2019-03-27,592206
2019,116,2019-03-27,592348
2019,116,2019-03-27,592444
2019,116,2019-03-27,596057
2019,116,2019-03-27,600869
2019,116,2019-03-27,605242
2019,116,2019-03-27,605513
2019,116,2019-03-27,606988
2019,116,2019-03-27,608475
2019,116,2019-03-27,621385
2019,116,2019-03-27,621514
2019,116,2019-03-27,621592
2019,116,2019-03-27,622505
2019,116,2019-03-27,622682
2019,116,2019-03-27,622774
2019,116,2019-03-27,622783
2019,116,2019-03-27,640460
2019,116,2019-03-27,641525
2019,116,2019-03-27,641729
2019,116,2019-03-27,642727
2019,116,2019-03-27,643617
2019,116,2019-03-27,650489
2019,116,2019-03-27,657585
2019,116,2019-03-27,658530
2019,116,2019-03-27,664180
2019,117,2019-03-27,434378
2019,117,2019-03-27,444468
2019,117,2019-03-27,455139
2019,117,2019-03-27,488726
2019,117,2019-03-27,489119
2019,117,2019-03-27,493329
2019,117,2019-03-27,501789
2019,117,2019-03-27,501925
2019,117,2019-03-27,502210
2019,117,2019-03-27,502748
2019,117,2019-03-27,514888
2019,117,2019-03-27,519151
2019,117,2019-03-27,532077
2019,117,2019-03-27,543037
2019,117,2019-03-27,543521
2019,117,2019-03-27,543807
2019,117,2019-03-27,545350
2019,117,2019-03-27,545358
2019,117,2019-03-27,572086
2019,117,2019-03-27,594056
2019,117,2019-03-27,596117
2019,117,2019-03-27,605233
2019,117,2019-03-27,606965
2019,117,2019-03-27,607223
2019,117,2019-03-27,608324
2019,117,2019-03-27,621043
2019,117,2019-03-27,621121
2019,117,2019-03-27,642564
2019,117,2019-03-27,643393
2019,117,2019-03-27,643603
2019,117,2019-03-27,649557
2019,117,2019-03-27,650556
2019,117,2019-03-27,657209
2019,117,2019-03-27,657624
2019,117,2019-03-27,660494
2019,117,2019-03-27,663656
2019,117,2019-03-27,664285
2019,117,2019-03-27,664702
2019,117,2019-03-27,672335
2019,118,2019-03-27,446263
2019,118,2019-03-27,453178
2019,118,2019-03-27,455117
2019,118,2019-03-27,460086
2019,118,2019-03-27,502202
2019,118,2019-03-27,503449
2019,118,2019-03-27,518617
2019,118,2019-03-27,518633
2019,118,2019-03-27,521692
2019,118,2019-03-27,534910
2019,118,2019-03-27,543169
2019,118,2019-03-27,571740
2019,118,2019-03-27,572008
2019,118,2019-03-27,593160
2019,118,2019-03-27,593528
2019,118,2019-03-27,594902
2019,118,2019-03-27,595939
2019,118,2019-03-27,595956
2019,118,2019-03-27,596001
2019,118,2019-03-27,605130
2019,118,2019-03-27,605253
2019,118,2019-03-27,605347
2019,118,2019-03-27,607215
2019,118,2019-03-27,609275
2019,118,2019-03-27,621433
2019,118,2019-03-27,622092
2019,118,2019-03-27,622251
2019,118,2019-03-27,623470
2019,118,2019-03-27,624585
2019,118,2019-03-27,641531
2019,118,2019-03-27,641571
2019,118,2019-03-27,641632
2019,118,2019-03-27,641745
2019,118,2019-03-27,641838
2019,118,2019-03-27,642098
2019,118,2019-03-27,642511
2019,118,2019-03-27,642721
2019,118,2019-03-27,650619
2019,118,2019-03-27,656240
2019,118,2019-03-27,656805
2019,118,2019-03-27,656811
2019,118,2019-03-27,657612
2019,119,2019-03-27,431145
2019,119,2019-03-27,445276
2019,119,2019-03-27,448179
2019,119,2019-03-27,457759
2019,119,2019-03-27,477132
2019,119,2019-03-27,501896
2019,119,2019-03-27,502570
2019,119,2019-03-27,518397
2019,119,2019-03-27,520980
2019,119,2019-03-27,523260
2019,119,2019-03-27,547943
2019,119,2019-03-27,548389
2019,119,2019-03-27,554340
2019,119,2019-03-27,571561
2019,119,2019-03-27,571670
2019,119,2019-03-27,571771
2019,119,2019-03-27,571970
2019,119,2019-03-27,572041
2019,119,2019-03-27,592626
2019,119,2019-03-27,592779
2019,119,2019-03-27,592808
2019,119,2019-03-27,605131
2019,119,2019-03-27,607030
2019,119,2019-03-27,607461
2019,119,2019-03-27,608369
2019,119,2019-03-27,608638
2019,119,2019-03-27,621035
2019,119,2019-03-27,621111
2019,119,2019-03-27,621289
2019,119,2019-03-27,621458
2019,119,2019-03-27,622250
2019,119,2019-03-27,628317
2019,119,2019-03-27,628711
2019,119,2019-03-27,641355
2019,119,2019-03-27,642701
2019,119,2019-03-27,643354
2019,119,2019-03-27,657077
2019,119,2019-03-27,657571
2019,119,2019-03-27,660688
2019,119,2019-03-27,665751
2019,120,2019-03-27,434671
2019,120,2019-03-27,435062
2019,120,2019-03-27,435559
2019,120,2019-03-27,448281
2019,120,2019-03-27,448609
2019,120,2019-03-27,453286
2019,120,2019-03-27,475582
2019,120,2019-03-27,476451
2019,120,2019-03-27,502522
2019,120,2019-03-27,506703
2019,120,2019-03-27,543228
2019,120,2019-03-27,543685
2019,120,2019-03-27,544931
2019,120,2019-03-27,571431
2019,120,2019-03-27,571578
2019,120,2019-03-27,571851
2019,120,2019-03-27,572096
2019,120,2019-03-27,572191
2019,120,2019-03-27,572821
2019,120,2019-03-27,593833
2019,120,2019-03-27,594694
2019,120,2019-03-27,594809
2019,120,2019-03-27,594840
2019,120,2019-03-27,600466
2019,120,2019-03-27,605452
2019,120,2019-03-27,606983
2019,120,2019-03-27,607200
2019,120,2019-03-27,607208
2019,120,2019-03-27,607457
2019,120,2019-03-27,608723
2019,120,2019-03-27,613534
2019,120,2019-03-27,622772
2019,120,2019-03-27,630263
2019,120,2019-03-27,630263
2019,120,2019-03-27,641851
2019,120,2019-03-27,645302
2019,120,2019-03-27,657117
2019,120,2019-03-27,663432
2019,120,2019-03-27,664057
2019,120,2019-03-27,665742
2019,120,2019-03-27,669738
2019,121,2019-03-27,429664
2019,121,2019-03-27,450306
2019,121,2019-03-27,453943
2019,121,2019-03-27,458677
2019,121,2019-03-27,467092
2019,121,2019-03-27,476704
2019,121,2019-03-27,493316
2019,121,2019-03-27,501571
2019,121,2019-03-27,518595
2019,121,2019-03-27,542979
2019,121,2019-03-27,543193
2019,121,2019-03-27,544727
2019,121,2019-03-27,554430
2019,121,2019-03-27,571927
2019,121,2019-03-27,592789
2019,121,2019-03-27,594798
2019,121,2019-03-27,605204
2019,121,2019-03-27,607043
2019,121,2019-03-27,607229
2019,121,2019-03-27,607625
2019,121,2019-03-27,621098
2019,121,2019-03-27,621141
2019,121,2019-03-27,621242
2019,121,2019-03-27,621261
2019,121,2019-03-27,621512
2019,121,2019-03-27,622098
2019,121,2019-03-27,623149
2019,121,2019-03-27,623167
2019,121,2019-03-27,623354
2019,121,2019-03-27,623402
2019,121,2019-03-27,624424
2019,121,2019-03-27,641341
2019,121,2019-03-27,641645
2019,121,2019-03-27,642008
2019,121,2019-03-27,642086
2019,121,2019-03-27,642584
2019,121,2019-03-27,642708
2019,121,2019-03-27,643446
2019,133,2019-03-19,407845
2019,133,2019-03-19,433589
2019,133,2019-03-19,460026
2019,133,2019-03-19,462136
2019,133,2019-03-19,465657
2019,133,2019-03-19,488748
2019,133,2019-03-19,501981
2019,133,2019-03-19,521230
2019,133,2019-03-19,543257
2019,133,2019-03-19,543302
2019,133,2019-03-19,543760
2019,133,2019-03-19,571666
2019,133,2019-03-19,572033
2019,133,2019-03-19,572039
2019,133,2019-03-19,592192
2019,133,2019-03-19,592811
2019,133,2019-03-19,593423
2019,133,2019-03-19,595014
2019,133,2019-03-19,595777
2019,133,2019-03-19,596043
2019,133,2019-03-19,605194
2019,133,2019-03-19,605254
2019,133,2019-03-19,605361
2019,133,2019-03-19,605525
2019,133,2019-03-19,620439
2019,133,2019-03-19,621076
2019,133,2019-03-19,621112
2019,133,2019-03-19,621450
2019,133,2019-03-19,621566
2019,133,2019-03-19,622761
2019,133,2019-03-19,623430
2019,133,2019-03-19,640455
2019,133,2019-03-19,640461
2019,133,2019-03-19,641583
2019,133,2019-03-19,642152
2019,133,2019-03-19,642456
2019,133,2019-03-19,656305
2019,133,2019-03-19,656550
2019,133,2019-03-19,657656
2019,133,2019-03-19,664196
2019,134,2019-03-27,465041
2019,134,2019-03-27,502042
2019,134,2019-03-27,502082
2019,134,2019-03-27,516782
2019,134,2019-03-27,543475
2019,134,2019-03-27,545332
2019,134,2019-03-27,553869
2019,134,2019-03-27,553878
2019,134,2019-03-27,570256
2019,134,2019-03-27,570481
2019,134,2019-03-27,572816
2019,134,2019-03-27,591741
2019,134,2019-03-27,592468
2019,134,2019-03-27,592567
2019,134,2019-03-27,592791
2019,134,2019-03-27,592866
2019,134,2019-03-27,593140
2019,134,2019-03-27,593144
2019,134,2019-03-27,595897
2019,134,2019-03-27,596012
2019,134,2019-03-27,596720
2019,134,2019-03-27,605137
2019,134,2019-03-27,605195
2019,134,2019-03-27,605280
2019,134,2019-03-27,605309
2019,134,2019-03-27,605397
2019,134,2019-03-27,607732
2019,134,2019-03-27,621028
2019,134,2019-03-27,622338
2019,134,2019-03-27,622569
2019,134,2019-03-27,624428
2019,134,2019-03-27,628356
2019,134,2019-03-27,641771
2019,134,2019-03-27,641829
2019,134,2019-03-27,642083
2019,134,2019-03-27,643230
2019,134,2019-03-27,650813
2019,134,2019-03-27,650828
2019,134,2019-03-27,656605
2019,134,2019-03-27,657061
2019,134,2019-03-27,664141
2019,135,2019-03-27,435079
2019,135,2019-03-27,476589
2019,135,2019-03-27,476594
2019,135,2019-03-27,489334
2019,135,2019-03-27,489446
2019,135,2019-03-27,517369
2019,135,2019-03-27,543333
2019,135,2019-03-27,571901
2019,135,2019-03-27,571951
2019,135,2019-03-27,571976
2019,135,2019-03-27,572070
2019,135,2019-03-27,572362
2019,135,2019-03-27,592518
2019,135,2019-03-27,592669
2019,135,2019-03-27,593647
2019,135,2019-03-27,594824
2019,135,2019-03-27,595978
2019,135,2019-03-27,606131
2019,135,2019-03-27,608671
2019,135,2019-03-27,614173
2019,135,2019-03-27,614177
2019,135,2019-03-27,620443
2019,135,2019-03-27,620454
2019,135,2019-03-27,621381
2019,135,2019-03-27,622103
2019,135,2019-03-27,622259
2019,135,2019-03-27,622534
2019,135,2019-03-27,622766
2019,135,2019-03-27,623364
2019,135,2019-03-27,641778
2019,135,2019-03-27,642336
2019,135,2019-03-27,642770
2019,135,2019-03-27,649966
2019,135,2019-03-27,656798
2019,135,2019-03-27,658648
2019,135,2019-03-27,658668
2019,135,2019-03-27,659262
2019,135,2019-03-27,659275
2019,135,2019-03-27,663978
2019,135,2019-03-27,664028
2019,135,2019-03-27,664034
2019,135,2019-03-27,664119
2019,135,2019-03-27,664192
2019,135,2019-03-27,664208
2019,136,2019-03-19,400085
2019,136,2019-03-19,429665
2019,136,2019-03-19,453281
2019,136,2019-03-19,457803
2019,136,2019-03-19,461872
2019,136,2019-03-19,518715
2019,136,2019-03-19,519326
2019,136,2019-03-19,542888
2019,136,2019-03-19,542921
2019,136,2019-03-19,543829
2019,136,2019-03-19,553882
2019,136,2019-03-19,570267
2019,136,2019-03-19,571679
2019,136,2019-03-19,571745
2019,136,2019-03-19,572122
2019,136,2019-03-19,573127
2019,136,2019-03-19,579328
2019,136,2019-03-19,592165
2019,136,2019-03-19,592387
2019,136,2019-03-19,592705
2019,136,2019-03-19,592815
2019,136,2019-03-19,594835
2019,136,2019-03-19,595798
2019,136,2019-03-19,596129
2019,136,2019-03-19,606273
2019,136,2019-03-19,607473
2019,136,2019-03-19,621575
2019,136,2019-03-19,623323
2019,136,2019-03-19,639373
2019,136,2019-03-19,641487
2019,136,2019-03-19,643418
2019,136,2019-03-19,645307
2019,136,2019-03-19,656186
2019,136,2019-03-19,656954
2019,136,2019-03-19,657024
2019,136,2019-03-19,664238
2019,136,2019-03-19,670036
2019,137,2019-03-27,446334
2019,137,2019-03-27,453265
2019,137,2019-03-27,453343
2019,137,2019-03-27,456124
2019,137,2019-03-27,456501
2019,137,2019-03-27,457763
2019,137,2019-03-27,467055
2019,137,2019-03-27,473879
2019,137,2019-03-27,474832
2019,137,2019-03-27,502188
2019,137,2019-03-27,502706
2019,137,2019-03-27,518516
2019,137,2019-03-27,519141
2019,137,2019-03-27,519293
2019,137,2019-03-27,519381
2019,137,2019-03-27,543063
2019,137,2019-03-27,591971
2019,137,2019-03-27,593700
2019,137,2019-03-27,595881
2019,137,2019-03-27,596103
2019,137,2019-03-27,605143
2019,137,2019-03-27,605244
2019,137,2019-03-27,605301
2019,137,2019-03-27,605412
2019,137,2019-03-27,605439
2019,137,2019-03-27,605446
2019,137,2019-03-27,605498
2019,137,2019-03-27,606625
2019,137,2019-03-27,607776
2019,137,2019-03-27,608596
2019,137,2019-03-27,621389
2019,137,2019-03-27,621453
2019,137,2019-03-27,622046
2019,137,2019-03-27,623214
2019,137,2019-03-27,624507
2019,137,2019-03-27,641627
2019,137,2019-03-27,656322
2019,137,2019-03-27,656582
2019,137,2019-03-27,657277
2019,137,2019-03-27,661536
2019,137,2019-03-27,664157
2019,138,2019-03-27,425794
2019,138,2019-03-27,425877
2019,138,2019-03-27,446308
2019,138,2019-03-27,446399
2019,138,2019-03-27,451594
2019,138,2019-03-27,453192
2019,138,2019-03-27,500874
2019,138,2019-03-27,502381
2019,138,2019-03-27,502671
2019,138,2019-03-27,542303
2019,138,2019-03-27,543939
2019,138,2019-03-27,571945
2019,138,2019-03-27,572761
2019,138,2019-03-27,576397
2019,138,2019-03-27,592685
2019,138,2019-03-27,593372
2019,138,2019-03-27,594577
2019,138,2019-03-27,594965
2019,138,2019-03-27,596295
2019,138,2019-03-27,602104
2019,138,2019-03-27,605154
2019,138,2019-03-27,606149
2019,138,2019-03-27,607231
2019,138,2019-03-27,608379
2019,138,2019-03-27,608678
2019,138,2019-03-27,621052
2019,138,2019-03-27,622168
2019,138,2019-03-27,624641
2019,138,2019-03-27,641712
2019,138,2019-03-27,641933
2019,138,2019-03-27,642211
2019,138,2019-03-27,643778
2019,138,2019-03-27,650893
2019,138,2019-03-27,656427
2019,138,2019-03-27,657041
2019,138,2019-03-27,657557
2019,138,2019-03-27,663855
2019,138,2019-03-27,664056
2019,138,2019-03-27,664854
2019,138,2019-03-27,666969
2019,139,2019-03-27,450203
2019,139,2019-03-27,475054
2019,139,2019-03-27,502054
2019,139,2019-03-27,521655
2019,139,2019-03-27,541645
2019,139,2019-03-27,572287
2019,139,2019-03-27,592254
2019,139,2019-03-27,592473
2019,139,2019-03-27,592773
2019,139,2019-03-27,595281
2019,139,2019-03-27,596847
2019,139,2019-03-27,605421
2019,139,2019-03-27,605483
2019,139,2019-03-27,607188
2019,139,2019-03-27,607192
2019,139,2019-03-27,607455
2019,139,2019-03-27,621002
2019,139,2019-03-27,621056
2019,139,2019-03-27,621058
2019,139,2019-03-27,621237
2019,139,2019-03-27,621563
2019,139,2019-03-27,622110
2019,139,2019-03-27,623205
2019,139,2019-03-27,624414
2019,139,2019-03-27,624419
2019,139,2019-03-27,628338
2019,139,2019-03-27,630023
2019,139,2019-03-27,640457
2019,139,2019-03-27,641703
2019,139,2019-03-27,641941
2019,139,2019-03-27,642232
2019,139,2019-03-27,642715
2019,139,2019-03-27,643493
2019,139,2019-03-27,650490
2019,139,2019-03-27,650895
2019,139,2019-03-27,656222
2019,139,2019-03-27,660821
2019,139,2019-03-27,663411
2019,139,2019-03-27,664040
2019,139,2019-03-27,664139
2019,140,2019-03-27,425772
2019,140,2019-03-27,425783
2019,140,2019-03-27,445926
2019,140,2019-03-27,450172
2019,140,2019-03-27,452678
2019,140,2019-03-27,455119
2019,140,2019-03-27,458681
2019,140,2019-03-27,462101
2019,140,2019-03-27,501985
2019,140,2019-03-27,518875
2019,140,2019-03-27,571946
2019,140,2019-03-27,592261
2019,140,2019-03-27,592712
2019,140,2019-03-27,592767
2019,140,2019-03-27,595981
2019,140,2019-03-27,596059
2019,140,2019-03-27,600917
2019,140,2019-03-27,605488
2019,140,2019-03-27,608336
2019,140,2019-03-27,608577
2019,140,2019-03-27,608597
2019,140,2019-03-27,608652
2019,140,2019-03-27,613317
2019,140,2019-03-27,621368
2019,140,2019-03-27,621550
2019,140,2019-03-27,622795
2019,140,2019-03-27,624431
2019,140,2019-03-27,624636
2019,140,2019-03-27,641432
2019,140,2019-03-27,641962
2019,140,2019-03-27,642546
2019,140,2019-03-27,642558
2019,140,2019-03-27,643320
2019,140,2019-03-27,643335
2019,140,2019-03-27,643396
2019,140,2019-03-27,643478
2019,140,2019-03-27,656271
2019,140,2019-03-27,656685
2019,140,2019-03-27,658791
2019,140,2019-03-27,664871
2019,141,2019-03-27,453329
2019,141,2019-03-27,453385
2019,141,2019-03-27,475253
2019,141,2019-03-27,475479
2019,141,2019-03-27,520471
2019,141,2019-03-27,533167
2019,141,2019-03-27,543208
2019,141,2019-03-27,543339
2019,141,2019-03-27,545341
2019,141,2019-03-27,546990
2019,141,2019-03-27,571704
2019,141,2019-03-27,571912
2019,141,2019-03-27,572193
2019,141,2019-03-27,573186
2019,141,2019-03-27,581527
2019,141,2019-03-27,592273
2019,141,2019-03-27,592647
2019,141,2019-03-27,592717
2019,141,2019-03-27,600944
2019,141,2019-03-27,606192
2019,141,2019-03-27,607352
2019,141,2019-03-27,607680
2019,141,2019-03-27,620446
2019,141,2019-03-27,621097
2019,141,2019-03-27,621366
2019,141,2019-03-27,623381
2019,141,2019-03-27,624512
2019,141,2019-03-27,641505
2019,141,2019-03-27,641835
2019,141,2019-03-27,641856
2019,141,2019-03-27,641907
2019,141,2019-03-27,642133
2019,141,2019-03-27,643376
2019,141,2019-03-27,656887
2019,141,2019-03-27,657240
2019,141,2019-03-27,660431
2019,141,2019-03-27,660546
2019,141,2019-03-27,663423
2019,141,2019-03-27,666971
2019,141,2019-03-27,672773
2019,142,2019-03-27,443558
2019,142,2019-03-27,453284
2019,142,2019-03-27,488771
2019,142,2019-03-27,501303
2019,142,2019-03-27,501381
2019,142,2019-03-27,502043
2019,142,2019-03-27,503556
2019,142,2019-03-27,527048
2019,142,2019-03-27,543068
2019,142,2019-03-27,543483
2019,142,2019-03-27,543507
2019,142,2019-03-27,543606
2019,142,2019-03-27,553902
2019,142,2019-03-27,570731
2019,142,2019-03-27,573124
2019,142,2019-03-27,591720
2019,142,2019-03-27,592122
2019,142,2019-03-27,592665
2019,142,2019-03-27,592696
2019,142,2019-03-27,593871
2019,142,2019-03-27,593934
2019,142,2019-03-27,595909
2019,142,2019-03-27,596146
2019,142,2019-03-27,606167
2019,142,2019-03-27,607560
2019,142,2019-03-27,607755
2019,142,2019-03-27,608648
2019,142,2019-03-27,621244
2019,142,2019-03-27,621439
2019,142,2019-03-27,622382
2019,142,2019-03-27,622864
2019,142,2019-03-27,624427
2019,142,2019-03-27,624503
2019,142,2019-03-27,626929
2019,142,2019-03-27,640464
2019,142,2019-03-27,641598
2019,142,2019-03-27,641793
2019,142,2019-03-27,650333
2019,142,2019-03-27,657610
2019,142,2019-03-27,664774
2019,143,2019-03-27,450212
2019,143,2019-03-27,453562
2019,143,2019-03-27,457705
2019,143,2019-03-27,488984
2019,143,2019-03-27,501625
2019,143,2019-03-27,502085
2019,143,2019-03-27,504379
2019,143,2019-03-27,514917
2019,143,2019-03-27,516416
2019,143,2019-03-27,546318
2019,143,2019-03-27,547180
2019,143,2019-03-27,571437
2019,143,2019-03-27,572021
2019,143,2019-03-27,591693
2019,143,2019-03-27,592663
2019,143,2019-03-27,592826
2019,143,2019-03-27,593576
2019,143,2019-03-27,595191
2019,143,2019-03-27,595284
2019,143,2019-03-27,596451
2019,143,2019-03-27,596748
2019,143,2019-03-27,601713
2019,143,2019-03-27,605388
2019,143,2019-03-27,605400
2019,143,2019-03-27,605441
2019,143,2019-03-27,605520
2019,143,2019-03-27,608384
2019,143,2019-03-27,621107
2019,143,2019-03-27,622226
2019,143,2019-03-27,622554
2019,143,2019-03-27,623454
2019,143,2019-03-27,624133
2019,143,2019-03-27,644364
2019,143,2019-03-27,656354
2019,143,2019-03-27,656555
2019,143,2019-03-27,658305
2019,143,2019-03-27,658431
2019,143,2019-03-27,660614
2019,143,2019-03-27,660853
2019,143,2019-03-27,664068
2019,144,2019-03-27,435263
2019,144,2019-03-27,452095
2019,144,2019-03-27,455976
2019,144,2019-03-27,458924
2019,144,2019-03-27,503285
2019,144,2019-03-27,518586
2019,144,2019-03-27,518626
2019,144,2019-03-27,518692
2019,144,2019-03-27,527054
2019,144,2019-03-27,527055
2019,144,2019-03-27,542255
2019,144,2019-03-27,592145
2019,144,2019-03-27,592314
2019,144,2019-03-27,592332
2019,144,2019-03-27,592426
2019,144,2019-03-27,594795
2019,144,2019-03-27,594807
2019,144,2019-03-27,595465
2019,144,2019-03-27,607257
2019,144,2019-03-27,608331
2019,144,2019-03-27,621020
2019,144,2019-03-27,621345
2019,144,2019-03-27,622256
2019,144,2019-03-27,622666
2019,144,2019-03-27,627894
2019,144,2019-03-27,641149
2019,144,2019-03-27,641438
2019,144,2019-03-27,645277
2019,144,2019-03-27,647336
2019,144,2019-03-27,656577
2019,144,2019-03-27,656794
2019,144,2019-03-27,656977
2019,144,2019-03-27,657053
2019,144,2019-03-27,657097
2019,144,2019-03-27,657140
2019,144,2019-03-27,660623
2019,144,2019-03-27,660670
2019,144,2019-03-27,663465
2019,144,2019-03-27,669060
2019,145,2019-03-27,445055
2019,145,2019-03-27,456078
2019,145,2019-03-27,467100
2019,145,2019-03-27,475174
2019,145,2019-03-27,516969
2019,145,2019-03-27,517008
2019,145,2019-03-27,518858
2019,145,2019-03-27,543510
2019,145,2019-03-27,544365
2019,145,2019-03-27,544725
2019,145,2019-03-27,547170
2019,145,2019-03-27,547989
2019,145,2019-03-27,570560
2019,145,2019-03-27,592229
2019,145,2019-03-27,592612
2019,145,2019-03-27,594953
2019,145,2019-03-27,596111
2019,145,2019-03-27,600986
2019,145,2019-03-27,602922
2019,145,2019-03-27,605240
2019,145,2019-03-27,607074
2019,145,2019-03-27,607481
2019,145,2019-03-27,608334
2019,145,2019-03-27,608337
2019,145,2019-03-27,614179
2019,145,2019-03-27,621114
2019,145,2019-03-27,621350
2019,145,2019-03-27,625643
2019,145,2019-03-27,641313
2019,145,2019-03-27,641477
2019,145,2019-03-27,641553
2019,145,2019-03-27,641656
2019,145,2019-03-27,642772
2019,145,2019-03-27,650391
2019,145,2019-03-27,650520
2019,145,2019-03-27,656302
2019,145,2019-03-27,656629
2019,145,2019-03-27,656727
2019,145,2019-03-27,660162
2019,145,2019-03-27,664874
2019,146,2019-03-27,434158
2019,146,2019-03-27,435522
2019,146,2019-03-27,445988
2019,146,2019-03-27,489265
2019,146,2019-03-27,500743
2019,146,2019-03-27,516770
2019,146,2019-03-27,543045
2019,146,2019-03-27,570632
2019,146,2019-03-27,592169
2019,146,2019-03-27,592761
2019,146,2019-03-27,594011
2019,146,2019-03-27,594027
2019,146,2019-03-27,595375
2019,146,2019-03-27,595453
2019,146,2019-03-27,595751
2019,146,2019-03-27,598284
2019,146,2019-03-27,605119
2019,146,2019-03-27,606424
2019,146,2019-03-27,608716
2019,146,2019-03-27,612672
2019,146,2019-03-27,621068
2019,146,2019-03-27,621446
2019,146,2019-03-27,621573
2019,146,2019-03-27,622694
2019,146,2019-03-27,623433
2019,146,2019-03-27,641154
2019,146,2019-03-27,641755
2019,146,2019-03-27,642423
2019,146,2019-03-27,642759
2019,146,2019-03-27,643265
2019,146,2019-03-27,645261
2019,146,2019-03-27,650671
2019,146,2019-03-27,656257
2019,146,2019-03-27,656371
2019,146,2019-03-27,656509
2019,146,2019-03-27,656548
2019,146,2019-03-27,657141
2019,146,2019-03-27,660422
2019,146,2019-03-27,664918
2019,146,2019-03-27,670950
2019,147,2019-03-27,282332
2019,147,2019-03-27,453056
2019,147,2019-03-27,453064
2019,147,2019-03-27,457918
2019,147,2019-03-27,458731
2019,147,2019-03-27,476454
2019,147,2019-03-27,493603
2019,147,2019-03-27,502154
2019,147,2019-03-27,518934
2019,147,2019-03-27,519222
2019,147,2019-03-27,519317
2019,147,2019-03-27,543305
2019,147,2019-03-27,543309
2019,147,2019-03-27,544369
2019,147,2019-03-27,547888
2019,147,2019-03-27,547973
2019,147,2019-03-27,570666
2019,147,2019-03-27,572020
2019,147,2019-03-27,572228
2019,147,2019-03-27,592450
2019,147,2019-03-27,592454
2019,147,2019-03-27,593334
2019,147,2019-03-27,595885
2019,147,2019-03-27,596142
2019,147,2019-03-27,605501
2019,147,2019-03-27,609280
2019,147,2019-03-27,621294
2019,147,2019-03-27,622663
2019,147,2019-03-27,640449
2019,147,2019-03-27,642180
2019,147,2019-03-27,642528
2019,147,2019-03-27,642731
2019,147,2019-03-27,642758
2019,147,2019-03-27,642840
2019,147,2019-03-27,643338
2019,147,2019-03-27,643565
2019,147,2019-03-27,650402
2019,147,2019-03-27,656061
2019,147,2019-03-27,656547
2019,147,2019-03-27,656756
2019,147,2019-03-27,664856
2019,158,2019-03-27,444489
2019,158,2019-03-27,448855
2019,158,2019-03-27,456715
2019,158,2019-03-27,458006
2019,158,2019-03-27,460075
2019,158,2019-03-27,468504
2019,158,2019-03-27,502026
2019,158,2019-03-27,502593
2019,158,2019-03-27,502624
2019,158,2019-03-27,518735
2019,158,2019-03-27,519058
2019,158,2019-03-27,519076
2019,158,2019-03-27,519346
2019,158,2019-03-27,541650
2019,158,2019-03-27,542583
2019,158,2019-03-27,543768
2019,158,2019-03-27,543935
2019,158,2019-03-27,573135
2019,158,2019-03-27,592222
2019,158,2019-03-27,592325
2019,158,2019-03-27,592833
2019,158,2019-03-27,592865
2019,158,2019-03-27,592885
2019,158,2019-03-27,605200
2019,158,2019-03-27,605288
2019,158,2019-03-27,605486
2019,158,2019-03-27,605540
2019,158,2019-03-27,606115
2019,158,2019-03-27,606930
2019,158,2019-03-27,608349
2019,158,2019-03-27,608718
2019,158,2019-03-27,621438
2019,158,2019-03-27,623352
2019,158,2019-03-27,641924
2019,158,2019-03-27,642547
2019,158,2019-03-27,643289
2019,158,2019-03-27,650959
2019,158,2019-03-27,657011
2019,158,2019-03-27,657022
2019,158,2019-03-27,658792
2019,158,2019-03-27,669203
2021,108,2021-03-31,405395
2021,108,2021-03-31,435559
2021,108,2021-03-31,448855
2021,108,2021-03-31,451594
2021,108,2021-03-31,453265
2021,108,2021-03-31,457708
2021,108,2021-03-31,500779
2021,108,2021-03-31,501571
2021,108,2021-03-31,502171
2021,108,2021-03-31,518553
2021,108,2021-03-31,543685
2021,108,2021-03-31,545358
2021,108,2021-03-31,545361
2021,108,2021-03-31,570240
2021,108,2021-03-31,571760
2021,108,2021-03-31,572703
2021,108,2021-03-31,578428
2021,108,2021-03-31,592222
2021,108,2021-03-31,594577
2021,108,2021-03-31,605164
2021,108,2021-03-31,608686
2021,108,2021-03-31,620439
2021,108,2021-03-31,621493
2021,108,2021-03-31,621532
2021,108,2021-03-31,624586
2021,108,2021-03-31,628452
2021,108,2021-03-31,642083
2021,108,2021-03-31,642136
2021,108,2021-03-31,642545
2021,108,2021-03-31,642545
2021,108,2021-03-31,650671
2021,108,2021-03-31,650859
2021,108,2021-03-31,656288
2021,108,2021-03-31,660271
2021,108,2021-03-31,660761
2021,108,2021-03-31,663776
2021,108,2021-03-31,663776
2021,108,2021-03-31,664058
2021,108,2021-03-31,665120
2021,108,2021-03-31,666176
2021,108,2021-03-31,666668
2021,108,2021-03-31,669016
2021,108,2021-03-31,669735
2021,108,2021-03-31,670351
2021,109,2021-03-31,444482
2021,109,2021-03-31,452678
2021,109,2021-03-31,461325
2021,109,2021-03-31,465657
2021,109,2021-03-31,500871
2021,109,2021-03-31,518516
2021,109,2021-03-31,518876
2021,109,2021-03-31,519390
2021,109,2021-03-31,528748
2021,109,2021-03-31,572233
2021,109,2021-03-31,592233
2021,109,2021-03-31,592761
2021,109,2021-03-31,594777
2021,109,2021-03-31,596133
2021,109,2021-03-31,605113
2021,109,2021-03-31,606466
2021,109,2021-03-31,606965
2021,109,2021-03-31,608348
2021,109,2021-03-31,621500
2021,109,2021-03-31,622065
2021,109,2021-03-31,641541
2021,109,2021-03-31,641796
2021,109,2021-03-31,642092
2021,109,2021-03-31,642165
2021,109,2021-03-31,642203
2021,109,2021-03-31,650668
2021,109,2021-03-31,656266
2021,109,2021-03-31,656413
2021,109,2021-03-31,656464
2021,109,2021-03-31,656686
2021,109,2021-03-31,656976
2021,109,2021-03-31,661255
2021,109,2021-03-31,662139
2021,109,2021-03-31,664199
2021,109,2021-03-31,666818
2021,109,2021-03-31,668678
2021,109,2021-03-31,668942
2021,109,2021-03-31,670370
2021,109,2021-03-31,672695
2021,109,2021-03-31,676840
2021,109,2021-03-31,676886
2021,110,2021-04-01,448801
2021,110,2021-04-01,453281
2021,110,2021-04-01,491624
2021,110,2021-04-01,518774
2021,110,2021-04-01,520471
2021,110,2021-04-01,542888
2021,110,2021-04-01,547004
2021,110,2021-04-01,592644
2021,110,2021-04-01,596748
2021,110,2021-04-01,600474
2021,110,2021-04-01,602104
2021,110,2021-04-01,605347
2021,110,2021-04-01,607644
2021,110,2021-04-01,621006
2021,110,2021-04-01,621466
2021,110,2021-04-01,622253
2021,110,2021-04-01,623993
2021,110,2021-04-01,640451
2021,110,2021-04-01,641820
2021,110,2021-04-01,642082
2021,110,2021-04-01,642121
2021,110,2021-04-01,642162
2021,110,2021-04-01,643316
2021,110,2021-04-01,649144
2021,110,2021-04-01,656775
2021,110,2021-04-01,656945
2021,110,2021-04-01,663330
2021,110,2021-04-01,663527
2021,110,2021-04-01,663624
2021,110,2021-04-01,663630
2021,110,2021-04-01,664042
2021,110,2021-04-01,665152
2021,110,2021-04-01,666783
2021,110,2021-04-01,669135
2021,110,2021-04-01,669145
2021,110,2021-04-01,669211
2021,110,2021-04-01,669330
2021,110,2021-04-01,669720
2021,110,2021-04-01,675912
2021,110,2021-04-01,676625
2021,110,2021-04-01,676755
2021,111,2021-04-01,493603
2021,111,2021-04-01,502110
2021,111,2021-04-01,503556
2021,111,2021-04-01,518489
2021,111,2021-04-01,519242
2021,111,2021-04-01,527048
2021,111,2021-04-01,542882
2021,111,2021-04-01,543135
2021,111,2021-04-01,543877
2021,111,2021-04-01,570488
2021,111,2021-04-01,571771
2021,111,2021-04-01,572070
2021,111,2021-04-01,592169
2021,111,2021-04-01,592669
2021,111,2021-04-01,593428
2021,111,2021-04-01,593958
2021,111,2021-04-01,598264
2021,111,2021-04-01,601713
2021,111,2021-04-01,605155
2021,111,2021-04-01,608700
2021,111,2021-04-01,614173
2021,111,2021-04-01,617228
2021,111,2021-04-01,624414
2021,111,2021-04-01,646240
2021,111,2021-04-01,650382
2021,111,2021-04-01,656308
2021,111,2021-04-01,656557
2021,111,2021-04-01,657031
2021,111,2021-04-01,657077
2021,111,2021-04-01,657129
2021,111,2021-04-01,657136
2021,111,2021-04-01,657756
2021,111,2021-04-01,660613
2021,111,2021-04-01,660620
2021,111,2021-04-01,660825
2021,111,2021-04-01,666130
2021,111,2021-04-01,666915
2021,111,2021-04-01,667356
2021,111,2021-04-01,668888
2021,111,2021-04-01,671271
2021,111,2021-04-01,676477
2021,112,2021-03-31,453562
2021,112,2021-03-31,518792
2021,112,2021-03-31,518886
2021,112,2021-03-31,519203
2021,112,2021-03-31,519222
2021,112,2021-03-31,519299
2021,112,2021-03-31,519443
2021,112,2021-03-31,543294
2021,112,2021-03-31,545350
2021,112,2021-03-31,547172
2021,112,2021-03-31,571521
2021,112,2021-03-31,572193
2021,112,2021-03-31,575929
2021,112,2021-03-31,592094
2021,112,2021-03-31,592178
2021,112,2021-03-31,592626
2021,112,2021-03-31,592858
2021,112,2021-03-31,592866
2021,112,2021-03-31,594986
2021,112,2021-03-31,595465
2021,112,2021-03-31,595879
2021,112,2021-03-31,596027
2021,112,2021-03-31,605177
2021,112,2021-03-31,605200
2021,112,2021-03-31,621219
2021,112,2021-03-31,622110
2021,112,2021-03-31,623364
2021,112,2021-03-31,623520
2021,112,2021-03-31,624522
2021,112,2021-03-31,640464
2021,112,2021-03-31,640470
2021,112,2021-03-31,655889
2021,112,2021-03-31,656547
2021,112,2021-03-31,657006
2021,112,2021-03-31,663538
2021,112,2021-03-31,664023
2021,112,2021-03-31,665804
2021,112,2021-03-31,666622
2021,112,2021-03-31,666624
2021,112,2021-03-31,668338
2021,112,2021-03-31,676265
2021,113,2021-03-31,448281
2021,113,2021-03-31,458015
2021,113,2021-03-31,489119
2021,113,2021-03-31,519058
2021,113,2021-03-31,543243
2021,113,2021-03-31,547179
2021,113,2021-03-31,553993
2021,113,2021-03-31,571466
2021,113,2021-03-31,571657
2021,113,2021-03-31,571980
2021,113,2021-03-31,592135
2021,113,2021-03-31,592206
2021,113,2021-03-31,592254
2021,113,2021-03-31,592622
2021,113,2021-03-31,595981
2021,113,2021-03-31,605521
2021,113,2021-03-31,606157
2021,113,2021-03-31,607219
2021,113,2021-03-31,607237
2021,113,2021-03-31,607468
2021,113,2021-03-31,608334
2021,113,2021-03-31,608371
2021,113,2021-03-31,608385
2021,113,2021-03-31,620453
2021,113,2021-03-31,621011
2021,113,2021-03-31,622088
2021,113,2021-03-31,622491
2021,113,2021-03-31,641682
2021,113,2021-03-31,641816
2021,113,2021-03-31,656546
2021,113,2021-03-31,658305
2021,113,2021-03-31,660431
2021,113,2021-03-31,663574
2021,113,2021-03-31,663886
2021,113,2021-03-31,669064
2021,113,2021-03-31,669222
2021,113,2021-03-31,672335
2021,113,2021-03-31,673451
2021,113,2021-03-31,676480
2021,113,2021-03-31,676617
2021,113,2021-03-31,676660
2021,114,2021-03-31,424144
2021,114,2021-03-31,514917
2021,114,2021-03-31,543766
2021,114,2021-03-31,547379
2021,114,2021-03-31,592325
2021,114,2021-03-31,592696
2021,114,2021-03-31,595978
2021,114,2021-03-31,605548
2021,114,2021-03-31,608070
2021,114,2021-03-31,614177
2021,114,2021-03-31,615698
2021,114,2021-03-31,621295
2021,114,2021-03-31,623912
2021,114,2021-03-31,640458
2021,114,2021-03-31,641343
2021,114,2021-03-31,641900
2021,114,2021-03-31,642708
2021,114,2021-03-31,644374
2021,114,2021-03-31,647304
2021,114,2021-03-31,650496
2021,114,2021-03-31,650644
2021,114,2021-03-31,656252
2021,114,2021-03-31,656529
2021,114,2021-03-31,656669
2021,114,2021-03-31,657611
2021,114,2021-03-31,661403
2021,114,2021-03-31,663474
2021,114,2021-03-31,663531
2021,114,2021-03-31,663986
2021,114,2021-03-31,664208
2021,114,2021-03-31,665926
2021,114,2021-03-31,666134
2021,114,2021-03-31,668676
2021,114,2021-03-31,669212
2021,114,2021-03-31,669288
2021,114,2021-03-31,669456
2021,114,2021-03-31,669459
2021,114,2021-03-31,672356
2021,114,2021-03-31,672841
2021,114,2021-03-31,672841
2021,114,2021-03-31,675916
2021,114,2021-03-31,676391
2021,115,2021-03-31,453268
2021,115,2021-03-31,453568
2021,115,2021-03-31,543068
2021,115,2021-03-31,545064
2021,115,2021-03-31,553869
2021,115,2021-03-31,571710
2021,115,2021-03-31,572008
2021,115,2021-03-31,592346
2021,115,2021-03-31,592351
2021,115,2021-03-31,596112
2021,115,2021-03-31,596115
2021,115,2021-03-31,596295
2021,115,2021-03-31,602074
2021,115,2021-03-31,606132
2021,115,2021-03-31,607536
2021,115,2021-03-31,608032
2021,115,2021-03-31,608566
2021,115,2021-03-31,620445
2021,115,2021-03-31,622075
2021,115,2021-03-31,622608
2021,115,2021-03-31,623184
2021,115,2021-03-31,624418
2021,115,2021-03-31,624513
2021,115,2021-03-31,641385
2021,115,2021-03-31,641386
2021,115,2021-03-31,641658
2021,115,2021-03-31,641755
2021,115,2021-03-31,641857
2021,115,2021-03-31,642068
2021,115,2021-03-31,646243
2021,115,2021-03-31,656382
2021,115,2021-03-31,656458
2021,115,2021-03-31,656541
2021,115,2021-03-31,658069
2021,115,2021-03-31,660707
2021,115,2021-03-31,663567
2021,115,2021-03-31,663898
2021,115,2021-03-31,664875
2021,115,2021-03-31,665733
2021,115,2021-03-31,666213
2021,115,2021-03-31,670426
2021,115,2021-03-31,672487
2021,116,2021-03-31,408234
2021,116,2021-03-31,467092
2021,116,2021-03-31,527054
2021,116,2021-03-31,542585
2021,116,2021-03-31,543257
2021,116,2021-03-31,570632
2021,116,2021-03-31,570731
2021,116,2021-03-31,571510
2021,116,2021-03-31,571656
2021,116,2021-03-31,592348
2021,116,2021-03-31,592444
2021,116,2021-03-31,596057
2021,116,2021-03-31,600869
2021,116,2021-03-31,605242
2021,116,2021-03-31,605513
2021,116,2021-03-31,605612
2021,116,2021-03-31,606988
2021,116,2021-03-31,608335
2021,116,2021-03-31,608577
2021,116,2021-03-31,621514
2021,116,2021-03-31,622682
2021,116,2021-03-31,641302
2021,116,2021-03-31,641729
2021,116,2021-03-31,642397
2021,116,2021-03-31,650489
2021,116,2021-03-31,650530
2021,116,2021-03-31,656412
2021,116,2021-03-31,656537
2021,116,2021-03-31,656638
2021,116,2021-03-31,658530
2021,116,2021-03-31,663366
2021,116,2021-03-31,663554
2021,116,2021-03-31,663662
2021,116,2021-03-31,665621
2021,116,2021-03-31,666159
2021,116,2021-03-31,666214
2021,116,2021-03-31,668670
2021,116,2021-03-31,668731
2021,116,2021-03-31,669373
2021,116,2021-03-31,670097
2021,116,2021-03-31,670623
2021,117,2021-03-31,425844
2021,117,2021-03-31,434378
2021,117,2021-03-31,455117
2021,117,2021-03-31,488726
2021,117,2021-03-31,488771
2021,117,2021-03-31,493329
2021,117,2021-03-31,501925
2021,117,2021-03-31,514888
2021,117,2021-03-31,519151
2021,117,2021-03-31,520980
2021,117,2021-03-31,543606
2021,117,2021-03-31,548384
2021,117,2021-03-31,592288
2021,117,2021-03-31,592773
2021,117,2021-03-31,596117
2021,117,2021-03-31,596825
2021,117,2021-03-31,608324
2021,117,2021-03-31,621043
2021,117,2021-03-31,621121
2021,117,2021-03-31,622100
2021,117,2021-03-31,642130
2021,117,2021-03-31,643493
2021,117,2021-03-31,647351
2021,117,2021-03-31,649557
2021,117,2021-03-31,650556
2021,117,2021-03-31,656232
2021,117,2021-03-31,656981
2021,117,2021-03-31,657624
2021,117,2021-03-31,660600
2021,117,2021-03-31,663656
2021,117,2021-03-31,663959
2021,117,2021-03-31,664285
2021,117,2021-03-31,664299
2021,117,2021-03-31,664353
2021,117,2021-03-31,664702
2021,117,2021-03-31,666215
2021,117,2021-03-31,668687
2021,117,2021-03-31,670541
2021,117,2021-03-31,670550
2021,117,2021-03-31,671265
2021,117,2021-03-31,672810
2021,117,2021-03-31,676801
2021,117,2021-03-31,677651
2021,118,2021-03-31,451584
2021,118,2021-03-31,467793
2021,118,2021-03-31,501985
2021,118,2021-03-31,502481
2021,118,2021-03-31,518633
2021,118,2021-03-31,518813
2021,118,2021-03-31,521692
2021,118,2021-03-31,534910
2021,118,2021-03-31,593160
2021,118,2021-03-31,593643
2021,118,2021-03-31,595956
2021,118,2021-03-31,596001
2021,118,2021-03-31,605130
2021,118,2021-03-31,609275
2021,118,2021-03-31,622092
2021,118,2021-03-31,622251
2021,118,2021-03-31,623470
2021,118,2021-03-31,624585
2021,118,2021-03-31,641531
2021,118,2021-03-31,641745
2021,118,2021-03-31,642721
2021,118,2021-03-31,643217
2021,118,2021-03-31,643436
2021,118,2021-03-31,650619
2021,118,2021-03-31,656240
2021,118,2021-03-31,656811
2021,118,2021-03-31,658668
2021,118,2021-03-31,663460
2021,118,2021-03-31,663903
2021,118,2021-03-31,663992
2021,118,2021-03-31,664700
2021,118,2021-03-31,665650
2021,118,2021-03-31,665861
2021,118,2021-03-31,670032
2021,118,2021-03-31,670032
2021,118,2021-03-31,670084
2021,118,2021-03-31,671790
2021,118,2021-03-31,672578
2021,118,2021-03-31,672582
2021,118,2021-03-31,676604
2021,119,2021-03-31,445276
2021,119,2021-03-31,456034
2021,119,2021-03-31,457759
2021,119,2021-03-31,477132
2021,119,2021-03-31,518397
2021,119,2021-03-31,519076
2021,119,2021-03-31,523260
2021,119,2021-03-31,545333
2021,119,2021-03-31,571970
2021,119,2021-03-31,572041
2021,119,2021-03-31,592454
2021,119,2021-03-31,605131
2021,119,2021-03-31,605141
2021,119,2021-03-31,607461
2021,119,2021-03-31,608349
2021,119,2021-03-31,608369
2021,119,2021-03-31,621035
2021,119,2021-03-31,621111
2021,119,2021-03-31,621458
2021,119,2021-03-31,624647
2021,119,2021-03-31,628711
2021,119,2021-03-31,641355
2021,119,2021-03-31,641914
2021,119,2021-03-31,642701
2021,119,2021-03-31,656578
2021,119,2021-03-31,656716
2021,119,2021-03-31,656847
2021,119,2021-03-31,657571
2021,119,2021-03-31,660688
2021,119,2021-03-31,660813
2021,119,2021-03-31,664062
2021,119,2021-03-31,664076
2021,119,2021-03-31,666158
2021,119,2021-03-31,669160
2021,119,2021-03-31,669257
2021,119,2021-03-31,669952
2021,119,2021-03-31,670042
2021,119,2021-03-31,670955
2021,119,2021-03-31,672629
2021,119,2021-03-31,676646
2021,119,2021-03-31,681911
2021,120,2021-04-05,452657
2021,120,2021-04-05,453286
2021,120,2021-04-05,474568
2021,120,2021-04-05,475582
2021,120,2021-04-05,488671
2021,120,2021-04-05,501593
2021,120,2021-04-05,501789
2021,120,2021-04-05,516770
2021,120,2021-04-05,541650
2021,120,2021-04-05,543228
2021,120,2021-04-05,543272
2021,120,2021-04-05,543281
2021,120,2021-04-05,543339
2021,120,2021-04-05,544931
2021,120,2021-04-05,571578
2021,120,2021-04-05,593833
2021,120,2021-04-05,605137
2021,120,2021-04-05,605452
2021,120,2021-04-05,607200
2021,120,2021-04-05,607208
2021,120,2021-04-05,607560
2021,120,2021-04-05,608723
2021,120,2021-04-05,621348
2021,120,2021-04-05,628450
2021,120,2021-04-05,640448
2021,120,2021-04-05,641851
2021,120,2021-04-05,645302
2021,120,2021-04-05,651002
2021,120,2021-04-05,656913
2021,120,2021-04-05,656941
2021,120,2021-04-05,660494
2021,120,2021-04-05,663432
2021,120,2021-04-05,664057
2021,120,2021-04-05,664069
2021,120,2021-04-05,665742
2021,120,2021-04-05,666198
2021,120,2021-04-05,668663
2021,120,2021-04-05,671276
2021,120,2021-04-05,671277
2021,120,2021-04-05,672851
2021,121,2021-04-04,471911
2021,121,2021-04-04,476454
2021,121,2021-04-04,500874
2021,121,2021-04-04,542340
2021,121,2021-04-04,543507
2021,121,2021-04-04,543510
2021,121,2021-04-04,544727
2021,121,2021-04-04,546991
2021,121,2021-04-04,571901
2021,121,2021-04-04,573186
2021,121,2021-04-04,592789
2021,121,2021-04-04,592836
2021,121,2021-04-04,594798
2021,121,2021-04-04,596019
2021,121,2021-04-04,605204
2021,121,2021-04-04,605501
2021,121,2021-04-04,606930
2021,121,2021-04-04,607043
2021,121,2021-04-04,607229
2021,121,2021-04-04,607625
2021,121,2021-04-04,607680
2021,121,2021-04-04,612434
2021,121,2021-04-04,621242
2021,121,2021-04-04,621512
2021,121,2021-04-04,622098
2021,121,2021-04-04,623354
2021,121,2021-04-04,624413
2021,121,2021-04-04,624424
2021,121,2021-04-04,641645
2021,121,2021-04-04,642086
2021,121,2021-04-04,642584
2021,121,2021-04-04,643446
2021,121,2021-04-04,656726
2021,121,2021-04-04,656849
2021,121,2021-04-04,656887
2021,121,2021-04-04,657141
2021,121,2021-04-04,660546
2021,121,2021-04-04,663378
2021,121,2021-04-04,664192
2021,121,2021-04-04,664850
2021,121,2021-04-04,666137
2021,133,2021-03-31,433589
2021,133,2021-03-31,462101
2021,133,2021-03-31,489265
2021,133,2021-03-31,518617
2021,133,2021-03-31,519048
2021,133,2021-03-31,571666
2021,133,2021-03-31,572039
2021,133,2021-03-31,572096
2021,133,2021-03-31,572143
2021,133,2021-03-31,592192
2021,133,2021-03-31,592473
2021,133,2021-03-31,593423
2021,133,2021-03-31,605135
2021,133,2021-03-31,605244
2021,133,2021-03-31,605353
2021,133,2021-03-31,605525
2021,133,2021-03-31,607179
2021,133,2021-03-31,608344
2021,133,2021-03-31,621076
2021,133,2021-03-31,621450
2021,133,2021-03-31,621566
2021,133,2021-03-31,640455
2021,133,2021-03-31,640461
2021,133,2021-03-31,640462
2021,133,2021-03-31,641726
2021,133,2021-03-31,642152
2021,133,2021-03-31,642456
2021,133,2021-03-31,643393
2021,133,2021-03-31,656305
2021,133,2021-03-31,656364
2021,133,2021-03-31,656550
2021,133,2021-03-31,657656
2021,133,2021-03-31,664119
2021,133,2021-03-31,664301
2021,133,2021-03-31,664789
2021,133,2021-03-31,664913
2021,133,2021-03-31,666200
2021,133,2021-03-31,669221
2021,133,2021-03-31,673603
2021,134,2021-03-31,502239
2021,134,2021-03-31,542881
2021,134,2021-03-31,546990
2021,134,2021-03-31,570256
2021,134,2021-03-31,570481
2021,134,2021-03-31,592567
2021,134,2021-03-31,593140
2021,134,2021-03-31,593144
2021,134,2021-03-31,595943
2021,134,2021-03-31,605195
2021,134,2021-03-31,605421
2021,134,2021-03-31,607572
2021,134,2021-03-31,607732
2021,134,2021-03-31,608717
2021,134,2021-03-31,621028
2021,134,2021-03-31,621249
2021,134,2021-03-31,624428
2021,134,2021-03-31,640444
2021,134,2021-03-31,641341
2021,134,2021-03-31,641583
2021,134,2021-03-31,641771
2021,134,2021-03-31,643230
2021,134,2021-03-31,650828
2021,134,2021-03-31,656354
2021,134,2021-03-31,656605
2021,134,2021-03-31,657061
2021,134,2021-03-31,663647
2021,134,2021-03-31,664074
2021,134,2021-03-31,664092
2021,134,2021-03-31,664129
2021,134,2021-03-31,664141
2021,134,2021-03-31,664337
2021,134,2021-03-31,664977
2021,134,2021-03-31,665833
2021,134,2021-03-31,665854
2021,134,2021-03-31,666801
2021,134,2021-03-31,666931
2021,134,2021-03-31,667755
2021,134,2021-03-31,668804
2021,134,2021-03-31,668820
2021,134,2021-03-31,670280
2021,134,2021-03-31,672710
2021,134,2021-03-31,683232
2021,135,2021-03-31,453343
2021,135,2021-03-31,489334
2021,135,2021-03-31,502054
2021,135,2021-03-31,506433
2021,135,2021-03-31,519141
2021,135,2021-03-31,543333
2021,135,2021-03-31,543592
2021,135,2021-03-31,571976
2021,135,2021-03-31,572955
2021,135,2021-03-31,592518
2021,135,2021-03-31,592865
2021,135,2021-03-31,595777
2021,135,2021-03-31,605170
2021,135,2021-03-31,605182
2021,135,2021-03-31,605309
2021,135,2021-03-31,605397
2021,135,2021-03-31,605483
2021,135,2021-03-31,613534
2021,135,2021-03-31,620454
2021,135,2021-03-31,621381
2021,135,2021-03-31,622259
2021,135,2021-03-31,622761
2021,135,2021-03-31,630105
2021,135,2021-03-31,641941
2021,135,2021-03-31,642770
2021,135,2021-03-31,656186
2021,135,2021-03-31,657434
2021,135,2021-03-31,657612
2021,135,2021-03-31,659262
2021,135,2021-03-31,659275
2021,135,2021-03-31,663757
2021,135,2021-03-31,663978
2021,135,2021-03-31,664990
2021,135,2021-03-31,665487
2021,135,2021-03-31,666156
2021,135,2021-03-31,666168
2021,135,2021-03-31,669134
2021,135,2021-03-31,670970
2021,135,2021-03-31,671250
2021,135,2021-03-31,672779
2021,135,2021-03-31,673258
2021,135,2021-03-31,673490
2021,135,2021-03-31,677960
2021,136,2021-03-31,571704
2021,136,2021-03-31,571745
2021,136,2021-03-31,572020
2021,136,2021-03-31,572122
2021,136,2021-03-31,579328
2021,136,2021-03-31,592165
2021,136,2021-03-31,592530
2021,136,2021-03-31,593619
2021,136,2021-03-31,593619
2021,136,2021-03-31,594835
2021,136,2021-03-31,594987
2021,136,2021-03-31,606160
2021,136,2021-03-31,608596
2021,136,2021-03-31,608665
2021,136,2021-03-31,608716
2021,136,2021-03-31,620443
2021,136,2021-03-31,622268
2021,136,2021-03-31,623167
2021,136,2021-03-31,623323
2021,136,2021-03-31,641487
2021,136,2021-03-31,641584
2021,136,2021-03-31,641786
2021,136,2021-03-31,641871
2021,136,2021-03-31,643290
2021,136,2021-03-31,643418
2021,136,2021-03-31,656954
2021,136,2021-03-31,657024
2021,136,2021-03-31,657108
2021,136,2021-03-31,662253
2021,136,2021-03-31,664034
2021,136,2021-03-31,664059
2021,136,2021-03-31,664238
2021,136,2021-03-31,664714
2021,136,2021-03-31,664948
2021,136,2021-03-31,666211
2021,136,2021-03-31,667465
2021,136,2021-03-31,670090
2021,136,2021-03-31,670990
2021,136,2021-03-31,672730
2021,136,2021-03-31,676606
2021,136,2021-03-31,676684
2021,136,2021-03-31,676845
2021,136,2021-03-31,680702
2021,137,2021-03-31,446334
2021,137,2021-03-31,456501
2021,137,2021-03-31,456781
2021,137,2021-03-31,457763
2021,137,2021-03-31,459429
2021,137,2021-03-31,474832
2021,137,2021-03-31,501625
2021,137,2021-03-31,527038
2021,137,2021-03-31,543063
2021,137,2021-03-31,543101
2021,137,2021-03-31,543105
2021,137,2021-03-31,572125
2021,137,2021-03-31,573131
2021,137,2021-03-31,573262
2021,137,2021-03-31,592200
2021,137,2021-03-31,592332
2021,137,2021-03-31,592717
2021,137,2021-03-31,593974
2021,137,2021-03-31,595881
2021,137,2021-03-31,596103
2021,137,2021-03-31,600303
2021,137,2021-03-31,605154
2021,137,2021-03-31,605538
2021,137,2021-03-31,606424
2021,137,2021-03-31,606625
2021,137,2021-03-31,613564
2021,137,2021-03-31,621453
2021,137,2021-03-31,622072
2021,137,2021-03-31,623485
2021,137,2021-03-31,643289
2021,137,2021-03-31,643511
2021,137,2021-03-31,644433
2021,137,2021-03-31,657277
2021,137,2021-03-31,663698
2021,137,2021-03-31,664041
2021,137,2021-03-31,664774
2021,137,2021-03-31,665645
2021,137,2021-03-31,666619
2021,137,2021-03-31,666808
2021,137,2021-03-31,669214
2021,137,2021-03-31,670056
2021,137,2021-03-31,672744
2021,137,2021-03-31,673380
2021,138,2021-03-31,425794
2021,138,2021-03-31,425877
2021,138,2021-03-31,453192
2021,138,2021-03-31,502671
2021,138,2021-03-31,547942
2021,138,2021-03-31,571448
2021,138,2021-03-31,571945
2021,138,2021-03-31,572761
2021,138,2021-03-31,593372
2021,138,2021-03-31,594965
2021,138,2021-03-31,596056
2021,138,2021-03-31,606149
2021,138,2021-03-31,607231
2021,138,2021-03-31,621052
2021,138,2021-03-31,621573
2021,138,2021-03-31,624641
2021,138,2021-03-31,629498
2021,138,2021-03-31,641712
2021,138,2021-03-31,641933
2021,138,2021-03-31,642211
2021,138,2021-03-31,643778
2021,138,2021-03-31,645305
2021,138,2021-03-31,650893
2021,138,2021-03-31,656427
2021,138,2021-03-31,657041
2021,138,2021-03-31,657557
2021,138,2021-03-31,658551
2021,138,2021-03-31,663765
2021,138,2021-03-31,663855
2021,138,2021-03-31,664056
2021,138,2021-03-31,664854
2021,138,2021-03-31,666185
2021,138,2021-03-31,667373
2021,138,2021-03-31,668800
2021,138,2021-03-31,669242
2021,138,2021-03-31,670912
2021,138,2021-03-31,671056
2021,138,2021-03-31,676220
2021,138,2021-03-31,676831
2021,139,2021-03-31,448179
2021,139,2021-03-31,475054
2021,139,2021-03-31,502042
2021,139,2021-03-31,543118
2021,139,2021-03-31,543521
2021,139,2021-03-31,552640
2021,139,2021-03-31,572287
2021,139,2021-03-31,595281
2021,139,2021-03-31,595411
2021,139,2021-03-31,596847
2021,139,2021-03-31,605488
2021,139,2021-03-31,607192
2021,139,2021-03-31,607391
2021,139,2021-03-31,608379
2021,139,2021-03-31,621363
2021,139,2021-03-31,621433
2021,139,2021-03-31,621563
2021,139,2021-03-31,622534
2021,139,2021-03-31,623433
2021,139,2021-03-31,630023
2021,139,2021-03-31,640457
2021,139,2021-03-31,641703
2021,139,2021-03-31,642003
2021,139,2021-03-31,642232
2021,139,2021-03-31,642336
2021,139,2021-03-31,642715
2021,139,2021-03-31,650490
2021,139,2021-03-31,650895
2021,139,2021-03-31,656222
2021,139,2021-03-31,656713
2021,139,2021-03-31,656821
2021,139,2021-03-31,657044
2021,139,2021-03-31,660294
2021,139,2021-03-31,660644
2021,139,2021-03-31,663556
2021,139,2021-03-31,664040
2021,139,2021-03-31,664126
2021,139,2021-03-31,666139
2021,139,2021-03-31,668227
2021,139,2021-03-31,670712
2021,139,2021-03-31,670764
2021,139,2021-03-31,670950
2021,139,2021-03-31,672715
2021,139,2021-03-31,675977
2021,139,2021-03-31,676596
2021,140,2021-03-31,453178
2021,140,2021-03-31,501981
2021,140,2021-03-31,502043
2021,140,2021-03-31,543475
2021,140,2021-03-31,570257
2021,140,2021-03-31,571788
2021,140,2021-03-31,592314
2021,140,2021-03-31,596059
2021,140,2021-03-31,600917
2021,140,2021-03-31,605138
2021,140,2021-03-31,608336
2021,140,2021-03-31,608597
2021,140,2021-03-31,621129
2021,140,2021-03-31,621311
2021,140,2021-03-31,621368
2021,140,2021-03-31,622250
2021,140,2021-03-31,624431
2021,140,2021-03-31,641432
2021,140,2021-03-31,641540
2021,140,2021-03-31,641680
2021,140,2021-03-31,642201
2021,140,2021-03-31,642546
2021,140,2021-03-31,643396
2021,140,2021-03-31,643478
2021,140,2021-03-31,656271
2021,140,2021-03-31,656685
2021,140,2021-03-31,660731
2021,140,2021-03-31,663465
2021,140,2021-03-31,663770
2021,140,2021-03-31,663969
2021,140,2021-03-31,663993
2021,140,2021-03-31,665750
2021,140,2021-03-31,665947
2021,140,2021-03-31,666720
2021,140,2021-03-31,667463
2021,140,2021-03-31,669087
2021,140,2021-03-31,669256
2021,140,2021-03-31,669935
2021,140,2021-03-31,671272
2021,140,2021-03-31,676969
2021,140,2021-03-31,685503
2021,141,2021-03-31,475479
2021,141,2021-03-31,489446
2021,141,2021-03-31,503569
2021,141,2021-03-31,543022
2021,141,2021-03-31,543699
2021,141,2021-03-31,543760
2021,141,2021-03-31,543807
2021,141,2021-03-31,545341
2021,141,2021-03-31,547943
2021,141,2021-03-31,548389
2021,141,2021-03-31,548389
2021,141,2021-03-31,571927
2021,141,2021-03-31,591971
2021,141,2021-03-31,592662
2021,141,2021-03-31,605447
2021,141,2021-03-31,606192
2021,141,2021-03-31,606303
2021,141,2021-03-31,621366
2021,141,2021-03-31,624415
2021,141,2021-03-31,624512
2021,141,2021-03-31,641505
2021,141,2021-03-31,641672
2021,141,2021-03-31,641743
2021,141,2021-03-31,641743
2021,141,2021-03-31,641907
2021,141,2021-03-31,641943
2021,141,2021-03-31,642133
2021,141,2021-03-31,643376
2021,141,2021-03-31,643615
2021,141,2021-03-31,656180
2021,141,2021-03-31,657240
2021,141,2021-03-31,663423
2021,141,2021-03-31,663878
2021,141,2021-03-31,664157
2021,141,2021-03-31,664157
2021,141,2021-03-31,665489
2021,141,2021-03-31,666182
2021,141,2021-03-31,666971
2021,141,2021-03-31,669289
2021,141,2021-03-31,672386
2021,141,2021-03-31,672515
2021,141,2021-03-31,672640
2021,141,2021-03-31,672773
2021,141,2021-03-31,676709
2021,142,2021-03-31,443558
2021,142,2021-03-31,457918
2021,142,2021-03-31,501381
2021,142,2021-03-31,517008
2021,142,2021-03-31,518626
2021,142,2021-03-31,533167
2021,142,2021-03-31,553902
2021,142,2021-03-31,570663
2021,142,2021-03-31,573124
2021,142,2021-03-31,573204
2021,142,2021-03-31,592743
2021,142,2021-03-31,593871
2021,142,2021-03-31,593934
2021,142,2021-03-31,595909
2021,142,2021-03-31,596146
2021,142,2021-03-31,608648
2021,142,2021-03-31,621244
2021,142,2021-03-31,621439
2021,142,2021-03-31,624503
2021,142,2021-03-31,624503
2021,142,2021-03-31,626929
2021,142,2021-03-31,628317
2021,142,2021-03-31,641312
2021,142,2021-03-31,641598
2021,142,2021-03-31,641927
2021,142,2021-03-31,650333
2021,142,2021-03-31,656970
2021,142,2021-03-31,660896
2021,142,2021-03-31,661395
2021,142,2021-03-31,663793
2021,142,2021-03-31,663905
2021,142,2021-03-31,663905
2021,142,2021-03-31,664054
2021,142,2021-03-31,664247
2021,142,2021-03-31,665482
2021,142,2021-03-31,665482
2021,142,2021-03-31,666135
2021,142,2021-03-31,666163
2021,142,2021-03-31,666364
2021,142,2021-03-31,666674
2021,142,2021-03-31,667670
2021,142,2021-03-31,677976
2021,142,2021-03-31,680777
2021,143,2021-03-31,445213
2021,143,2021-03-31,457705
2021,143,2021-03-31,459964
2021,143,2021-03-31,502624
2021,143,2021-03-31,516416
2021,143,2021-03-31,519043
2021,143,2021-03-31,543543
2021,143,2021-03-31,544369
2021,143,2021-03-31,547180
2021,143,2021-03-31,554430
2021,143,2021-03-31,571735
2021,143,2021-03-31,591720
2021,143,2021-03-31,592663
2021,143,2021-03-31,592826
2021,143,2021-03-31,593576
2021,143,2021-03-31,595284
2021,143,2021-03-31,596451
2021,143,2021-03-31,605151
2021,143,2021-03-31,605400
2021,143,2021-03-31,621107
2021,143,2021-03-31,621237
2021,143,2021-03-31,622554
2021,143,2021-03-31,624133
2021,143,2021-03-31,641401
2021,143,2021-03-31,650911
2021,143,2021-03-31,656322
2021,143,2021-03-31,656514
2021,143,2021-03-31,656555
2021,143,2021-03-31,658431
2021,143,2021-03-31,661440
2021,143,2021-03-31,663559
2021,143,2021-03-31,664068
2021,143,2021-03-31,664761
2021,143,2021-03-31,665155
2021,143,2021-03-31,665561
2021,143,2021-03-31,665759
2021,143,2021-03-31,666160
2021,143,2021-03-31,668941
2021,143,2021-03-31,672839
2021,143,2021-03-31,675921
2021,143,2021-03-31,675971
2021,143,2021-03-31,676103
2021,144,2021-03-31,450203
2021,144,2021-03-31,455119
2021,144,2021-03-31,458708
2021,144,2021-03-31,467055
2021,144,2021-03-31,501303
2021,144,2021-03-31,518595
2021,144,2021-03-31,518692
2021,144,2021-03-31,518858
2021,144,2021-03-31,519293
2021,144,2021-03-31,542255
2021,144,2021-03-31,542303
2021,144,2021-03-31,554431
2021,144,2021-03-31,592426
2021,144,2021-03-31,592767
2021,144,2021-03-31,594795
2021,144,2021-03-31,608331
2021,144,2021-03-31,621020
2021,144,2021-03-31,621345
2021,144,2021-03-31,622256
2021,144,2021-03-31,622666
2021,144,2021-03-31,628338
2021,144,2021-03-31,644364
2021,144,2021-03-31,647336
2021,144,2021-03-31,656353
2021,144,2021-03-31,656577
2021,144,2021-03-31,656794
2021,144,2021-03-31,656977
2021,144,2021-03-31,657053
2021,144,2021-03-31,657097
2021,144,2021-03-31,657140
2021,144,2021-03-31,660623
2021,144,2021-03-31,660670
2021,144,2021-03-31,661388
2021,144,2021-03-31,663586
2021,144,2021-03-31,665506
2021,144,2021-03-31,665600
2021,144,2021-03-31,666120
2021,144,2021-03-31,666205
2021,144,2021-03-31,669060
2021,145,2021-03-31,458681
2021,145,2021-03-31,518735
2021,145,2021-03-31,521230
2021,145,2021-03-31,544725
2021,145,2021-03-31,547989
2021,145,2021-03-31,571875
2021,145,2021-03-31,572971
2021,145,2021-03-31,594809
2021,145,2021-03-31,605240
2021,145,2021-03-31,605359
2021,145,2021-03-31,606213
2021,145,2021-03-31,607074
2021,145,2021-03-31,607481
2021,145,2021-03-31,608337
2021,145,2021-03-31,614179
2021,145,2021-03-31,622772
2021,145,2021-03-31,625643
2021,145,2021-03-31,641313
2021,145,2021-03-31,641420
2021,145,2021-03-31,641470
2021,145,2021-03-31,641553
2021,145,2021-03-31,641576
2021,145,2021-03-31,641582
2021,145,2021-03-31,650391
2021,145,2021-03-31,650520
2021,145,2021-03-31,656302
2021,145,2021-03-31,656592
2021,145,2021-03-31,656629
2021,145,2021-03-31,657757
2021,145,2021-03-31,660162
2021,145,2021-03-31,663611
2021,145,2021-03-31,664874
2021,145,2021-03-31,664901
2021,145,2021-03-31,666164
2021,145,2021-03-31,669394
2021,145,2021-03-31,669424
2021,145,2021-03-31,670768
2021,145,2021-03-31,673357
2021,145,2021-03-31,676051
2021,145,2021-03-31,676979
2021,145,2021-03-31,680692
2021,146,2021-03-31,446321
2021,146,2021-03-31,500743
2021,146,2021-03-31,516782
2021,146,2021-03-31,542583
2021,146,2021-03-31,542914
2021,146,2021-03-31,542932
2021,146,2021-03-31,542947
2021,146,2021-03-31,554340
2021,146,2021-03-31,571670
2021,146,2021-03-31,572816
2021,146,2021-03-31,594807
2021,146,2021-03-31,595453
2021,146,2021-03-31,595751
2021,146,2021-03-31,595928
2021,146,2021-03-31,605119
2021,146,2021-03-31,621446
2021,146,2021-03-31,622694
2021,146,2021-03-31,641154
2021,146,2021-03-31,641447
2021,146,2021-03-31,642423
2021,146,2021-03-31,643256
2021,146,2021-03-31,643265
2021,146,2021-03-31,645261
2021,146,2021-03-31,647315
2021,146,2021-03-31,650331
2021,146,2021-03-31,656257
2021,146,2021-03-31,656371
2021,146,2021-03-31,656509
2021,146,2021-03-31,656548
2021,146,2021-03-31,660422
2021,146,2021-03-31,660821
2021,146,2021-03-31,663734
2021,146,2021-03-31,664350
2021,146,2021-03-31,665795
2021,146,2021-03-31,665862
2021,146,2021-03-31,666129
2021,146,2021-03-31,666464
2021,146,2021-03-31,669294
2021,146,2021-03-31,669432
2021,146,2021-03-31,672701
2021,147,2021-03-31,446372
2021,147,2021-03-31,457803
2021,147,2021-03-31,458677
2021,147,2021-03-31,458731
2021,147,2021-03-31,476595
2021,147,2021-03-31,502154
2021,147,2021-03-31,503285
2021,147,2021-03-31,518934
2021,147,2021-03-31,519317
2021,147,2021-03-31,543037
2021,147,2021-03-31,543305
2021,147,2021-03-31,543309
2021,147,2021-03-31,547973
2021,147,2021-03-31,570482
2021,147,2021-03-31,570666
2021,147,2021-03-31,572228
2021,147,2021-03-31,592450
2021,147,2021-03-31,592791
2021,147,2021-03-31,593334
2021,147,2021-03-31,596142
2021,147,2021-03-31,609280
2021,147,2021-03-31,621139
2021,147,2021-03-31,622663
2021,147,2021-03-31,640449
2021,147,2021-03-31,642180
2021,147,2021-03-31,642528
2021,147,2021-03-31,642731
2021,147,2021-03-31,643338
2021,147,2021-03-31,643565
2021,147,2021-03-31,645801
2021,147,2021-03-31,650402
2021,147,2021-03-31,650633
2021,147,2021-03-31,656061
2021,147,2021-03-31,656756
2021,147,2021-03-31,656793
2021,147,2021-03-31,657376
2021,147,2021-03-31,661563
2021,147,2021-03-31,664314
2021,147,2021-03-31,665620
2021,147,2021-03-31,665622
2021,147,2021-03-31,669805
2021,147,2021-03-31,672724
2021,147,2021-03-31,672782
2021,158,2021-03-31,444489
2021,158,2021-03-31,456715
2021,158,2021-03-31,458676
2021,158,2021-03-31,474463
2021,158,2021-03-31,541645
2021,158,2021-03-31,543768
2021,158,2021-03-31,543939
2021,158,2021-03-31,553882
2021,158,2021-03-31,571912
2021,158,2021-03-31,592833
2021,158,2021-03-31,592885
2021,158,2021-03-31,596129
2021,158,2021-03-31,598265
2021,158,2021-03-31,605233
2021,158,2021-03-31,605288
2021,158,2021-03-31,605540
2021,158,2021-03-31,606115
2021,158,2021-03-31,608718
2021,158,2021-03-31,621002
2021,158,2021-03-31,621005
2021,158,2021-03-31,621438
2021,158,2021-03-31,621438
2021,158,2021-03-31,622780
2021,158,2021-03-31,623352
2021,158,2021-03-31,623437
2021,158,2021-03-31,641360
2021,158,2021-03-31,641778
2021,158,2021-03-31,641856
2021,158,2021-03-31,641924
2021,158,2021-03-31,641999
2021,158,2021-03-31,642207
2021,158,2021-03-31,642233
2021,158,2021-03-31,642547
2021,158,2021-03-31,649966
2021,158,2021-03-31,656420
2021,158,2021-03-31,656876
2021,158,2021-03-31,664029
2021,158,2021-03-31,666128
2021,158,2021-03-31,668766
2021,158,2021-03-31,669203
2021,158,2021-03-31,669374
2021,158,2021-03-31,676424
2022,108,2022-04-06,435559
2022,108,2022-04-06,543685
2022,108,2022-04-06,545358
2022,108,2022-04-06,545361
2022,108,2022-04-06,547179
2022,108,2022-04-06,571901
2022,108,2022-04-06,572193
2022,108,2022-04-06,592789
2022,108,2022-04-06,594577
2022,108,2022-04-06,605151
2022,108,2022-04-06,608686
2022,108,2022-04-06,621142
2022,108,2022-04-06,621493
2022,108,2022-04-06,622110
2022,108,2022-04-06,623205
2022,108,2022-04-06,623474
2022,108,2022-04-06,628452
2022,108,2022-04-06,642136
2022,108,2022-04-06,642180
2022,108,2022-04-06,642545
2022,108,2022-04-06,646242
2022,108,2022-04-06,650671
2022,108,2022-04-06,650859
2022,108,2022-04-06,656288
2022,108,2022-04-06,660271
2022,108,2022-04-06,660761
2022,108,2022-04-06,661383
2022,108,2022-04-06,663478
2022,108,2022-04-06,663776
2022,108,2022-04-06,664058
2022,108,2022-04-06,665120
2022,108,2022-04-06,665625
2022,108,2022-04-06,665896
2022,108,2022-04-06,666176
2022,108,2022-04-06,669016
2022,108,2022-04-06,669735
2022,108,2022-04-06,670351
2022,108,2022-04-06,672282
2022,108,2022-04-06,676083
2022,108,2022-04-06,681806
2022,108,2022-04-06,681810
2022,108,2022-04-06,681867
2022,109,2022-04-06,424144
2022,109,2022-04-06,444482
2022,109,2022-04-06,453178
2022,109,2022-04-06,453343
2022,109,2022-04-06,518516
2022,109,2022-04-06,518876
2022,109,2022-04-06,528748
2022,109,2022-04-06,572233
2022,109,2022-04-06,573009
2022,109,2022-04-06,592761
2022,109,2022-04-06,596133
2022,109,2022-04-06,598287
2022,109,2022-04-06,605113
2022,109,2022-04-06,605200
2022,109,2022-04-06,605525
2022,109,2022-04-06,606466
2022,109,2022-04-06,608348
2022,109,2022-04-06,642203
2022,109,2022-04-06,642727
2022,109,2022-04-06,645444
2022,109,2022-04-06,650668
2022,109,2022-04-06,656266
2022,109,2022-04-06,656403
2022,109,2022-04-06,656413
2022,109,2022-04-06,656457
2022,109,2022-04-06,656669
2022,109,2022-04-06,656686
2022,109,2022-04-06,656976
2022,109,2022-04-06,662139
2022,109,2022-04-06,664983
2022,109,2022-04-06,666179
2022,109,2022-04-06,666818
2022,109,2022-04-06,668678
2022,109,2022-04-06,668942
2022,109,2022-04-06,669450
2022,109,2022-04-06,669459
2022,109,2022-04-06,670955
2022,109,2022-04-06,672695
2022,109,2022-04-06,676840
2022,109,2022-04-06,680802
2022,110,2022-04-07,455139
2022,110,2022-04-07,543475
2022,110,2022-04-07,572008
2022,110,2022-04-07,596059
2022,110,2022-04-07,602104
2022,110,2022-04-07,605347
2022,110,2022-04-07,607216
2022,110,2022-04-07,607644
2022,110,2022-04-07,621466
2022,110,2022-04-07,621532
2022,110,2022-04-07,622253
2022,110,2022-04-07,622761
2022,110,2022-04-07,623993
2022,110,2022-04-07,641329
2022,110,2022-04-07,641820
2022,110,2022-04-07,642585
2022,110,2022-04-07,642721
2022,110,2022-04-07,643316
2022,110,2022-04-07,649144
2022,110,2022-04-07,656775
2022,110,2022-04-07,657508
2022,110,2022-04-07,663325
2022,110,2022-04-07,663330
2022,110,2022-04-07,663527
2022,110,2022-04-07,663624
2022,110,2022-04-07,663630
2022,110,2022-04-07,665152
2022,110,2022-04-07,666783
2022,110,2022-04-07,669084
2022,110,2022-04-07,669145
2022,110,2022-04-07,669211
2022,110,2022-04-07,669330
2022,110,2022-04-07,669720
2022,110,2022-04-07,670810
2022,110,2022-04-07,672335
2022,110,2022-04-07,675912
2022,110,2022-04-07,676625
2022,110,2022-04-07,676755
2022,110,2022-04-07,679631
2022,110,2022-04-07,680694
2022,111,2022-04-07,448179
2022,111,2022-04-07,502110
2022,111,2022-04-07,518489
2022,111,2022-04-07,518617
2022,111,2022-04-07,519242
2022,111,2022-04-07,543135
2022,111,2022-04-07,543768
2022,111,2022-04-07,543877
2022,111,2022-04-07,570488
2022,111,2022-04-07,570663
2022,111,2022-04-07,571771
2022,111,2022-04-07,572020
2022,111,2022-04-07,593428
2022,111,2022-04-07,596115
2022,111,2022-04-07,598264
2022,111,2022-04-07,598265
2022,111,2022-04-07,601713
2022,111,2022-04-07,608379
2022,111,2022-04-07,608700
2022,111,2022-04-07,617228
2022,111,2022-04-07,621381
2022,111,2022-04-07,624414
2022,111,2022-04-07,641501
2022,111,2022-04-07,646240
2022,111,2022-04-07,650382
2022,111,2022-04-07,656354
2022,111,2022-04-07,656557
2022,111,2022-04-07,657031
2022,111,2022-04-07,657077
2022,111,2022-04-07,657136
2022,111,2022-04-07,657756
2022,111,2022-04-07,660613
2022,111,2022-04-07,660620
2022,111,2022-04-07,666130
2022,111,2022-04-07,666915
2022,111,2022-04-07,667356
2022,111,2022-04-07,669023
2022,111,2022-04-07,670174
2022,111,2022-04-07,676477
2022,111,2022-04-07,676710
2022,111,2022-04-07,678394
2022,111,2022-04-07,680776
2022,112,2022-04-06,445926
2022,112,2022-04-06,455119
2022,112,2022-04-06,489119
2022,112,2022-04-06,502085
2022,112,2022-04-06,518792
2022,112,2022-04-06,542340
2022,112,2022-04-06,542364
2022,112,2022-04-06,543228
2022,112,2022-04-06,543294
2022,112,2022-04-06,571710
2022,112,2022-04-06,573186
2022,112,2022-04-06,575929
2022,112,2022-04-06,592743
2022,112,2022-04-06,592767
2022,112,2022-04-06,592858
2022,112,2022-04-06,596057
2022,112,2022-04-06,621074
2022,112,2022-04-06,621219
2022,112,2022-04-06,621550
2022,112,2022-04-06,623364
2022,112,2022-04-06,623520
2022,112,2022-04-06,624522
2022,112,2022-04-06,640449
2022,112,2022-04-06,640470
2022,112,2022-04-06,641684
2022,112,2022-04-06,643524
2022,112,2022-04-06,655889
2022,112,2022-04-06,656364
2022,112,2022-04-06,657006
2022,112,2022-04-06,659262
2022,112,2022-04-06,663538
2022,112,2022-04-06,663611
2022,112,2022-04-06,663845
2022,112,2022-04-06,664023
2022,112,2022-04-06,664123
2022,112,2022-04-06,665804
2022,112,2022-04-06,666622
2022,112,2022-04-06,666624
2022,112,2022-04-06,669805
2022,112,2022-04-06,672744
2022,112,2022-04-06,673548
2022,112,2022-04-06,676051
2022,112,2022-04-06,676265
2022,112,2022-04-06,676369
2022,112,2022-04-06,681799
2022,113,2022-04-06,456781
2022,113,2022-04-06,458015
2022,113,2022-04-06,458677
2022,113,2022-04-06,501985
2022,113,2022-04-06,502054
2022,113,2022-04-06,519058
2022,113,2022-04-06,519326
2022,113,2022-04-06,570666
2022,113,2022-04-06,571657
2022,113,2022-04-06,571980
2022,113,2022-04-06,592567
2022,113,2022-04-06,605521
2022,113,2022-04-06,606157
2022,113,2022-04-06,608371
2022,113,2022-04-06,621011
2022,113,2022-04-06,622088
2022,113,2022-04-06,622491
2022,113,2022-04-06,641584
2022,113,2022-04-06,641682
2022,113,2022-04-06,641816
2022,113,2022-04-06,643290
2022,113,2022-04-06,650960
2022,113,2022-04-06,656546
2022,113,2022-04-06,656627
2022,113,2022-04-06,663574
2022,113,2022-04-06,663697
2022,113,2022-04-06,663886
2022,113,2022-04-06,664294
2022,113,2022-04-06,664670
2022,113,2022-04-06,664747
2022,113,2022-04-06,665665
2022,113,2022-04-06,668881
2022,113,2022-04-06,669222
2022,113,2022-04-06,670770
2022,113,2022-04-06,675653
2022,113,2022-04-06,676480
2022,113,2022-04-06,676617
2022,113,2022-04-06,676660
2022,113,2022-04-06,678323
2022,114,2022-04-06,543238
2022,114,2022-04-06,543766
2022,114,2022-04-06,571912
2022,114,2022-04-06,595978
2022,114,2022-04-06,605548
2022,114,2022-04-06,608070
2022,114,2022-04-06,614177
2022,114,2022-04-06,615698
2022,114,2022-04-06,640458
2022,114,2022-04-06,642708
2022,114,2022-04-06,644374
2022,114,2022-04-06,647304
2022,114,2022-04-06,650644
2022,114,2022-04-06,656252
2022,114,2022-04-06,656529
2022,114,2022-04-06,661403
2022,114,2022-04-06,663455
2022,114,2022-04-06,663474
2022,114,2022-04-06,663531
2022,114,2022-04-06,663752
2022,114,2022-04-06,663986
2022,114,2022-04-06,664702
2022,114,2022-04-06,665926
2022,114,2022-04-06,666134
2022,114,2022-04-06,668676
2022,114,2022-04-06,668964
2022,114,2022-04-06,669212
2022,114,2022-04-06,669456
2022,114,2022-04-06,671289
2022,114,2022-04-06,671655
2022,114,2022-04-06,672356
2022,114,2022-04-06,672841
2022,114,2022-04-06,675916
2022,114,2022-04-06,676391
2022,114,2022-04-06,677587
2022,114,2022-04-06,677588
2022,114,2022-04-06,678877
2022,114,2022-04-06,680700
2022,114,2022-04-06,680704
2022,114,2022-04-06,680757
2022,114,2022-04-06,680911
2022,114,2022-04-06,681526
2022,115,2022-04-07,453268
2022,115,2022-04-07,453568
2022,115,2022-04-07,468504
2022,115,2022-04-07,517008
2022,115,2022-04-07,543068
2022,115,2022-04-07,545341
2022,115,2022-04-07,553869
2022,115,2022-04-07,578428
2022,115,2022-04-07,592178
2022,115,2022-04-07,596112
2022,115,2022-04-07,596295
2022,115,2022-04-07,602074
2022,115,2022-04-07,607536
2022,115,2022-04-07,608032
2022,115,2022-04-07,608566
2022,115,2022-04-07,621389
2022,115,2022-04-07,622608
2022,115,2022-04-07,623184
2022,115,2022-04-07,623485
2022,115,2022-04-07,624513
2022,115,2022-04-07,641386
2022,115,2022-04-07,641658
2022,115,2022-04-07,641755
2022,115,2022-04-07,641771
2022,115,2022-04-07,641857
2022,115,2022-04-07,642068
2022,115,2022-04-07,642759
2022,115,2022-04-07,656458
2022,115,2022-04-07,656541
2022,115,2022-04-07,656582
2022,115,2022-04-07,660707
2022,115,2022-04-07,663372
2022,115,2022-04-07,663562
2022,115,2022-04-07,663567
2022,115,2022-04-07,664875
2022,115,2022-04-07,666213
2022,115,2022-04-07,668723
2022,115,2022-04-07,669020
2022,115,2022-04-07,672487
2022,115,2022-04-07,676701
2022,115,2022-04-07,678662
2022,116,2022-04-07,408234
2022,116,2022-04-07,501381
2022,116,2022-04-07,542585
2022,116,2022-04-07,543257
2022,116,2022-04-07,570731
2022,116,2022-04-07,571466
2022,116,2022-04-07,571800
2022,116,2022-04-07,572863
2022,116,2022-04-07,593958
2022,116,2022-04-07,595879
2022,116,2022-04-07,600869
2022,116,2022-04-07,605177
2022,116,2022-04-07,605242
2022,116,2022-04-07,605513
2022,116,2022-04-07,605612
2022,116,2022-04-07,606930
2022,116,2022-04-07,606992
2022,116,2022-04-07,608335
2022,116,2022-04-07,622682
2022,116,2022-04-07,640457
2022,116,2022-04-07,641302
2022,116,2022-04-07,641729
2022,116,2022-04-07,642397
2022,116,2022-04-07,650489
2022,116,2022-04-07,650530
2022,116,2022-04-07,656412
2022,116,2022-04-07,656537
2022,116,2022-04-07,656638
2022,116,2022-04-07,660730
2022,116,2022-04-07,663554
2022,116,2022-04-07,663662
2022,116,2022-04-07,665019
2022,116,2022-04-07,665621
2022,116,2022-04-07,666159
2022,116,2022-04-07,666214
2022,116,2022-04-07,668670
2022,116,2022-04-07,668731
2022,116,2022-04-07,669373
2022,116,2022-04-07,669804
2022,116,2022-04-07,670097
2022,116,2022-04-07,671345
2022,116,2022-04-07,676684
2022,116,2022-04-07,679529
2022,117,2022-04-06,434378
2022,117,2022-04-06,455117
2022,117,2022-04-06,488726
2022,117,2022-04-06,488771
2022,117,2022-04-06,493329
2022,117,2022-04-06,514888
2022,117,2022-04-06,519151
2022,117,2022-04-06,520980
2022,117,2022-04-06,543606
2022,117,2022-04-06,592348
2022,117,2022-04-06,592773
2022,117,2022-04-06,593576
2022,117,2022-04-06,606160
2022,117,2022-04-06,608324
2022,117,2022-04-06,621121
2022,117,2022-04-06,622100
2022,117,2022-04-06,642130
2022,117,2022-04-06,642350
2022,117,2022-04-06,642834
2022,117,2022-04-06,649557
2022,117,2022-04-06,650556
2022,117,2022-04-06,656232
2022,117,2022-04-06,656981
2022,117,2022-04-06,657624
2022,117,2022-04-06,660600
2022,117,2022-04-06,661527
2022,117,2022-04-06,663656
2022,117,2022-04-06,663959
2022,117,2022-04-06,664208
2022,117,2022-04-06,664299
2022,117,2022-04-06,664353
2022,117,2022-04-06,665161
2022,117,2022-04-06,666215
2022,117,2022-04-06,669309
2022,117,2022-04-06,670541
2022,117,2022-04-06,676694
2022,117,2022-04-06,676801
2022,117,2022-04-06,677651
2022,117,2022-04-06,681869
2022,118,2022-04-06,425844
2022,118,2022-04-06,467793
2022,118,2022-04-06,521692
2022,118,2022-04-06,572191
2022,118,2022-04-06,593160
2022,118,2022-04-06,593619
2022,118,2022-04-06,595956
2022,118,2022-04-06,605130
2022,118,2022-04-06,607237
2022,118,2022-04-06,609275
2022,118,2022-04-06,622251
2022,118,2022-04-06,641394
2022,118,2022-04-06,641531
2022,118,2022-04-06,641745
2022,118,2022-04-06,642100
2022,118,2022-04-06,643217
2022,118,2022-04-06,656896
2022,118,2022-04-06,658668
2022,118,2022-04-06,663460
2022,118,2022-04-06,663738
2022,118,2022-04-06,663804
2022,118,2022-04-06,663903
2022,118,2022-04-06,664199
2022,118,2022-04-06,664728
2022,118,2022-04-06,665861
2022,118,2022-04-06,668472
2022,118,2022-04-06,669004
2022,118,2022-04-06,669169
2022,118,2022-04-06,669395
2022,118,2022-04-06,670032
2022,118,2022-04-06,670246
2022,118,2022-04-06,671790
2022,118,2022-04-06,672578
2022,118,2022-04-06,672580
2022,118,2022-04-06,672582
2022,118,2022-04-06,676092
2022,118,2022-04-06,676604
2022,118,2022-04-06,680742
2022,119,2022-04-07,456034
2022,119,2022-04-07,457759
2022,119,2022-04-07,477132
2022,119,2022-04-07,518633
2022,119,2022-04-07,518692
2022,119,2022-04-07,518886
2022,119,2022-04-07,519076
2022,119,2022-04-07,542881
2022,119,2022-04-07,543339
2022,119,2022-04-07,571760
2022,119,2022-04-07,571970
2022,119,2022-04-07,592454
2022,119,2022-04-07,593643
2022,119,2022-04-07,605131
2022,119,2022-04-07,605141
2022,119,2022-04-07,607208
2022,119,2022-04-07,621035
2022,119,2022-04-07,621111
2022,119,2022-04-07,621458
2022,119,2022-04-07,623465
2022,119,2022-04-07,624647
2022,119,2022-04-07,628345
2022,119,2022-04-07,628711
2022,119,2022-04-07,641355
2022,119,2022-04-07,641360
2022,119,2022-04-07,656578
2022,119,2022-04-07,656716
2022,119,2022-04-07,657571
2022,119,2022-04-07,660813
2022,119,2022-04-07,664062
2022,119,2022-04-07,664076
2022,119,2022-04-07,666158
2022,119,2022-04-07,669160
2022,119,2022-04-07,669257
2022,119,2022-04-07,669952
2022,119,2022-04-07,675627
2022,119,2022-04-07,676070
2022,119,2022-04-07,677865
2022,119,2022-04-07,678391
2022,119,2022-04-07,678760
2022,119,2022-04-07,681546
2022,119,2022-04-07,681911
2022,120,2022-04-06,434671
2022,120,2022-04-06,443558
2022,120,2022-04-06,444876
2022,120,2022-04-06,448281
2022,120,2022-04-06,501303
2022,120,2022-04-06,501789
2022,120,2022-04-06,502179
2022,120,2022-04-06,514917
2022,120,2022-04-06,518553
2022,120,2022-04-06,544931
2022,120,2022-04-06,571578
2022,120,2022-04-06,600921
2022,120,2022-04-06,605137
2022,120,2022-04-06,605452
2022,120,2022-04-06,607200
2022,120,2022-04-06,608723
2022,120,2022-04-06,621348
2022,120,2022-04-06,628450
2022,120,2022-04-06,640448
2022,120,2022-04-06,640451
2022,120,2022-04-06,641907
2022,120,2022-04-06,642028
2022,120,2022-04-06,645302
2022,120,2022-04-06,656180
2022,120,2022-04-06,656620
2022,120,2022-04-06,656913
2022,120,2022-04-06,657041
2022,120,2022-04-06,660688
2022,120,2022-04-06,660906
2022,120,2022-04-06,661541
2022,120,2022-04-06,663432
2022,120,2022-04-06,665650
2022,120,2022-04-06,665742
2022,120,2022-04-06,666168
2022,120,2022-04-06,666198
2022,120,2022-04-06,668663
2022,120,2022-04-06,671276
2022,120,2022-04-06,671277
2022,120,2022-04-06,672629
2022,120,2022-04-06,672851
2022,120,2022-04-06,680686
2022,120,2022-04-06,681885
2022,121,2022-04-06,429664
2022,121,2022-04-06,453286
2022,121,2022-04-06,471911
2022,121,2022-04-06,493603
2022,121,2022-04-06,500871
2022,121,2022-04-06,516782
2022,121,2022-04-06,543507
2022,121,2022-04-06,543510
2022,121,2022-04-06,570257
2022,121,2022-04-06,592192
2022,121,2022-04-06,592741
2022,121,2022-04-06,592836
2022,121,2022-04-06,592866
2022,121,2022-04-06,594798
2022,121,2022-04-06,595928
2022,121,2022-04-06,596019
2022,121,2022-04-06,596082
2022,121,2022-04-06,605135
2022,121,2022-04-06,605204
2022,121,2022-04-06,607043
2022,121,2022-04-06,607625
2022,121,2022-04-06,608671
2022,121,2022-04-06,621242
2022,121,2022-04-06,621512
2022,121,2022-04-06,622098
2022,121,2022-04-06,624413
2022,121,2022-04-06,641645
2022,121,2022-04-06,642086
2022,121,2022-04-06,643446
2022,121,2022-04-06,656731
2022,121,2022-04-06,656849
2022,121,2022-04-06,656887
2022,121,2022-04-06,660546
2022,121,2022-04-06,661255
2022,121,2022-04-06,663378
2022,121,2022-04-06,663911
2022,121,2022-04-06,664192
2022,121,2022-04-06,664850
2022,121,2022-04-06,666137
2022,121,2022-04-06,668901
2022,121,2022-04-06,676130
2022,121,2022-04-06,677595
2022,133,2022-04-07,462101
2022,133,2022-04-07,476704
2022,133,2022-04-07,500610
2022,133,2022-04-07,518748
2022,133,2022-04-07,519390
2022,133,2022-04-07,572039
2022,133,2022-04-07,592473
2022,133,2022-04-07,593423
2022,133,2022-04-07,594580
2022,133,2022-04-07,608344
2022,133,2022-04-07,621076
2022,133,2022-04-07,621082
2022,133,2022-04-07,621112
2022,133,2022-04-07,621450
2022,133,2022-04-07,621450
2022,133,2022-04-07,640461
2022,133,2022-04-07,640462
2022,133,2022-04-07,641703
2022,133,2022-04-07,641726
2022,133,2022-04-07,641856
2022,133,2022-04-07,641914
2022,133,2022-04-07,642137
2022,133,2022-04-07,642152
2022,133,2022-04-07,642456
2022,133,2022-04-07,642758
2022,133,2022-04-07,643393
2022,133,2022-04-07,656657
2022,133,2022-04-07,661309
2022,133,2022-04-07,664119
2022,133,2022-04-07,664301
2022,133,2022-04-07,664913
2022,133,2022-04-07,665506
2022,133,2022-04-07,666204
2022,133,2022-04-07,667427
2022,133,2022-04-07,669221
2022,133,2022-04-07,669397
2022,133,2022-04-07,669912
2022,133,2022-04-07,670124
2022,133,2022-04-07,672478
2022,133,2022-04-07,673603
2022,133,2022-04-07,675656
2022,133,2022-04-07,678478
2022,133,2022-04-07,681146
2022,134,2022-04-06,500779
2022,134,2022-04-06,546990
2022,134,2022-04-06,547379
2022,134,2022-04-06,592325
2022,134,2022-04-06,592390
2022,134,2022-04-06,595284
2022,134,2022-04-06,596071
2022,134,2022-04-06,596129
2022,134,2022-04-06,605507
2022,134,2022-04-06,607455
2022,134,2022-04-06,607572
2022,134,2022-04-06,608717
2022,134,2022-04-06,621028
2022,134,2022-04-06,621249
2022,134,2022-04-06,640444
2022,134,2022-04-06,642165
2022,134,2022-04-06,656185
2022,134,2022-04-06,656308
2022,134,2022-04-06,656605
2022,134,2022-04-06,657061
2022,134,2022-04-06,660294
2022,134,2022-04-06,660636
2022,134,2022-04-06,660829
2022,134,2022-04-06,663647
2022,134,2022-04-06,664141
2022,134,2022-04-06,664337
2022,134,2022-04-06,664977
2022,134,2022-04-06,665833
2022,134,2022-04-06,665854
2022,134,2022-04-06,666801
2022,134,2022-04-06,667465
2022,134,2022-04-06,668804
2022,134,2022-04-06,668820
2022,134,2022-04-06,669060
2022,134,2022-04-06,669261
2022,134,2022-04-06,670280
2022,134,2022-04-06,672710
2022,134,2022-04-06,672779
2022,134,2022-04-06,675986
2022,134,2022-04-06,678894
2022,134,2022-04-06,680552
2022,134,2022-04-06,683232
2022,135,2022-04-06,472610
2022,135,2022-04-06,489334
2022,135,2022-04-06,506433
2022,135,2022-04-06,519141
2022,135,2022-04-06,543333
2022,135,2022-04-06,543592
2022,135,2022-04-06,571976
2022,135,2022-04-06,572955
2022,135,2022-04-06,592518
2022,135,2022-04-06,595751
2022,135,2022-04-06,595777
2022,135,2022-04-06,605182
2022,135,2022-04-06,605397
2022,135,2022-04-06,605483
2022,135,2022-04-06,607259
2022,135,2022-04-06,607461
2022,135,2022-04-06,613534
2022,135,2022-04-06,621051
2022,135,2022-04-06,622503
2022,135,2022-04-06,630105
2022,135,2022-04-06,640455
2022,135,2022-04-06,642770
2022,135,2022-04-06,657612
2022,135,2022-04-06,658648
2022,135,2022-04-06,659275
2022,135,2022-04-06,663158
2022,135,2022-04-06,663753
2022,135,2022-04-06,663757
2022,135,2022-04-06,664954
2022,135,2022-04-06,665487
2022,135,2022-04-06,666703
2022,135,2022-04-06,667725
2022,135,2022-04-06,669022
2022,135,2022-04-06,669134
2022,135,2022-04-06,670970
2022,135,2022-04-06,673258
2022,135,2022-04-06,673490
2022,135,2022-04-06,677960
2022,135,2022-04-06,678061
2022,135,2022-04-06,678713
2022,136,2022-04-07,489265
2022,136,2022-04-07,553993
2022,136,2022-04-07,571704
2022,136,2022-04-07,571745
2022,136,2022-04-07,592662
2022,136,2022-04-07,594835
2022,136,2022-04-07,594987
2022,136,2022-04-07,608385
2022,136,2022-04-07,608596
2022,136,2022-04-07,608716
2022,136,2022-04-07,620443
2022,136,2022-04-07,622268
2022,136,2022-04-07,623149
2022,136,2022-04-07,623167
2022,136,2022-04-07,624428
2022,136,2022-04-07,641487
2022,136,2022-04-07,641786
2022,136,2022-04-07,647351
2022,136,2022-04-07,650895
2022,136,2022-04-07,656821
2022,136,2022-04-07,656954
2022,136,2022-04-07,657024
2022,136,2022-04-07,657108
2022,136,2022-04-07,662253
2022,136,2022-04-07,663728
2022,136,2022-04-07,664034
2022,136,2022-04-07,664238
2022,136,2022-04-07,664948
2022,136,2022-04-07,666211
2022,136,2022-04-07,666374
2022,136,2022-04-07,669302
2022,136,2022-04-07,670036
2022,136,2022-04-07,670090
2022,136,2022-04-07,670990
2022,136,2022-04-07,672284
2022,136,2022-04-07,672730
2022,136,2022-04-07,676606
2022,136,2022-04-07,677594
2022,136,2022-04-07,679754
2022,136,2022-04-07,680702
2022,137,2022-04-07,446334
2022,137,2022-04-07,459429
2022,137,2022-04-07,474832
2022,137,2022-04-07,501625
2022,137,2022-04-07,502171
2022,137,2022-04-07,527038
2022,137,2022-04-07,543063
2022,137,2022-04-07,543101
2022,137,2022-04-07,571510
2022,137,2022-04-07,573131
2022,137,2022-04-07,573262
2022,137,2022-04-07,592200
2022,137,2022-04-07,592626
2022,137,2022-04-07,595881
2022,137,2022-04-07,596001
2022,137,2022-04-07,596103
2022,137,2022-04-07,600303
2022,137,2022-04-07,605154
2022,137,2022-04-07,606424
2022,137,2022-04-07,607074
2022,137,2022-04-07,608678
2022,137,2022-04-07,613564
2022,137,2022-04-07,621453
2022,137,2022-04-07,622072
2022,137,2022-04-07,628708
2022,137,2022-04-07,641793
2022,137,2022-04-07,642731
2022,137,2022-04-07,643289
2022,137,2022-04-07,643511
2022,137,2022-04-07,657277
2022,137,2022-04-07,663546
2022,137,2022-04-07,663698
2022,137,2022-04-07,663897
2022,137,2022-04-07,664041
2022,137,2022-04-07,664774
2022,137,2022-04-07,665645
2022,137,2022-04-07,666619
2022,137,2022-04-07,666808
2022,137,2022-04-07,669674
2022,137,2022-04-07,671218
2022,137,2022-04-07,678495
2022,138,2022-04-06,405395
2022,138,2022-04-06,425794
2022,138,2022-04-06,425877
2022,138,2022-04-06,502671
2022,138,2022-04-06,519008
2022,138,2022-04-06,571448
2022,138,2022-04-06,571927
2022,138,2022-04-06,571945
2022,138,2022-04-06,572403
2022,138,2022-04-06,572816
2022,138,2022-04-06,605156
2022,138,2022-04-06,606149
2022,138,2022-04-06,621052
2022,138,2022-04-06,621295
2022,138,2022-04-06,624641
2022,138,2022-04-06,641712
2022,138,2022-04-06,641933
2022,138,2022-04-06,643615
2022,138,2022-04-06,645305
2022,138,2022-04-06,650893
2022,138,2022-04-06,656427
2022,138,2022-04-06,657557
2022,138,2022-04-06,658551
2022,138,2022-04-06,660766
2022,138,2022-04-06,663457
2022,138,2022-04-06,663765
2022,138,2022-04-06,663855
2022,138,2022-04-06,664056
2022,138,2022-04-06,664854
2022,138,2022-04-06,666185
2022,138,2022-04-06,667373
2022,138,2022-04-06,668800
2022,138,2022-04-06,669242
2022,138,2022-04-06,670912
2022,138,2022-04-06,671056
2022,138,2022-04-06,673904
2022,138,2022-04-06,676050
2022,138,2022-04-06,676831
2022,138,2022-04-06,680977
2022,138,2022-04-06,681643
2022,139,2022-04-07,446372
2022,139,2022-04-07,548384
2022,139,2022-04-07,552640
2022,139,2022-04-07,572287
2022,139,2022-04-07,592094
2022,139,2022-04-07,595281
2022,139,2022-04-07,596847
2022,139,2022-04-07,605488
2022,139,2022-04-07,605538
2022,139,2022-04-07,607192
2022,139,2022-04-07,607391
2022,139,2022-04-07,608638
2022,139,2022-04-07,621248
2022,139,2022-04-07,621363
2022,139,2022-04-07,621433
2022,139,2022-04-07,622534
2022,139,2022-04-07,623433
2022,139,2022-04-07,623912
2022,139,2022-04-07,630023
2022,139,2022-04-07,642232
2022,139,2022-04-07,642336
2022,139,2022-04-07,650490
2022,139,2022-04-07,650907
2022,139,2022-04-07,656222
2022,139,2022-04-07,656420
2022,139,2022-04-07,656713
2022,139,2022-04-07,656876
2022,139,2022-04-07,657044
2022,139,2022-04-07,660644
2022,139,2022-04-07,663556
2022,139,2022-04-07,664040
2022,139,2022-04-07,664126
2022,139,2022-04-07,665154
2022,139,2022-04-07,666018
2022,139,2022-04-07,666139
2022,139,2022-04-07,668227
2022,139,2022-04-07,669358
2022,139,2022-04-07,670042
2022,139,2022-04-07,670623
2022,139,2022-04-07,670764
2022,139,2022-04-07,672715
2022,139,2022-04-07,676534
2022,139,2022-04-07,676596
2022,139,2022-04-07,676720
2022,139,2022-04-07,677551
2022,140,2022-04-07,456713
2022,140,2022-04-07,518586
2022,140,2022-04-07,518813
2022,140,2022-04-07,527048
2022,140,2022-04-07,543543
2022,140,2022-04-07,543760
2022,140,2022-04-07,572070
2022,140,2022-04-07,592351
2022,140,2022-04-07,594777
2022,140,2022-04-07,600917
2022,140,2022-04-07,607359
2022,140,2022-04-07,608369
2022,140,2022-04-07,621368
2022,140,2022-04-07,622250
2022,140,2022-04-07,628451
2022,140,2022-04-07,641432
2022,140,2022-04-07,641540
2022,140,2022-04-07,641598
2022,140,2022-04-07,641680
2022,140,2022-04-07,642201
2022,140,2022-04-07,642546
2022,140,2022-04-07,642701
2022,140,2022-04-07,656061
2022,140,2022-04-07,656271
2022,140,2022-04-07,656685
2022,140,2022-04-07,657248
2022,140,2022-04-07,663465
2022,140,2022-04-07,663770
2022,140,2022-04-07,663993
2022,140,2022-04-07,665750
2022,140,2022-04-07,666720
2022,140,2022-04-07,666969
2022,140,2022-04-07,667463
2022,140,2022-04-07,669087
2022,140,2022-04-07,669256
2022,140,2022-04-07,669618
2022,140,2022-04-07,669935
2022,140,2022-04-07,675921
2022,140,2022-04-07,676568
2022,140,2022-04-07,676646
2022,140,2022-04-07,676766
2022,140,2022-04-07,677649
2022,141,2022-04-07,475479
2022,141,2022-04-07,543807
2022,141,2022-04-07,547943
2022,141,2022-04-07,548389
2022,141,2022-04-07,554340
2022,141,2022-04-07,579328
2022,141,2022-04-07,592332
2022,141,2022-04-07,605447
2022,141,2022-04-07,606132
2022,141,2022-04-07,606192
2022,141,2022-04-07,607755
2022,141,2022-04-07,621244
2022,141,2022-04-07,621366
2022,141,2022-04-07,624415
2022,141,2022-04-07,641470
2022,141,2022-04-07,641672
2022,141,2022-04-07,641741
2022,141,2022-04-07,641743
2022,141,2022-04-07,641835
2022,141,2022-04-07,641943
2022,141,2022-04-07,642048
2022,141,2022-04-07,643256
2022,141,2022-04-07,643376
2022,141,2022-04-07,656305
2022,141,2022-04-07,657240
2022,141,2022-04-07,663423
2022,141,2022-04-07,663878
2022,141,2022-04-07,665489
2022,141,2022-04-07,666182
2022,141,2022-04-07,666201
2022,141,2022-04-07,666971
2022,141,2022-04-07,668470
2022,141,2022-04-07,669289
2022,141,2022-04-07,670102
2022,141,2022-04-07,670950
2022,141,2022-04-07,672386
2022,141,2022-04-07,672515
2022,141,2022-04-07,672640
2022,141,2022-04-07,677870
2022,142,2022-04-07,501925
2022,142,2022-04-07,502042
2022,142,2022-04-07,543056
2022,142,2022-04-07,543243
2022,142,2022-04-07,570482
2022,142,2022-04-07,573204
2022,142,2022-04-07,593871
2022,142,2022-04-07,593934
2022,142,2022-04-07,596142
2022,142,2022-04-07,596146
2022,142,2022-04-07,605164
2022,142,2022-04-07,605194
2022,142,2022-04-07,608648
2022,142,2022-04-07,621043
2022,142,2022-04-07,621439
2022,142,2022-04-07,624503
2022,142,2022-04-07,628317
2022,142,2022-04-07,641927
2022,142,2022-04-07,641941
2022,142,2022-04-07,643377
2022,142,2022-04-07,650333
2022,142,2022-04-07,657746
2022,142,2022-04-07,660896
2022,142,2022-04-07,661395
2022,142,2022-04-07,663485
2022,142,2022-04-07,663558
2022,142,2022-04-07,663616
2022,142,2022-04-07,663978
2022,142,2022-04-07,664054
2022,142,2022-04-07,664584
2022,142,2022-04-07,665482
2022,142,2022-04-07,666135
2022,142,2022-04-07,666364
2022,142,2022-04-07,668904
2022,142,2022-04-07,669304
2022,142,2022-04-07,669416
2022,142,2022-04-07,675977
2022,142,2022-04-07,677976
2022,142,2022-04-07,678692
2022,142,2022-04-07,680739
2022,142,2022-04-07,680777
2022,142,2022-04-07,681808
2022,143,2022-04-07,502043
2022,143,2022-04-07,516416
2022,143,2022-04-07,543272
2022,143,2022-04-07,544369
2022,143,2022-04-07,544727
2022,143,2022-04-07,546318
2022,143,2022-04-07,547180
2022,143,2022-04-07,554430
2022,143,2022-04-07,592206
2022,143,2022-04-07,592288
2022,143,2022-04-07,592663
2022,143,2022-04-07,595411
2022,143,2022-04-07,596117
2022,143,2022-04-07,605400
2022,143,2022-04-07,608349
2022,143,2022-04-07,621107
2022,143,2022-04-07,621237
2022,143,2022-04-07,622554
2022,143,2022-04-07,622666
2022,143,2022-04-07,624133
2022,143,2022-04-07,641401
2022,143,2022-04-07,650911
2022,143,2022-04-07,656322
2022,143,2022-04-07,656555
2022,143,2022-04-07,656793
2022,143,2022-04-07,656803
2022,143,2022-04-07,656941
2022,143,2022-04-07,663559
2022,143,2022-04-07,663704
2022,143,2022-04-07,663837
2022,143,2022-04-07,664761
2022,143,2022-04-07,664848
2022,143,2022-04-07,665155
2022,143,2022-04-07,665560
2022,143,2022-04-07,665561
2022,143,2022-04-07,665922
2022,143,2022-04-07,666160
2022,143,2022-04-07,668941
2022,143,2022-04-07,668968
2022,143,2022-04-07,672839
2022,143,2022-04-07,676103
2022,143,2022-04-07,677593
2022,143,2022-04-07,681082
2022,144,2022-04-06,444489
2022,144,2022-04-06,445276
2022,144,2022-04-06,450203
2022,144,2022-04-06,489446
2022,144,2022-04-06,503285
2022,144,2022-04-06,518595
2022,144,2022-04-06,519293
2022,144,2022-04-06,542303
2022,144,2022-04-06,543105
2022,144,2022-04-06,543351
2022,144,2022-04-06,543521
2022,144,2022-04-06,554431
2022,144,2022-04-06,592426
2022,144,2022-04-06,592696
2022,144,2022-04-06,592804
2022,144,2022-04-06,594807
2022,144,2022-04-06,606115
2022,144,2022-04-06,608331
2022,144,2022-04-06,621020
2022,144,2022-04-06,621345
2022,144,2022-04-06,621566
2022,144,2022-04-06,628338
2022,144,2022-04-06,641513
2022,144,2022-04-06,644433
2022,144,2022-04-06,647336
2022,144,2022-04-06,656353
2022,144,2022-04-06,656794
2022,144,2022-04-06,657053
2022,144,2022-04-06,657097
2022,144,2022-04-06,657140
2022,144,2022-04-06,660604
2022,144,2022-04-06,660623
2022,144,2022-04-06,660670
2022,144,2022-04-06,661388
2022,144,2022-04-06,663586
2022,144,2022-04-06,666120
2022,144,2022-04-06,666205
2022,144,2022-04-06,669276
2022,144,2022-04-06,671221
2022,144,2022-04-06,675911
2022,144,2022-04-06,676206
2022,144,2022-04-06,676570
2022,144,2022-04-06,682016
2022,145,2022-04-07,458681
2022,145,2022-04-07,518735
2022,145,2022-04-07,521230
2022,145,2022-04-07,523260
2022,145,2022-04-07,544725
2022,145,2022-04-07,547989
2022,145,2022-04-07,572041
2022,145,2022-04-07,572971
2022,145,2022-04-07,592826
2022,145,2022-04-07,605195
2022,145,2022-04-07,606213
2022,145,2022-04-07,607481
2022,145,2022-04-07,608337
2022,145,2022-04-07,608665
2022,145,2022-04-07,614179
2022,145,2022-04-07,621114
2022,145,2022-04-07,621383
2022,145,2022-04-07,624512
2022,145,2022-04-07,625643
2022,145,2022-04-07,641313
2022,145,2022-04-07,641553
2022,145,2022-04-07,641582
2022,145,2022-04-07,644429
2022,145,2022-04-07,646243
2022,145,2022-04-07,650391
2022,145,2022-04-07,656302
2022,145,2022-04-07,656514
2022,145,2022-04-07,656629
2022,145,2022-04-07,656986
2022,145,2022-04-07,657757
2022,145,2022-04-07,660162
2022,145,2022-04-07,663467
2022,145,2022-04-07,663853
2022,145,2022-04-07,664901
2022,145,2022-04-07,669394
2022,145,2022-04-07,669424
2022,145,2022-04-07,673357
2022,145,2022-04-07,676979
2022,145,2022-04-07,680692
2022,145,2022-04-07,683734
2022,146,2022-04-07,500743
2022,146,2022-04-07,541645
2022,146,2022-04-07,542583
2022,146,2022-04-07,542888
2022,146,2022-04-07,542914
2022,146,2022-04-07,542932
2022,146,2022-04-07,542947
2022,146,2022-04-07,545343
2022,146,2022-04-07,547001
2022,146,2022-04-07,595345
2022,146,2022-04-07,605119
2022,146,2022-04-07,607732
2022,146,2022-04-07,621563
2022,146,2022-04-07,622694
2022,146,2022-04-07,624585
2022,146,2022-04-07,641154
2022,146,2022-04-07,641447
2022,146,2022-04-07,642121
2022,146,2022-04-07,643265
2022,146,2022-04-07,645261
2022,146,2022-04-07,647315
2022,146,2022-04-07,650331
2022,146,2022-04-07,650559
2022,146,2022-04-07,656548
2022,146,2022-04-07,656945
2022,146,2022-04-07,660821
2022,146,2022-04-07,663743
2022,146,2022-04-07,664350
2022,146,2022-04-07,665795
2022,146,2022-04-07,665862
2022,146,2022-04-07,666129
2022,146,2022-04-07,666200
2022,146,2022-04-07,666464
2022,146,2022-04-07,667297
2022,146,2022-04-07,668721
2022,146,2022-04-07,669294
2022,146,2022-04-07,669432
2022,146,2022-04-07,669622
2022,146,2022-04-07,672701
2022,146,2022-04-07,674944
2022,147,2022-04-07,476595
2022,147,2022-04-07,502154
2022,147,2022-04-07,503556
2022,147,2022-04-07,518626
2022,147,2022-04-07,518934
2022,147,2022-04-07,519203
2022,147,2022-04-07,519317
2022,147,2022-04-07,543037
2022,147,2022-04-07,543305
2022,147,2022-04-07,543309
2022,147,2022-04-07,547973
2022,147,2022-04-07,592450
2022,147,2022-04-07,592791
2022,147,2022-04-07,593334
2022,147,2022-04-07,593974
2022,147,2022-04-07,605280
2022,147,2022-04-07,608336
2022,147,2022-04-07,609280
2022,147,2022-04-07,612434
2022,147,2022-04-07,622663
2022,147,2022-04-07,624431
2022,147,2022-04-07,641482
2022,147,2022-04-07,641796
2022,147,2022-04-07,641853
2022,147,2022-04-07,642528
2022,147,2022-04-07,643338
2022,147,2022-04-07,643396
2022,147,2022-04-07,650402
2022,147,2022-04-07,650633
2022,147,2022-04-07,656756
2022,147,2022-04-07,657376
2022,147,2022-04-07,661563
2022,147,2022-04-07,664314
2022,147,2022-04-07,665620
2022,147,2022-04-07,665622
2022,147,2022-04-07,665828
2022,147,2022-04-07,666163
2022,147,2022-04-07,670050
2022,147,2022-04-07,672724
2022,147,2022-04-07,672782
2022,147,2022-04-07,676664
2022,147,2022-04-07,676760
2022,147,2022-04-07,677592
2022,158,2022-04-06,456715
2022,158,2022-04-06,457705
2022,158,2022-04-06,502202
2022,158,2022-04-06,543939
2022,158,2022-04-06,553882
2022,158,2022-04-06,570632
2022,158,2022-04-06,571948
2022,158,2022-04-06,592669
2022,158,2022-04-06,592885
2022,158,2022-04-06,594311
2022,158,2022-04-06,605170
2022,158,2022-04-06,605288
2022,158,2022-04-06,605540
2022,158,2022-04-06,607054
2022,158,2022-04-06,608718
2022,158,2022-04-06,621438
2022,158,2022-04-06,622569
2022,158,2022-04-06,622780
2022,158,2022-04-06,623352
2022,158,2022-04-06,623437
2022,158,2022-04-06,641627
2022,158,2022-04-06,641778
2022,158,2022-04-06,641999
2022,158,2022-04-06,642133
2022,158,2022-04-06,642207
2022,158,2022-04-06,642547
2022,158,2022-04-06,642715
2022,158,2022-04-06,649966
2022,158,2022-04-06,650496
2022,158,2022-04-06,664776
2022,158,2022-04-06,666128
2022,158,2022-04-06,667376
2022,158,2022-04-06,668766
2022,158,2022-04-06,669203
2022,158,2022-04-06,669374
2022,158,2022-04-06,670712
2022,158,2022-04-06,676424
2022,158,2022-04-06,676879
2023,108,2023-03-29,519043
2023,108,2023-03-29,542881
2023,108,2023-03-29,543685
2023,108,2023-03-29,545358
2023,108,2023-03-29,545361
2023,108,2023-03-29,570482
2023,108,2023-03-29,571875
2023,108,2023-03-29,571901
2023,108,2023-03-29,572193
2023,108,2023-03-29,592273
2023,108,2023-03-29,592669
2023,108,2023-03-29,592848
2023,108,2023-03-29,608032
2023,108,2023-03-29,621057
2023,108,2023-03-29,621433
2023,108,2023-03-29,621493
2023,108,2023-03-29,623205
2023,108,2023-03-29,623474
2023,108,2023-03-29,642136
2023,108,2023-03-29,642545
2023,108,2023-03-29,650671
2023,108,2023-03-29,650859
2023,108,2023-03-29,656288
2023,108,2023-03-29,656353
2023,108,2023-03-29,660271
2023,108,2023-03-29,660761
2023,108,2023-03-29,663776
2023,108,2023-03-29,664058
2023,108,2023-03-29,665120
2023,108,2023-03-29,665896
2023,108,2023-03-29,666160
2023,108,2023-03-29,666176
2023,108,2023-03-29,667755
2023,108,2023-03-29,669721
2023,108,2023-03-29,669735
2023,108,2023-03-29,670869
2023,108,2023-03-29,672282
2023,108,2023-03-29,681217
2023,108,2023-03-29,681351
2023,108,2023-03-29,681806
2023,108,2023-03-29,683021
2023,108,2023-03-29,688427
2023,109,2023-03-29,446334
2023,109,2023-03-29,453343
2023,109,2023-03-29,518516
2023,109,2023-03-29,518876
2023,109,2023-03-29,543518
2023,109,2023-03-29,572233
2023,109,2023-03-29,573009
2023,109,2023-03-29,605113
2023,109,2023-03-29,605177
2023,109,2023-03-29,605200
2023,109,2023-03-29,606466
2023,109,2023-03-29,608348
2023,109,2023-03-29,612434
2023,109,2023-03-29,642121
2023,109,2023-03-29,645444
2023,109,2023-03-29,656464
2023,109,2023-03-29,656686
2023,109,2023-03-29,656896
2023,109,2023-03-29,656976
2023,109,2023-03-29,660636
2023,109,2023-03-29,664983
2023,109,2023-03-29,666150
2023,109,2023-03-29,666179
2023,109,2023-03-29,666818
2023,109,2023-03-29,666971
2023,109,2023-03-29,668678
2023,109,2023-03-29,668942
2023,109,2023-03-29,669194
2023,109,2023-03-29,669459
2023,109,2023-03-29,672515
2023,109,2023-03-29,672695
2023,109,2023-03-29,672841
2023,109,2023-03-29,674072
2023,109,2023-03-29,677942
2023,109,2023-03-29,677950
2023,109,2023-03-29,678489
2023,109,2023-03-29,679885
2023,109,2023-03-29,682998
2023,109,2023-03-29,686753
2023,110,2023-03-29,502043
2023,110,2023-03-29,543056
2023,110,2023-03-29,543510
2023,110,2023-03-29,571710
2023,110,2023-03-29,602104
2023,110,2023-03-29,607216
2023,110,2023-03-29,607216
2023,110,2023-03-29,607644
2023,110,2023-03-29,608344
2023,110,2023-03-29,608723
2023,110,2023-03-29,622253
2023,110,2023-03-29,622761
2023,110,2023-03-29,623993
2023,110,2023-03-29,624428
2023,110,2023-03-29,641329
2023,110,2023-03-29,642585
2023,110,2023-03-29,656775
2023,110,2023-03-29,657093
2023,110,2023-03-29,657508
2023,110,2023-03-29,663624
2023,110,2023-03-29,663630
2023,110,2023-03-29,663989
2023,110,2023-03-29,665152
2023,110,2023-03-29,666974
2023,110,2023-03-29,668939
2023,110,2023-03-29,669065
2023,110,2023-03-29,669084
2023,110,2023-03-29,669145
2023,110,2023-03-29,669211
2023,110,2023-03-29,669330
2023,110,2023-03-29,669720
2023,110,2023-03-29,670810
2023,110,2023-03-29,672335
2023,110,2023-03-29,679631
2023,110,2023-03-29,680570
2023,110,2023-03-29,680694
2023,110,2023-03-29,680723
2023,110,2023-03-29,683002
2023,110,2023-03-29,686751
2023,110,2023-03-29,687401
2023,110,2023-03-29,690374
2023,111,2023-03-29,445276
2023,111,2023-03-29,446372
2023,111,2023-03-29,455119
2023,111,2023-03-29,457759
2023,111,2023-03-29,518489
2023,111,2023-03-29,519242
2023,111,2023-03-29,570257
2023,111,2023-03-29,571771
2023,111,2023-03-29,572020
2023,111,2023-03-29,594807
2023,111,2023-03-29,596115
2023,111,2023-03-29,601713
2023,111,2023-03-29,608701
2023,111,2023-03-29,609275
2023,111,2023-03-29,624414
2023,111,2023-03-29,624512
2023,111,2023-03-29,644374
2023,111,2023-03-29,646240
2023,111,2023-03-29,656557
2023,111,2023-03-29,657077
2023,111,2023-03-29,657136
2023,111,2023-03-29,665839
2023,111,2023-03-29,666152
2023,111,2023-03-29,666915
2023,111,2023-03-29,667356
2023,111,2023-03-29,669684
2023,111,2023-03-29,670090
2023,111,2023-03-29,670167
2023,111,2023-03-29,670174
2023,111,2023-03-29,671213
2023,111,2023-03-29,672391
2023,111,2023-03-29,676477
2023,111,2023-03-29,676710
2023,111,2023-03-29,677161
2023,111,2023-03-29,677800
2023,111,2023-03-29,678394
2023,111,2023-03-29,678882
2023,111,2023-03-29,680776
2023,111,2023-03-29,687888
2023,111,2023-03-29,807799
2023,112,2023-03-29,502202
2023,112,2023-03-29,543228
2023,112,2023-03-29,543294
2023,112,2023-03-29,543333
2023,112,2023-03-29,571466
2023,112,2023-03-29,573186
2023,112,2023-03-29,592716
2023,112,2023-03-29,592767
2023,112,2023-03-29,592791
2023,112,2023-03-29,605242
2023,112,2023-03-29,620443
2023,112,2023-03-29,621020
2023,112,2023-03-29,621074
2023,112,2023-03-29,621458
2023,112,2023-03-29,621550
2023,112,2023-03-29,624522
2023,112,2023-03-29,640470
2023,112,2023-03-29,641355
2023,112,2023-03-29,641820
2023,112,2023-03-29,657240
2023,112,2023-03-29,663538
2023,112,2023-03-29,663611
2023,112,2023-03-29,664023
2023,112,2023-03-29,665804
2023,112,2023-03-29,665871
2023,112,2023-03-29,666624
2023,112,2023-03-29,668873
2023,112,2023-03-29,669093
2023,112,2023-03-29,669713
2023,112,2023-03-29,670156
2023,112,2023-03-29,672744
2023,112,2023-03-29,676051
2023,112,2023-03-29,676369
2023,112,2023-03-29,676714
2023,112,2023-03-29,676962
2023,112,2023-03-29,680695
2023,112,2023-03-29,681799
2023,112,2023-03-29,682634
2023,112,2023-03-29,686754
2023,113,2023-03-29,458015
2023,113,2023-03-29,518585
2023,113,2023-03-29,570666
2023,113,2023-03-29,571656
2023,113,2023-03-29,571912
2023,113,2023-03-29,571976
2023,113,2023-03-29,592200
2023,113,2023-03-29,608371
2023,113,2023-03-29,621028
2023,113,2023-03-29,622088
2023,113,2023-03-29,641584
2023,113,2023-03-29,643290
2023,113,2023-03-29,656413
2023,113,2023-03-29,656818
2023,113,2023-03-29,656986
2023,113,2023-03-29,661269
2023,113,2023-03-29,663574
2023,113,2023-03-29,663697
2023,113,2023-03-29,663886
2023,113,2023-03-29,664139
2023,113,2023-03-29,664747
2023,113,2023-03-29,665665
2023,113,2023-03-29,666157
2023,113,2023-03-29,666181
2023,113,2023-03-29,668715
2023,113,2023-03-29,668881
2023,113,2023-03-29,668933
2023,113,2023-03-29,668984
2023,113,2023-03-29,669222
2023,113,2023-03-29,669256
2023,113,2023-03-29,669270
2023,113,2023-03-29,670770
2023,113,2023-03-29,672279
2023,113,2023-03-29,676480
2023,113,2023-03-29,676689
2023,113,2023-03-29,680689
2023,113,2023-03-29,682227
2023,113,2023-03-29,682622
2023,113,2023-03-29,682829
2023,113,2023-03-29,686651
2023,114,2023-03-29,572287
2023,114,2023-03-29,605137
2023,114,2023-03-29,608070
2023,114,2023-03-29,615698
2023,114,2023-03-29,642708
2023,114,2023-03-29,647304
2023,114,2023-03-29,650644
2023,114,2023-03-29,656529
2023,114,2023-03-29,660757
2023,114,2023-03-29,660853
2023,114,2023-03-29,661403
2023,114,2023-03-29,663455
2023,114,2023-03-29,663467
2023,114,2023-03-29,663474
2023,114,2023-03-29,663752
2023,114,2023-03-29,663986
2023,114,2023-03-29,664702
2023,114,2023-03-29,665926
2023,114,2023-03-29,666310
2023,114,2023-03-29,668676
2023,114,2023-03-29,669212
2023,114,2023-03-29,669456
2023,114,2023-03-29,671289
2023,114,2023-03-29,671655
2023,114,2023-03-29,672356
2023,114,2023-03-29,675540
2023,114,2023-03-29,675916
2023,114,2023-03-29,676282
2023,114,2023-03-29,677587
2023,114,2023-03-29,677588
2023,114,2023-03-29,678877
2023,114,2023-03-29,680700
2023,114,2023-03-29,680704
2023,114,2023-03-29,680757
2023,114,2023-03-29,681526
2023,114,2023-03-29,682120
2023,114,2023-03-29,682657
2023,114,2023-03-29,682877
2023,114,2023-03-29,683769
2023,114,2023-03-29,686823
2023,115,2023-03-29,453268
2023,115,2023-03-29,453568
2023,115,2023-03-29,519058
2023,115,2023-03-29,543068
2023,115,2023-03-29,543272
2023,115,2023-03-29,545341
2023,115,2023-03-29,553869
2023,115,2023-03-29,570632
2023,115,2023-03-29,572955
2023,115,2023-03-29,592178
2023,115,2023-03-29,595777
2023,115,2023-03-29,596295
2023,115,2023-03-29,602074
2023,115,2023-03-29,605612
2023,115,2023-03-29,607536
2023,115,2023-03-29,608566
2023,115,2023-03-29,608718
2023,115,2023-03-29,621389
2023,115,2023-03-29,622608
2023,115,2023-03-29,641755
2023,115,2023-03-29,641857
2023,115,2023-03-29,656234
2023,115,2023-03-29,656248
2023,115,2023-03-29,656458
2023,115,2023-03-29,657756
2023,115,2023-03-29,659275
2023,115,2023-03-29,660707
2023,115,2023-03-29,661531
2023,115,2023-03-29,663372
2023,115,2023-03-29,663562
2023,115,2023-03-29,663567
2023,115,2023-03-29,663898
2023,115,2023-03-29,663971
2023,115,2023-03-29,664875
2023,115,2023-03-29,666134
2023,115,2023-03-29,666207
2023,115,2023-03-29,668970
2023,115,2023-03-29,669020
2023,115,2023-03-29,669911
2023,115,2023-03-29,676701
2023,115,2023-03-29,678662
2023,115,2023-03-29,679734
2023,115,2023-03-29,682653
2023,115,2023-03-29,683232
2023,115,2023-03-29,686668
2023,116,2023-03-29,408234
2023,116,2023-03-29,542585
2023,116,2023-03-29,547179
2023,116,2023-03-29,570731
2023,116,2023-03-29,571510
2023,116,2023-03-29,593958
2023,116,2023-03-29,595879
2023,116,2023-03-29,605513
2023,116,2023-03-29,606992
2023,116,2023-03-29,640457
2023,116,2023-03-29,641302
2023,116,2023-03-29,656412
2023,116,2023-03-29,656638
2023,116,2023-03-29,656716
2023,116,2023-03-29,663527
2023,116,2023-03-29,663554
2023,116,2023-03-29,663837
2023,116,2023-03-29,663947
2023,116,2023-03-29,663947
2023,116,2023-03-29,664848
2023,116,2023-03-29,665155
2023,116,2023-03-29,666159
2023,116,2023-03-29,666214
2023,116,2023-03-29,668670
2023,116,2023-03-29,668731
2023,116,2023-03-29,668952
2023,116,2023-03-29,669373
2023,116,2023-03-29,669438
2023,116,2023-03-29,670097
2023,116,2023-03-29,670955
2023,116,2023-03-29,671345
2023,116,2023-03-29,672761
2023,116,2023-03-29,676684
2023,116,2023-03-29,678009
2023,116,2023-03-29,679529
2023,116,2023-03-29,681481
2023,116,2023-03-29,681643
2023,116,2023-03-29,681857
2023,116,2023-03-29,682051
2023,116,2023-03-29,682985
2023,116,2023-03-29,686531
2023,116,2023-03-29,686839
2023,116,2023-03-29,689225
2023,117,2023-03-29,455117
2023,117,2023-03-29,488726
2023,117,2023-03-29,514888
2023,117,2023-03-29,519151
2023,117,2023-03-29,547989
2023,117,2023-03-29,592773
2023,117,2023-03-29,593576
2023,117,2023-03-29,606160
2023,117,2023-03-29,608324
2023,117,2023-03-29,621121
2023,117,2023-03-29,641585
2023,117,2023-03-29,642130
2023,117,2023-03-29,643289
2023,117,2023-03-29,650556
2023,117,2023-03-29,656232
2023,117,2023-03-29,656695
2023,117,2023-03-29,656786
2023,117,2023-03-29,657424
2023,117,2023-03-29,660600
2023,117,2023-03-29,661527
2023,117,2023-03-29,663656
2023,117,2023-03-29,664208
2023,117,2023-03-29,664299
2023,117,2023-03-29,664353
2023,117,2023-03-29,665161
2023,117,2023-03-29,666215
2023,117,2023-03-29,669309
2023,117,2023-03-29,669854
2023,117,2023-03-29,670541
2023,117,2023-03-29,673237
2023,117,2023-03-29,676625
2023,117,2023-03-29,676632
2023,117,2023-03-29,676694
2023,117,2023-03-29,676801
2023,117,2023-03-29,677651
2023,117,2023-03-29,681869
2023,117,2023-03-29,682073
2023,117,2023-03-29,686613
2023,117,2023-03-29,686676
2023,118,2023-03-29,425844
2023,118,2023-03-29,521692
2023,118,2023-03-29,543475
2023,118,2023-03-29,547973
2023,118,2023-03-29,605130
2023,118,2023-03-29,607237
2023,118,2023-03-29,621016
2023,118,2023-03-29,622251
2023,118,2023-03-29,641394
2023,118,2023-03-29,641531
2023,118,2023-03-29,641745
2023,118,2023-03-29,642232
2023,118,2023-03-29,657031
2023,118,2023-03-29,658668
2023,118,2023-03-29,663460
2023,118,2023-03-29,663738
2023,118,2023-03-29,663804
2023,118,2023-03-29,663903
2023,118,2023-03-29,664199
2023,118,2023-03-29,664728
2023,118,2023-03-29,666023
2023,118,2023-03-29,666721
2023,118,2023-03-29,668472
2023,118,2023-03-29,669004
2023,118,2023-03-29,669169
2023,118,2023-03-29,669392
2023,118,2023-03-29,669395
2023,118,2023-03-29,670032
2023,118,2023-03-29,671221
2023,118,2023-03-29,672578
2023,118,2023-03-29,672580
2023,118,2023-03-29,672582
2023,118,2023-03-29,676092
2023,118,2023-03-29,677951
2023,118,2023-03-29,678746
2023,118,2023-03-29,679525
2023,118,2023-03-29,680742
2023,118,2023-03-29,681987
2023,118,2023-03-29,686469
2023,118,2023-03-29,686681
2023,119,2023-03-29,444482
2023,119,2023-03-29,477132
2023,119,2023-03-29,500743
2023,119,2023-03-29,502110
2023,119,2023-03-29,518692
2023,119,2023-03-29,519076
2023,119,2023-03-29,543339
2023,119,2023-03-29,571946
2023,119,2023-03-29,571970
2023,119,2023-03-29,572204
2023,119,2023-03-29,592789
2023,119,2023-03-29,595014
2023,119,2023-03-29,605131
2023,119,2023-03-29,605141
2023,119,2023-03-29,621035
2023,119,2023-03-29,621052
2023,119,2023-03-29,621111
2023,119,2023-03-29,622075
2023,119,2023-03-29,623465
2023,119,2023-03-29,624647
2023,119,2023-03-29,628711
2023,119,2023-03-29,641360
2023,119,2023-03-29,656420
2023,119,2023-03-29,656578
2023,119,2023-03-29,657571
2023,119,2023-03-29,660634
2023,119,2023-03-29,660813
2023,119,2023-03-29,664062
2023,119,2023-03-29,666158
2023,119,2023-03-29,669160
2023,119,2023-03-29,669257
2023,119,2023-03-29,675627
2023,119,2023-03-29,676356
2023,119,2023-03-29,677865
2023,119,2023-03-29,678246
2023,119,2023-03-29,678391
2023,119,2023-03-29,678760
2023,119,2023-03-29,681546
2023,119,2023-03-29,681624
2023,119,2023-03-29,681911
2023,119,2023-03-29,682616
2023,119,2023-03-29,683737
2023,119,2023-03-29,686752
2023,120,2023-03-29,502179
2023,120,2023-03-29,541640
2023,120,2023-03-29,544931
2023,120,2023-03-29,545121
2023,120,2023-03-29,571578
2023,120,2023-03-29,572816
2023,120,2023-03-29,592866
2023,120,2023-03-29,600869
2023,120,2023-03-29,605218
2023,120,2023-03-29,607179
2023,120,2023-03-29,608841
2023,120,2023-03-29,640448
2023,120,2023-03-29,640451
2023,120,2023-03-29,642086
2023,120,2023-03-29,644364
2023,120,2023-03-29,645302
2023,120,2023-03-29,656180
2023,120,2023-03-29,656448
2023,120,2023-03-29,657041
2023,120,2023-03-29,660688
2023,120,2023-03-29,663432
2023,120,2023-03-29,663623
2023,120,2023-03-29,663658
2023,120,2023-03-29,666168
2023,120,2023-03-29,666198
2023,120,2023-03-29,666906
2023,120,2023-03-29,669022
2023,120,2023-03-29,669023
2023,120,2023-03-29,669091
2023,120,2023-03-29,669743
2023,120,2023-03-29,671131
2023,120,2023-03-29,671277
2023,120,2023-03-29,672832
2023,120,2023-03-29,672851
2023,120,2023-03-29,676265
2023,120,2023-03-29,676917
2023,120,2023-03-29,678606
2023,120,2023-03-29,680686
2023,120,2023-03-29,682707
2023,120,2023-03-29,682928
2023,121,2023-03-29,434378
2023,121,2023-03-29,453286
2023,121,2023-03-29,471911
2023,121,2023-03-29,488984
2023,121,2023-03-29,493603
2023,121,2023-03-29,500779
2023,121,2023-03-29,500871
2023,121,2023-03-29,502054
2023,121,2023-03-29,502085
2023,121,2023-03-29,516782
2023,121,2023-03-29,548384
2023,121,2023-03-29,553882
2023,121,2023-03-29,592192
2023,121,2023-03-29,595928
2023,121,2023-03-29,596019
2023,121,2023-03-29,596129
2023,121,2023-03-29,607043
2023,121,2023-03-29,621242
2023,121,2023-03-29,621512
2023,121,2023-03-29,622098
2023,121,2023-03-29,622694
2023,121,2023-03-29,624413
2023,121,2023-03-29,641645
2023,121,2023-03-29,643446
2023,121,2023-03-29,656257
2023,121,2023-03-29,656322
2023,121,2023-03-29,656731
2023,121,2023-03-29,656755
2023,121,2023-03-29,656849
2023,121,2023-03-29,664192
2023,121,2023-03-29,664901
2023,121,2023-03-29,668665
2023,121,2023-03-29,668901
2023,121,2023-03-29,670050
2023,121,2023-03-29,673540
2023,121,2023-03-29,676130
2023,121,2023-03-29,676130
2023,121,2023-03-29,677595
2023,121,2023-03-29,682626
2023,121,2023-03-29,683146
2023,133,2023-03-29,444489
2023,133,2023-03-29,542583
2023,133,2023-03-29,543507
2023,133,2023-03-29,544727
2023,133,2023-03-29,594580
2023,133,2023-03-29,607054
2023,133,2023-03-29,607968
2023,133,2023-03-29,621076
2023,133,2023-03-29,621112
2023,133,2023-03-29,642758
2023,133,2023-03-29,643393
2023,133,2023-03-29,649557
2023,133,2023-03-29,657656
2023,133,2023-03-29,660261
2023,133,2023-03-29,660650
2023,133,2023-03-29,661309
2023,133,2023-03-29,663385
2023,133,2023-03-29,663385
2023,133,2023-03-29,663687
2023,133,2023-03-29,664913
2023,133,2023-03-29,665622
2023,133,2023-03-29,665923
2023,133,2023-03-29,666204
2023,133,2023-03-29,666205
2023,133,2023-03-29,667427
2023,133,2023-03-29,667670
2023,133,2023-03-29,668709
2023,133,2023-03-29,668843
2023,133,2023-03-29,669127
2023,133,2023-03-29,669397
2023,133,2023-03-29,669912
2023,133,2023-03-29,670124
2023,133,2023-03-29,670276
2023,133,2023-03-29,671732
2023,133,2023-03-29,672478
2023,133,2023-03-29,675656
2023,133,2023-03-29,675656
2023,133,2023-03-29,676116
2023,133,2023-03-29,676206
2023,133,2023-03-29,676664
2023,133,2023-03-29,681146
2023,134,2023-03-29,448179
2023,134,2023-03-29,457705
2023,134,2023-03-29,467793
2023,134,2023-03-29,595978
2023,134,2023-03-29,596112
2023,134,2023-03-29,596847
2023,134,2023-03-29,606424
2023,134,2023-03-29,608328
2023,134,2023-03-29,621249
2023,134,2023-03-29,640444
2023,134,2023-03-29,656582
2023,134,2023-03-29,656605
2023,134,2023-03-29,660787
2023,134,2023-03-29,663647
2023,134,2023-03-29,664029
2023,134,2023-03-29,664141
2023,134,2023-03-29,664294
2023,134,2023-03-29,665833
2023,134,2023-03-29,666801
2023,134,2023-03-29,668723
2023,134,2023-03-29,668751
2023,134,2023-03-29,668804
2023,134,2023-03-29,668820
2023,134,2023-03-29,669261
2023,134,2023-03-29,669707
2023,134,2023-03-29,669796
2023,134,2023-03-29,670059
2023,134,2023-03-29,670280
2023,134,2023-03-29,670912
2023,134,2023-03-29,670990
2023,134,2023-03-29,672710
2023,134,2023-03-29,672779
2023,134,2023-03-29,675986
2023,134,2023-03-29,678225
2023,134,2023-03-29,678894
2023,134,2023-03-29,680552
2023,134,2023-03-29,681347
2023,134,2023-03-29,681882
2023,134,2023-03-29,682847
2023,134,2023-03-29,682848
2023,135,2023-03-29,443558
2023,135,2023-03-29,472610
2023,135,2023-03-29,506433
2023,135,2023-03-29,519141
2023,135,2023-03-29,543592
2023,135,2023-03-29,572761
2023,135,2023-03-29,592518
2023,135,2023-03-29,593428
2023,135,2023-03-29,605397
2023,135,2023-03-29,605483
2023,135,2023-03-29,607259
2023,135,2023-03-29,607625
2023,135,2023-03-29,608379
2023,135,2023-03-29,620454
2023,135,2023-03-29,621051
2023,135,2023-03-29,622503
2023,135,2023-03-29,623352
2023,135,2023-03-29,630105
2023,135,2023-03-29,640492
2023,135,2023-03-29,641525
2023,135,2023-03-29,641553
2023,135,2023-03-29,641703
2023,135,2023-03-29,657612
2023,135,2023-03-29,658648
2023,135,2023-03-29,663158
2023,135,2023-03-29,663753
2023,135,2023-03-29,663757
2023,135,2023-03-29,664954
2023,135,2023-03-29,665734
2023,135,2023-03-29,665742
2023,135,2023-03-29,666130
2023,135,2023-03-29,666703
2023,135,2023-03-29,669134
2023,135,2023-03-29,670970
2023,135,2023-03-29,673258
2023,135,2023-03-29,673490
2023,135,2023-03-29,676680
2023,135,2023-03-29,676946
2023,135,2023-03-29,677960
2023,135,2023-03-29,678061
2023,136,2023-03-29,543939
2023,136,2023-03-29,553993
2023,136,2023-03-29,572041
2023,136,2023-03-29,592662
2023,136,2023-03-29,594835
2023,136,2023-03-29,600303
2023,136,2023-03-29,606192
2023,136,2023-03-29,608596
2023,136,2023-03-29,622491
2023,136,2023-03-29,623149
2023,136,2023-03-29,623167
2023,136,2023-03-29,623437
2023,136,2023-03-29,641487
2023,136,2023-03-29,641627
2023,136,2023-03-29,642048
2023,136,2023-03-29,642100
2023,136,2023-03-29,650895
2023,136,2023-03-29,657108
2023,136,2023-03-29,657514
2023,136,2023-03-29,662253
2023,136,2023-03-29,663462
2023,136,2023-03-29,663728
2023,136,2023-03-29,664034
2023,136,2023-03-29,664059
2023,136,2023-03-29,664238
2023,136,2023-03-29,666374
2023,136,2023-03-29,668834
2023,136,2023-03-29,669302
2023,136,2023-03-29,669450
2023,136,2023-03-29,669923
2023,136,2023-03-29,670036
2023,136,2023-03-29,672284
2023,136,2023-03-29,672730
2023,136,2023-03-29,672860
2023,136,2023-03-29,677594
2023,136,2023-03-29,682171
2023,136,2023-03-29,682729
2023,136,2023-03-29,687799
2023,137,2023-03-29,502171
2023,137,2023-03-29,518397
2023,137,2023-03-29,527038
2023,137,2023-03-29,543063
2023,137,2023-03-29,543101
2023,137,2023-03-29,548389
2023,137,2023-03-29,571745
2023,137,2023-03-29,573124
2023,137,2023-03-29,573262
2023,137,2023-03-29,592426
2023,137,2023-03-29,592626
2023,137,2023-03-29,596001
2023,137,2023-03-29,596103
2023,137,2023-03-29,605154
2023,137,2023-03-29,605204
2023,137,2023-03-29,622072
2023,137,2023-03-29,624424
2023,137,2023-03-29,640455
2023,137,2023-03-29,642731
2023,137,2023-03-29,643511
2023,137,2023-03-29,656371
2023,137,2023-03-29,657277
2023,137,2023-03-29,663378
2023,137,2023-03-29,663546
2023,137,2023-03-29,663546
2023,137,2023-03-29,663698
2023,137,2023-03-29,663941
2023,137,2023-03-29,664774
2023,137,2023-03-29,666165
2023,137,2023-03-29,666808
2023,137,2023-03-29,669674
2023,137,2023-03-29,670768
2023,137,2023-03-29,671218
2023,137,2023-03-29,676775
2023,137,2023-03-29,678495
2023,137,2023-03-29,678804
2023,137,2023-03-29,681584
2023,137,2023-03-29,682617
2023,137,2023-03-29,682641
2023,137,2023-03-29,686972
2023,137,2023-03-29,689172
2023,138,2023-03-29,425794
2023,138,2023-03-29,502671
2023,138,2023-03-29,516853
2023,138,2023-03-29,571448
2023,138,2023-03-29,571927
2023,138,2023-03-29,571945
2023,138,2023-03-29,572403
2023,138,2023-03-29,575929
2023,138,2023-03-29,600301
2023,138,2023-03-29,606149
2023,138,2023-03-29,608717
2023,138,2023-03-29,641712
2023,138,2023-03-29,641933
2023,138,2023-03-29,650893
2023,138,2023-03-29,656427
2023,138,2023-03-29,656756
2023,138,2023-03-29,657557
2023,138,2023-03-29,660766
2023,138,2023-03-29,663457
2023,138,2023-03-29,663765
2023,138,2023-03-29,663855
2023,138,2023-03-29,664332
2023,138,2023-03-29,664854
2023,138,2023-03-29,665877
2023,138,2023-03-29,666185
2023,138,2023-03-29,668800
2023,138,2023-03-29,668868
2023,138,2023-03-29,668941
2023,138,2023-03-29,669242
2023,138,2023-03-29,669357
2023,138,2023-03-29,669461
2023,138,2023-03-29,669467
2023,138,2023-03-29,670871
2023,138,2023-03-29,671056
2023,138,2023-03-29,671162
2023,138,2023-03-29,673904
2023,138,2023-03-29,676050
2023,138,2023-03-29,676475
2023,138,2023-03-29,680977
2023,138,2023-03-29,691023
2023,139,2023-03-29,542194
2023,139,2023-03-29,542888
2023,139,2023-03-29,552640
2023,139,2023-03-29,592094
2023,139,2023-03-29,605488
2023,139,2023-03-29,607192
2023,139,2023-03-29,621107
2023,139,2023-03-29,621363
2023,139,2023-03-29,622534
2023,139,2023-03-29,623912
2023,139,2023-03-29,630023
2023,139,2023-03-29,642336
2023,139,2023-03-29,642350
2023,139,2023-03-29,650490
2023,139,2023-03-29,650907
2023,139,2023-03-29,656222
2023,139,2023-03-29,656876
2023,139,2023-03-29,657044
2023,139,2023-03-29,660644
2023,139,2023-03-29,663556
2023,139,2023-03-29,664040
2023,139,2023-03-29,664076
2023,139,2023-03-29,664126
2023,139,2023-03-29,665001
2023,139,2023-03-29,666018
2023,139,2023-03-29,666139
2023,139,2023-03-29,668227
2023,139,2023-03-29,669358
2023,139,2023-03-29,670042
2023,139,2023-03-29,670623
2023,139,2023-03-29,670764
2023,139,2023-03-29,671737
2023,139,2023-03-29,672715
2023,139,2023-03-29,675659
2023,139,2023-03-29,676534
2023,139,2023-03-29,676596
2023,139,2023-03-29,677551
2023,139,2023-03-29,678545
2023,139,2023-03-29,678554
2023,139,2023-03-29,686831
2023,139,2023-03-29,687330
2023,140,2023-03-29,519293
2023,140,2023-03-29,527048
2023,140,2023-03-29,543135
2023,140,2023-03-29,543257
2023,140,2023-03-29,543543
2023,140,2023-03-29,543606
2023,140,2023-03-29,543760
2023,140,2023-03-29,571760
2023,140,2023-03-29,592351
2023,140,2023-03-29,594798
2023,140,2023-03-29,600917
2023,140,2023-03-29,608369
2023,140,2023-03-29,621368
2023,140,2023-03-29,622250
2023,140,2023-03-29,641540
2023,140,2023-03-29,641598
2023,140,2023-03-29,641680
2023,140,2023-03-29,642546
2023,140,2023-03-29,656271
2023,140,2023-03-29,656685
2023,140,2023-03-29,657248
2023,140,2023-03-29,663993
2023,140,2023-03-29,665750
2023,140,2023-03-29,666142
2023,140,2023-03-29,666720
2023,140,2023-03-29,666969
2023,140,2023-03-29,667463
2023,140,2023-03-29,668390
2023,140,2023-03-29,669087
2023,140,2023-03-29,669352
2023,140,2023-03-29,669391
2023,140,2023-03-29,669618
2023,140,2023-03-29,669701
2023,140,2023-03-29,673962
2023,140,2023-03-29,675921
2023,140,2023-03-29,676568
2023,140,2023-03-29,677649
2023,140,2023-03-29,680716
2023,140,2023-03-29,682668
2023,140,2023-03-29,687849
2023,140,2023-03-29,687957
2023,141,2023-03-29,474832
2023,141,2023-03-29,542914
2023,141,2023-03-29,543351
2023,141,2023-03-29,543807
2023,141,2023-03-29,547943
2023,141,2023-03-29,554340
2023,141,2023-03-29,592332
2023,141,2023-03-29,593160
2023,141,2023-03-29,595281
2023,141,2023-03-29,605135
2023,141,2023-03-29,605447
2023,141,2023-03-29,605507
2023,141,2023-03-29,621244
2023,141,2023-03-29,624415
2023,141,2023-03-29,641672
2023,141,2023-03-29,641835
2023,141,2023-03-29,643256
2023,141,2023-03-29,643338
2023,141,2023-03-29,643376
2023,141,2023-03-29,647315
2023,141,2023-03-29,656305
2023,141,2023-03-29,657024
2023,141,2023-03-29,662139
2023,141,2023-03-29,663423
2023,141,2023-03-29,663878
2023,141,2023-03-29,664770
2023,141,2023-03-29,665489
2023,141,2023-03-29,666182
2023,141,2023-03-29,666201
2023,141,2023-03-29,668470
2023,141,2023-03-29,669289
2023,141,2023-03-29,669952
2023,141,2023-03-29,670950
2023,141,2023-03-29,672386
2023,141,2023-03-29,672640
2023,141,2023-03-29,677870
2023,141,2023-03-29,680718
2023,141,2023-03-29,682619
2023,141,2023-03-29,687462
2023,141,2023-03-29,691172
2023,142,2023-03-29,456781
2023,142,2023-03-29,543243
2023,142,2023-03-29,543877
2023,142,2023-03-29,571657
2023,142,2023-03-29,572191
2023,142,2023-03-29,573204
2023,142,2023-03-29,593871
2023,142,2023-03-29,596146
2023,142,2023-03-29,605347
2023,142,2023-03-29,608336
2023,142,2023-03-29,621043
2023,142,2023-03-29,621439
2023,142,2023-03-29,624503
2023,142,2023-03-29,628317
2023,142,2023-03-29,641154
2023,142,2023-03-29,641816
2023,142,2023-03-29,641927
2023,142,2023-03-29,641941
2023,142,2023-03-29,643377
2023,142,2023-03-29,650489
2023,142,2023-03-29,656730
2023,142,2023-03-29,657746
2023,142,2023-03-29,660896
2023,142,2023-03-29,661395
2023,142,2023-03-29,663485
2023,142,2023-03-29,663558
2023,142,2023-03-29,663616
2023,142,2023-03-29,663978
2023,142,2023-03-29,665482
2023,142,2023-03-29,666135
2023,142,2023-03-29,666364
2023,142,2023-03-29,666397
2023,142,2023-03-29,668904
2023,142,2023-03-29,669304
2023,142,2023-03-29,670242
2023,142,2023-03-29,678692
2023,142,2023-03-29,680573
2023,142,2023-03-29,680777
2023,142,2023-03-29,683764
2023,142,2023-03-29,686973
2023,142,2023-03-29,687396
2023,143,2023-03-29,518886
2023,143,2023-03-29,543281
2023,143,2023-03-29,547180
2023,143,2023-03-29,554430
2023,143,2023-03-29,571479
2023,143,2023-03-29,592206
2023,143,2023-03-29,592663
2023,143,2023-03-29,592836
2023,143,2023-03-29,595909
2023,143,2023-03-29,596117
2023,143,2023-03-29,605400
2023,143,2023-03-29,607208
2023,143,2023-03-29,607755
2023,143,2023-03-29,621237
2023,143,2023-03-29,621381
2023,143,2023-03-29,622554
2023,143,2023-03-29,624133
2023,143,2023-03-29,624641
2023,143,2023-03-29,628708
2023,143,2023-03-29,641401
2023,143,2023-03-29,642397
2023,143,2023-03-29,650911
2023,143,2023-03-29,656495
2023,143,2023-03-29,656555
2023,143,2023-03-29,656793
2023,143,2023-03-29,656814
2023,143,2023-03-29,656941
2023,143,2023-03-29,657272
2023,143,2023-03-29,663559
2023,143,2023-03-29,663704
2023,143,2023-03-29,664761
2023,143,2023-03-29,665019
2023,143,2023-03-29,665506
2023,143,2023-03-29,665560
2023,143,2023-03-29,665561
2023,143,2023-03-29,665922
2023,143,2023-03-29,669016
2023,143,2023-03-29,669742
2023,143,2023-03-29,674681
2023,143,2023-03-29,679032
2023,143,2023-03-29,681082
2023,144,2023-03-29,450203
2023,144,2023-03-29,476595
2023,144,2023-03-29,489446
2023,144,2023-03-29,518595
2023,144,2023-03-29,542303
2023,144,2023-03-29,543521
2023,144,2023-03-29,543859
2023,144,2023-03-29,554431
2023,144,2023-03-29,592696
2023,144,2023-03-29,606115
2023,144,2023-03-29,608331
2023,144,2023-03-29,621345
2023,144,2023-03-29,621566
2023,144,2023-03-29,623433
2023,144,2023-03-29,628452
2023,144,2023-03-29,641729
2023,144,2023-03-29,642201
2023,144,2023-03-29,644433
2023,144,2023-03-29,645277
2023,144,2023-03-29,647336
2023,144,2023-03-29,656541
2023,144,2023-03-29,656669
2023,144,2023-03-29,657140
2023,144,2023-03-29,660623
2023,144,2023-03-29,660670
2023,144,2023-03-29,663465
2023,144,2023-03-29,663586
2023,144,2023-03-29,666120
2023,144,2023-03-29,669221
2023,144,2023-03-29,669276
2023,144,2023-03-29,669699
2023,144,2023-03-29,670241
2023,144,2023-03-29,671739
2023,144,2023-03-29,675911
2023,144,2023-03-29,676220
2023,144,2023-03-29,682610
2023,144,2023-03-29,687093
2023,144,2023-03-29,693821
2023,145,2023-03-29,458681
2023,145,2023-03-29,462101
2023,145,2023-03-29,518617
2023,145,2023-03-29,518735
2023,145,2023-03-29,521230
2023,145,2023-03-29,523260
2023,145,2023-03-29,544725
2023,145,2023-03-29,605182
2023,145,2023-03-29,607481
2023,145,2023-03-29,608337
2023,145,2023-03-29,608665
2023,145,2023-03-29,614179
2023,145,2023-03-29,621383
2023,145,2023-03-29,621383
2023,145,2023-03-29,625643
2023,145,2023-03-29,641313
2023,145,2023-03-29,641582
2023,145,2023-03-29,643217
2023,145,2023-03-29,650391
2023,145,2023-03-29,656024
2023,145,2023-03-29,656302
2023,145,2023-03-29,656629
2023,145,2023-03-29,656820
2023,145,2023-03-29,657757
2023,145,2023-03-29,660162
2023,145,2023-03-29,663436
2023,145,2023-03-29,663853
2023,145,2023-03-29,664874
2023,145,2023-03-29,666619
2023,145,2023-03-29,669394
2023,145,2023-03-29,669394
2023,145,2023-03-29,669424
2023,145,2023-03-29,669935
2023,145,2023-03-29,672820
2023,145,2023-03-29,673357
2023,145,2023-03-29,676979
2023,145,2023-03-29,679563
2023,145,2023-03-29,680692
2023,145,2023-03-29,681464
2023,145,2023-03-29,682868
2023,145,2023-03-29,683734
2023,146,2023-03-29,456501
2023,146,2023-03-29,516416
2023,146,2023-03-29,541645
2023,146,2023-03-29,542932
2023,146,2023-03-29,571670
2023,146,2023-03-29,598264
2023,146,2023-03-29,607732
2023,146,2023-03-29,608638
2023,146,2023-03-29,621563
2023,146,2023-03-29,623211
2023,146,2023-03-29,624585
2023,146,2023-03-29,640462
2023,146,2023-03-29,641658
2023,146,2023-03-29,643265
2023,146,2023-03-29,645261
2023,146,2023-03-29,650333
2023,146,2023-03-29,650559
2023,146,2023-03-29,656945
2023,146,2023-03-29,660821
2023,146,2023-03-29,663671
2023,146,2023-03-29,663743
2023,146,2023-03-29,664350
2023,146,2023-03-29,665795
2023,146,2023-03-29,665862
2023,146,2023-03-29,666129
2023,146,2023-03-29,666200
2023,146,2023-03-29,666277
2023,146,2023-03-29,666464
2023,146,2023-03-29,667297
2023,146,2023-03-29,669308
2023,146,2023-03-29,669364
2023,146,2023-03-29,669432
2023,146,2023-03-29,669622
2023,146,2023-03-29,676070
2023,146,2023-03-29,676974
2023,146,2023-03-29,677053
2023,146,2023-03-29,677954
2023,146,2023-03-29,680814
2023,146,2023-03-29,681006
2023,146,2023-03-29,681871
2023,147,2023-03-29,518626
2023,147,2023-03-29,518934
2023,147,2023-03-29,519203
2023,147,2023-03-29,519317
2023,147,2023-03-29,543037
2023,147,2023-03-29,543305
2023,147,2023-03-29,543309
2023,147,2023-03-29,592454
2023,147,2023-03-29,593334
2023,147,2023-03-29,593423
2023,147,2023-03-29,593974
2023,147,2023-03-29,605280
2023,147,2023-03-29,607074
2023,147,2023-03-29,622663
2023,147,2023-03-29,622772
2023,147,2023-03-29,624431
2023,147,2023-03-29,640454
2023,147,2023-03-29,641482
2023,147,2023-03-29,642152
2023,147,2023-03-29,642528
2023,147,2023-03-29,643396
2023,147,2023-03-29,650402
2023,147,2023-03-29,650633
2023,147,2023-03-29,656061
2023,147,2023-03-29,657376
2023,147,2023-03-29,661563
2023,147,2023-03-29,664056
2023,147,2023-03-29,664123
2023,147,2023-03-29,664314
2023,147,2023-03-29,665620
2023,147,2023-03-29,665828
2023,147,2023-03-29,666163
2023,147,2023-03-29,666745
2023,147,2023-03-29,669711
2023,147,2023-03-29,672724
2023,147,2023-03-29,672782
2023,147,2023-03-29,676760
2023,147,2023-03-29,677592
2023,147,2023-03-29,681190
2023,158,2023-03-29,456713
2023,158,2023-03-29,458677
2023,158,2023-03-29,489119
2023,158,2023-03-29,571948
2023,158,2023-03-29,572228
2023,158,2023-03-29,592885
2023,158,2023-03-29,605119
2023,158,2023-03-29,605170
2023,158,2023-03-29,605288
2023,158,2023-03-29,605540
2023,158,2023-03-29,606303
2023,158,2023-03-29,608385
2023,158,2023-03-29,621438
2023,158,2023-03-29,641778
2023,158,2023-03-29,642133
2023,158,2023-03-29,642207
2023,158,2023-03-29,642547
2023,158,2023-03-29,642715
2023,158,2023-03-29,642770
2023,158,2023-03-29,647351
2023,158,2023-03-29,649966
2023,158,2023-03-29,657265
2023,158,2023-03-29,661388
2023,158,2023-03-29,663368
2023,158,2023-03-29,663629
2023,158,2023-03-29,664776
2023,158,2023-03-29,665625
2023,158,2023-03-29,668338
2023,158,2023-03-29,668721
2023,158,2023-03-29,668930
2023,158,2023-03-29,669003
2023,158,2023-03-29,669060
2023,158,2023-03-29,669203
2023,158,2023-03-29,669920
2023,158,2023-03-29,670712
2023,158,2023-03-29,676083
2023,158,2023-03-29,676515
2023,158,2023-03-29,676879
2023,158,2023-03-29,680911
2023,158,2023-03-29,681402
2023,158,2023-03-29,682842
2024,108,2024-03-27,472610
2024,108,2024-03-27,519043
2024,108,2024-03-27,542585
2024,108,2024-03-27,542881
2024,108,2024-03-27,543305
2024,108,2024-03-27,543685
2024,108,2024-03-27,545361
2024,108,2024-03-27,592273
2024,108,2024-03-27,593934
2024,108,2024-03-27,596112
2024,108,2024-03-27,608032
2024,108,2024-03-27,621493
2024,108,2024-03-27,623474
2024,108,2024-03-27,642136
2024,108,2024-03-27,643256
2024,108,2024-03-27,650671
2024,108,2024-03-27,656288
2024,108,2024-03-27,660761
2024,108,2024-03-27,663776
2024,108,2024-03-27,666160
2024,108,2024-03-27,666176
2024,108,2024-03-27,667755
2024,108,2024-03-27,668676
2024,108,2024-03-27,669721
2024,108,2024-03-27,670046
2024,108,2024-03-27,670869
2024,108,2024-03-27,670871
2024,108,2024-03-27,672282
2024,108,2024-03-27,677347
2024,108,2024-03-27,677941
2024,108,2024-03-27,680983
2024,108,2024-03-27,681217
2024,108,2024-03-27,681351
2024,108,2024-03-27,681806
2024,108,2024-03-27,682989
2024,108,2024-03-27,683021
2024,108,2024-03-27,686799
2024,108,2024-03-27,687263
2024,108,2024-03-27,690829
2024,108,2024-03-27,694384
2024,108,2024-03-27,696147
2024,109,2024-03-27,518876
2024,109,2024-03-27,543518
2024,109,2024-03-27,545341
2024,109,2024-03-27,553993
2024,109,2024-03-27,571466
2024,109,2024-03-27,572233
2024,109,2024-03-27,573009
2024,109,2024-03-27,592626
2024,109,2024-03-27,593958
2024,109,2024-03-27,606466
2024,109,2024-03-27,607054
2024,109,2024-03-27,612434
2024,109,2024-03-27,623149
2024,109,2024-03-27,645444
2024,109,2024-03-27,656464
2024,109,2024-03-27,656686
2024,109,2024-03-27,656896
2024,109,2024-03-27,656976
2024,109,2024-03-27,657044
2024,109,2024-03-27,664983
2024,109,2024-03-27,666818
2024,109,2024-03-27,666971
2024,109,2024-03-27,668678
2024,109,2024-03-27,669194
2024,109,2024-03-27,669459
2024,109,2024-03-27,672515
2024,109,2024-03-27,672695
2024,109,2024-03-27,674072
2024,109,2024-03-27,677942
2024,109,2024-03-27,677944
2024,109,2024-03-27,677950
2024,109,2024-03-27,678489
2024,109,2024-03-27,679885
2024,109,2024-03-27,682998
2024,109,2024-03-27,685314
2024,109,2024-03-27,686753
2024,109,2024-03-27,686796
2024,109,2024-03-27,686826
2024,109,2024-03-27,691441
2024,109,2024-03-27,691783
2024,109,2024-03-27,694297
2024,110,2024-03-27,518886
2024,110,2024-03-27,543056
2024,110,2024-03-27,543510
2024,110,2024-03-27,602104
2024,110,2024-03-27,607644
2024,110,2024-03-27,608344
2024,110,2024-03-27,622253
2024,110,2024-03-27,622761
2024,110,2024-03-27,623993
2024,110,2024-03-27,640454
2024,110,2024-03-27,641329
2024,110,2024-03-27,642585
2024,110,2024-03-27,643393
2024,110,2024-03-27,656775
2024,110,2024-03-27,656811
2024,110,2024-03-27,657097
2024,110,2024-03-27,657508
2024,110,2024-03-27,663527
2024,110,2024-03-27,663624
2024,110,2024-03-27,663630
2024,110,2024-03-27,663989
2024,110,2024-03-27,665152
2024,110,2024-03-27,666974
2024,110,2024-03-27,668939
2024,110,2024-03-27,669065
2024,110,2024-03-27,669145
2024,110,2024-03-27,669169
2024,110,2024-03-27,669203
2024,110,2024-03-27,669211
2024,110,2024-03-27,669330
2024,110,2024-03-27,669720
2024,110,2024-03-27,672335
2024,110,2024-03-27,672391
2024,110,2024-03-27,676059
2024,110,2024-03-27,677008
2024,110,2024-03-27,680570
2024,110,2024-03-27,680694
2024,110,2024-03-27,680814
2024,110,2024-03-27,681297
2024,110,2024-03-27,683002
2024,110,2024-03-27,686751
2024,111,2024-03-27,445276
2024,111,2024-03-27,455119
2024,111,2024-03-27,502624
2024,111,2024-03-27,521230
2024,111,2024-03-27,596115
2024,111,2024-03-27,601713
2024,111,2024-03-27,608337
2024,111,2024-03-27,608701
2024,111,2024-03-27,622569
2024,111,2024-03-27,623168
2024,111,2024-03-27,624512
2024,111,2024-03-27,641933
2024,111,2024-03-27,646240
2024,111,2024-03-27,656557
2024,111,2024-03-27,657136
2024,111,2024-03-27,657514
2024,111,2024-03-27,663462
2024,111,2024-03-27,663853
2024,111,2024-03-27,665839
2024,111,2024-03-27,666152
2024,111,2024-03-27,666915
2024,111,2024-03-27,667356
2024,111,2024-03-27,669684
2024,111,2024-03-27,669711
2024,111,2024-03-27,670174
2024,111,2024-03-27,671213
2024,111,2024-03-27,676477
2024,111,2024-03-27,676710
2024,111,2024-03-27,677161
2024,111,2024-03-27,677800
2024,111,2024-03-27,678394
2024,111,2024-03-27,678882
2024,111,2024-03-27,680776
2024,111,2024-03-27,681867
2024,111,2024-03-27,682175
2024,111,2024-03-27,682790
2024,111,2024-03-27,686580
2024,111,2024-03-27,687093
2024,111,2024-03-27,687888
2024,111,2024-03-27,691384
2024,111,2024-03-27,807799
2024,112,2024-03-27,543228
2024,112,2024-03-27,543294
2024,112,2024-03-27,592767
2024,112,2024-03-27,592791
2024,112,2024-03-27,593576
2024,112,2024-03-27,621016
2024,112,2024-03-27,621020
2024,112,2024-03-27,621550
2024,112,2024-03-27,622075
2024,112,2024-03-27,624522
2024,112,2024-03-27,640470
2024,112,2024-03-27,641355
2024,112,2024-03-27,643410
2024,112,2024-03-27,643565
2024,112,2024-03-27,657006
2024,112,2024-03-27,657240
2024,112,2024-03-27,663538
2024,112,2024-03-27,663611
2024,112,2024-03-27,664023
2024,112,2024-03-27,665804
2024,112,2024-03-27,665871
2024,112,2024-03-27,666624
2024,112,2024-03-27,668873
2024,112,2024-03-27,669713
2024,112,2024-03-27,670156
2024,112,2024-03-27,670223
2024,112,2024-03-27,672744
2024,112,2024-03-27,673548
2024,112,2024-03-27,676679
2024,112,2024-03-27,676962
2024,112,2024-03-27,680695
2024,112,2024-03-27,681432
2024,112,2024-03-27,682634
2024,112,2024-03-27,683522
2024,112,2024-03-27,683737
2024,112,2024-03-27,684007
2024,112,2024-03-27,687863
2024,112,2024-03-27,691718
2024,112,2024-03-27,694037
2024,112,2024-03-27,696136
2024,113,2024-03-27,458677
2024,113,2024-03-27,518585
2024,113,2024-03-27,571656
2024,113,2024-03-27,571912
2024,113,2024-03-27,593423
2024,113,2024-03-27,594580
2024,113,2024-03-27,600869
2024,113,2024-03-27,605361
2024,113,2024-03-27,607259
2024,113,2024-03-27,608371
2024,113,2024-03-27,608718
2024,113,2024-03-27,622065
2024,113,2024-03-27,622088
2024,113,2024-03-27,641584
2024,113,2024-03-27,641941
2024,113,2024-03-27,656413
2024,113,2024-03-27,663697
2024,113,2024-03-27,663886
2024,113,2024-03-27,664139
2024,113,2024-03-27,664747
2024,113,2024-03-27,666157
2024,113,2024-03-27,666181
2024,113,2024-03-27,668715
2024,113,2024-03-27,668881
2024,113,2024-03-27,668933
2024,113,2024-03-27,668984
2024,113,2024-03-27,669289
2024,113,2024-03-27,669352
2024,113,2024-03-27,670770
2024,113,2024-03-27,671096
2024,113,2024-03-27,674441
2024,113,2024-03-27,677956
2024,113,2024-03-27,680574
2024,113,2024-03-27,680689
2024,113,2024-03-27,682227
2024,113,2024-03-27,682829
2024,113,2024-03-27,683175
2024,113,2024-03-27,685005
2024,113,2024-03-27,686730
2024,113,2024-03-27,687952
2024,114,2024-03-27,594902
2024,114,2024-03-27,595978
2024,114,2024-03-27,605130
2024,114,2024-03-27,608070
2024,114,2024-03-27,647304
2024,114,2024-03-27,656529
2024,114,2024-03-27,657656
2024,114,2024-03-27,661403
2024,114,2024-03-27,663474
2024,114,2024-03-27,663986
2024,114,2024-03-27,664314
2024,114,2024-03-27,665926
2024,114,2024-03-27,666310
2024,114,2024-03-27,668909
2024,114,2024-03-27,669212
2024,114,2024-03-27,669456
2024,114,2024-03-27,671106
2024,114,2024-03-27,671286
2024,114,2024-03-27,671289
2024,114,2024-03-27,671655
2024,114,2024-03-27,671922
2024,114,2024-03-27,672356
2024,114,2024-03-27,675540
2024,114,2024-03-27,675916
2024,114,2024-03-27,676282
2024,114,2024-03-27,676440
2024,114,2024-03-27,677587
2024,114,2024-03-27,677588
2024,114,2024-03-27,678877
2024,114,2024-03-27,680704
2024,114,2024-03-27,680757
2024,114,2024-03-27,681807
2024,114,2024-03-27,682120
2024,114,2024-03-27,682657
2024,114,2024-03-27,682877
2024,114,2024-03-27,682982
2024,114,2024-03-27,683769
2024,114,2024-03-27,686823
2024,115,2024-03-27,453268
2024,115,2024-03-27,453568
2024,115,2024-03-27,553869
2024,115,2024-03-27,592178
2024,115,2024-03-27,595909
2024,115,2024-03-27,596295
2024,115,2024-03-27,607536
2024,115,2024-03-27,607732
2024,115,2024-03-27,608566
2024,115,2024-03-27,615698
2024,115,2024-03-27,622608
2024,115,2024-03-27,641712
2024,115,2024-03-27,641755
2024,115,2024-03-27,641857
2024,115,2024-03-27,656222
2024,115,2024-03-27,656234
2024,115,2024-03-27,656248
2024,115,2024-03-27,656458
2024,115,2024-03-27,660707
2024,115,2024-03-27,663372
2024,115,2024-03-27,663562
2024,115,2024-03-27,663567
2024,115,2024-03-27,663898
2024,115,2024-03-27,664875
2024,115,2024-03-27,666134
2024,115,2024-03-27,666207
2024,115,2024-03-27,668970
2024,115,2024-03-27,669911
2024,115,2024-03-27,675659
2024,115,2024-03-27,675848
2024,115,2024-03-27,678662
2024,115,2024-03-27,679734
2024,115,2024-03-27,680767
2024,115,2024-03-27,682653
2024,115,2024-03-27,683232
2024,115,2024-03-27,683409
2024,115,2024-03-27,683627
2024,115,2024-03-27,686668
2024,115,2024-03-27,687145
2024,115,2024-03-27,691182
2024,115,2024-03-27,692585
2024,115,2024-03-27,696100
2024,116,2024-03-27,570482
2024,116,2024-03-27,571946
2024,116,2024-03-27,592192
2024,116,2024-03-27,595879
2024,116,2024-03-27,605177
2024,116,2024-03-27,608348
2024,116,2024-03-27,622766
2024,116,2024-03-27,628317
2024,116,2024-03-27,628451
2024,116,2024-03-27,656412
2024,116,2024-03-27,656427
2024,116,2024-03-27,656638
2024,116,2024-03-27,656716
2024,116,2024-03-27,663554
2024,116,2024-03-27,663837
2024,116,2024-03-27,663947
2024,116,2024-03-27,666159
2024,116,2024-03-27,666214
2024,116,2024-03-27,668670
2024,116,2024-03-27,668731
2024,116,2024-03-27,668952
2024,116,2024-03-27,669373
2024,116,2024-03-27,669438
2024,116,2024-03-27,671083
2024,116,2024-03-27,671345
2024,116,2024-03-27,672456
2024,116,2024-03-27,672761
2024,116,2024-03-27,676684
2024,116,2024-03-27,678009
2024,116,2024-03-27,678760
2024,116,2024-03-27,679529
2024,116,2024-03-27,681481
2024,116,2024-03-27,681857
2024,116,2024-03-27,682985
2024,116,2024-03-27,686839
2024,116,2024-03-27,687830
2024,116,2024-03-27,689225
2024,116,2024-03-27,690993
2024,116,2024-03-27,693307
2024,116,2024-03-27,695865
2024,117,2024-03-27,434378
2024,117,2024-03-27,514888
2024,117,2024-03-27,519151
2024,117,2024-03-27,547989
2024,117,2024-03-27,572138
2024,117,2024-03-27,605170
2024,117,2024-03-27,606160
2024,117,2024-03-27,608324
2024,117,2024-03-27,608665
2024,117,2024-03-27,621121
2024,117,2024-03-27,623352
2024,117,2024-03-27,641585
2024,117,2024-03-27,643289
2024,117,2024-03-27,650556
2024,117,2024-03-27,656232
2024,117,2024-03-27,656786
2024,117,2024-03-27,656986
2024,117,2024-03-27,661383
2024,117,2024-03-27,661527
2024,117,2024-03-27,663550
2024,117,2024-03-27,663656
2024,117,2024-03-27,663967
2024,117,2024-03-27,664299
2024,117,2024-03-27,664353
2024,117,2024-03-27,665161
2024,117,2024-03-27,666197
2024,117,2024-03-27,666215
2024,117,2024-03-27,667452
2024,117,2024-03-27,669395
2024,117,2024-03-27,669854
2024,117,2024-03-27,670541
2024,117,2024-03-27,673237
2024,117,2024-03-27,676694
2024,117,2024-03-27,676801
2024,117,2024-03-27,677651
2024,117,2024-03-27,681869
2024,117,2024-03-27,682073
2024,117,2024-03-27,682171
2024,117,2024-03-27,685744
2024,117,2024-03-27,686613
2024,118,2024-03-27,519293
2024,118,2024-03-27,521692
2024,118,2024-03-27,543475
2024,118,2024-03-27,543592
2024,118,2024-03-27,592669
2024,118,2024-03-27,607625
2024,118,2024-03-27,608379
2024,118,2024-03-27,608717
2024,118,2024-03-27,623433
2024,118,2024-03-27,624428
2024,118,2024-03-27,641394
2024,118,2024-03-27,641658
2024,118,2024-03-27,657031
2024,118,2024-03-27,657140
2024,118,2024-03-27,663460
2024,118,2024-03-27,663704
2024,118,2024-03-27,663738
2024,118,2024-03-27,663903
2024,118,2024-03-27,664728
2024,118,2024-03-27,666023
2024,118,2024-03-27,666142
2024,118,2024-03-27,668472
2024,118,2024-03-27,669004
2024,118,2024-03-27,669111
2024,118,2024-03-27,669422
2024,118,2024-03-27,670167
2024,118,2024-03-27,671221
2024,118,2024-03-27,672578
2024,118,2024-03-27,672580
2024,118,2024-03-27,672582
2024,118,2024-03-27,674444
2024,118,2024-03-27,676369
2024,118,2024-03-27,677951
2024,118,2024-03-27,679525
2024,118,2024-03-27,679845
2024,118,2024-03-27,680118
2024,118,2024-03-27,680742
2024,118,2024-03-27,685107
2024,118,2024-03-27,686469
2024,118,2024-03-27,686681
2024,118,2024-03-27,694355
2024,118,2024-03-27,694361
2024,119,2024-03-19,477132
2024,119,2024-03-19,500743
2024,119,2024-03-19,518489
2024,119,2024-03-19,518692
2024,119,2024-03-19,518792
2024,119,2024-03-19,523260
2024,119,2024-03-19,543339
2024,119,2024-03-19,571771
2024,119,2024-03-19,571970
2024,119,2024-03-19,572020
2024,119,2024-03-19,595014
2024,119,2024-03-19,605131
2024,119,2024-03-19,605141
2024,119,2024-03-19,606192
2024,119,2024-03-19,607192
2024,119,2024-03-19,621035
2024,119,2024-03-19,621111
2024,119,2024-03-19,623465
2024,119,2024-03-19,642232
2024,119,2024-03-19,656420
2024,119,2024-03-19,657424
2024,119,2024-03-19,660271
2024,119,2024-03-19,660813
2024,119,2024-03-19,664062
2024,119,2024-03-19,666158
2024,119,2024-03-19,669160
2024,119,2024-03-19,669165
2024,119,2024-03-19,669257
2024,119,2024-03-19,675627
2024,119,2024-03-19,676272
2024,119,2024-03-19,676439
2024,119,2024-03-19,676568
2024,119,2024-03-19,678246
2024,119,2024-03-19,681402
2024,119,2024-03-19,681546
2024,119,2024-03-19,681624
2024,119,2024-03-19,681911
2024,119,2024-03-19,682616
2024,119,2024-03-19,686218
2024,119,2024-03-19,689017
2024,119,2024-03-19,693308
2024,119,2024-03-19,694813
2024,119,2024-03-19,808967
2024,120,2024-03-27,544931
2024,120,2024-03-27,545121
2024,120,2024-03-27,571578
2024,120,2024-03-27,571670
2024,120,2024-03-27,571882
2024,120,2024-03-27,592696
2024,120,2024-03-27,592866
2024,120,2024-03-27,598264
2024,120,2024-03-27,607179
2024,120,2024-03-27,608336
2024,120,2024-03-27,608385
2024,120,2024-03-27,608841
2024,120,2024-03-27,640448
2024,120,2024-03-27,640451
2024,120,2024-03-27,645302
2024,120,2024-03-27,656180
2024,120,2024-03-27,656448
2024,120,2024-03-27,657041
2024,120,2024-03-27,660688
2024,120,2024-03-27,663432
2024,120,2024-03-27,663623
2024,120,2024-03-27,663658
2024,120,2024-03-27,666168
2024,120,2024-03-27,666906
2024,120,2024-03-27,669022
2024,120,2024-03-27,669222
2024,120,2024-03-27,669371
2024,120,2024-03-27,669743
2024,120,2024-03-27,671131
2024,120,2024-03-27,671277
2024,120,2024-03-27,672851
2024,120,2024-03-27,676395
2024,120,2024-03-27,676917
2024,120,2024-03-27,678606
2024,120,2024-03-27,680686
2024,120,2024-03-27,680730
2024,120,2024-03-27,682928
2024,120,2024-03-27,683083
2024,120,2024-03-27,686294
2024,120,2024-03-27,686452
2024,120,2024-03-27,687792
2024,120,2024-03-27,694350
2024,120,2024-03-27,696285
2024,121,2024-03-28,493603
2024,121,2024-03-28,500779
2024,121,2024-03-28,502110
2024,121,2024-03-28,516782
2024,121,2024-03-28,518617
2024,121,2024-03-28,543859
2024,121,2024-03-28,548384
2024,121,2024-03-28,553882
2024,121,2024-03-28,596019
2024,121,2024-03-28,605288
2024,121,2024-03-28,605347
2024,121,2024-03-28,607043
2024,121,2024-03-28,621242
2024,121,2024-03-28,621438
2024,121,2024-03-28,621466
2024,121,2024-03-28,621563
2024,121,2024-03-28,622098
2024,121,2024-03-28,622663
2024,121,2024-03-28,624413
2024,121,2024-03-28,640455
2024,121,2024-03-28,643446
2024,121,2024-03-28,656731
2024,121,2024-03-28,656849
2024,121,2024-03-28,656887
2024,121,2024-03-28,657585
2024,121,2024-03-28,660261
2024,121,2024-03-28,664056
2024,121,2024-03-28,664192
2024,121,2024-03-28,668820
2024,121,2024-03-28,668901
2024,121,2024-03-28,670097
2024,121,2024-03-28,670990
2024,121,2024-03-28,673540
2024,121,2024-03-28,676130
2024,121,2024-03-28,676130
2024,121,2024-03-28,677020
2024,121,2024-03-28,677595
2024,121,2024-03-28,682626
2024,121,2024-03-28,682668
2024,121,2024-03-28,683146
2024,121,2024-03-28,688427
2024,121,2024-03-28,691267
2024,121,2024-03-28,701643
2024,133,2024-03-27,518397
2024,133,2024-03-27,519008
2024,133,2024-03-27,547184
2024,133,2024-03-27,548389
2024,133,2024-03-27,605204
2024,133,2024-03-27,609280
2024,133,2024-03-27,613534
2024,133,2024-03-27,621112
2024,133,2024-03-27,622072
2024,133,2024-03-27,641627
2024,133,2024-03-27,647351
2024,133,2024-03-27,649557
2024,133,2024-03-27,656794
2024,133,2024-03-27,661309
2024,133,2024-03-27,663687
2024,133,2024-03-27,664913
2024,133,2024-03-27,665622
2024,133,2024-03-27,665923
2024,133,2024-03-27,666204
2024,133,2024-03-27,666205
2024,133,2024-03-27,667427
2024,133,2024-03-27,667670
2024,133,2024-03-27,668674
2024,133,2024-03-27,668709
2024,133,2024-03-27,669127
2024,133,2024-03-27,669397
2024,133,2024-03-27,669620
2024,133,2024-03-27,670860
2024,133,2024-03-27,671212
2024,133,2024-03-27,671732
2024,133,2024-03-27,672478
2024,133,2024-03-27,674370
2024,133,2024-03-27,676116
2024,133,2024-03-27,676206
2024,133,2024-03-27,676664
2024,133,2024-03-27,680869
2024,133,2024-03-27,683155
2024,133,2024-03-27,683690
2024,133,2024-03-27,686610
2024,133,2024-03-27,687231
2024,133,2024-03-27,687765
2024,133,2024-03-27,691016
2024,133,2024-03-27,695243
2024,134,2024-03-27,457705
2024,134,2024-03-27,518735
2024,134,2024-03-27,527048
2024,134,2024-03-27,547973
2024,134,2024-03-27,572191
2024,134,2024-03-27,594835
2024,134,2024-03-27,621366
2024,134,2024-03-27,641511
2024,134,2024-03-27,641943
2024,134,2024-03-27,642133
2024,134,2024-03-27,645305
2024,134,2024-03-27,656582
2024,134,2024-03-27,656605
2024,134,2024-03-27,658668
2024,134,2024-03-27,663559
2024,134,2024-03-27,663647
2024,134,2024-03-27,664141
2024,134,2024-03-27,664294
2024,134,2024-03-27,665833
2024,134,2024-03-27,668804
2024,134,2024-03-27,669261
2024,134,2024-03-27,669387
2024,134,2024-03-27,669707
2024,134,2024-03-27,669796
2024,134,2024-03-27,670059
2024,134,2024-03-27,670280
2024,134,2024-03-27,670912
2024,134,2024-03-27,672710
2024,134,2024-03-27,675961
2024,134,2024-03-27,675986
2024,134,2024-03-27,676596
2024,134,2024-03-27,677952
2024,134,2024-03-27,678225
2024,134,2024-03-27,678894
2024,134,2024-03-27,680232
2024,134,2024-03-27,680779
2024,134,2024-03-27,681347
2024,134,2024-03-27,681882
2024,134,2024-03-27,682847
2024,134,2024-03-27,682848
2024,134,2024-03-27,682990
2024,134,2024-03-27,691907
2024,134,2024-03-27,693304
2024,134,2024-03-27,693312
2024,135,2024-03-19,506433
2024,135,2024-03-19,543309
2024,135,2024-03-19,592518
2024,135,2024-03-19,593428
2024,135,2024-03-19,593974
2024,135,2024-03-19,595777
2024,135,2024-03-19,605397
2024,135,2024-03-19,630105
2024,135,2024-03-19,640492
2024,135,2024-03-19,642180
2024,135,2024-03-19,650633
2024,135,2024-03-19,656302
2024,135,2024-03-19,657248
2024,135,2024-03-19,658648
2024,135,2024-03-19,660853
2024,135,2024-03-19,663158
2024,135,2024-03-19,663362
2024,135,2024-03-19,663568
2024,135,2024-03-19,664954
2024,135,2024-03-19,665487
2024,135,2024-03-19,666130
2024,135,2024-03-19,666703
2024,135,2024-03-19,666745
2024,135,2024-03-19,669093
2024,135,2024-03-19,669134
2024,135,2024-03-19,669308
2024,135,2024-03-19,670810
2024,135,2024-03-19,670970
2024,135,2024-03-19,672715
2024,135,2024-03-19,672779
2024,135,2024-03-19,673490
2024,135,2024-03-19,673513
2024,135,2024-03-19,676680
2024,135,2024-03-19,676946
2024,135,2024-03-19,681190
2024,135,2024-03-19,688363
2024,135,2024-03-19,689690
2024,135,2024-03-19,701538
2024,135,2024-03-19,808970
2024,136,2024-03-27,571745
2024,136,2024-03-27,592773
2024,136,2024-03-27,593871
2024,136,2024-03-27,608723
2024,136,2024-03-27,622491
2024,136,2024-03-27,641487
2024,136,2024-03-27,641598
2024,136,2024-03-27,642048
2024,136,2024-03-27,642100
2024,136,2024-03-27,649966
2024,136,2024-03-27,662253
2024,136,2024-03-27,663423
2024,136,2024-03-27,663728
2024,136,2024-03-27,663804
2024,136,2024-03-27,664034
2024,136,2024-03-27,664059
2024,136,2024-03-27,664238
2024,136,2024-03-27,664874
2024,136,2024-03-27,666211
2024,136,2024-03-27,666374
2024,136,2024-03-27,668942
2024,136,2024-03-27,669302
2024,136,2024-03-27,669392
2024,136,2024-03-27,669923
2024,136,2024-03-27,670042
2024,136,2024-03-27,672841
2024,136,2024-03-27,675448
2024,136,2024-03-27,675989
2024,136,2024-03-27,676092
2024,136,2024-03-27,676106
2024,136,2024-03-27,677594
2024,136,2024-03-27,682243
2024,136,2024-03-27,682729
2024,136,2024-03-27,686527
2024,136,2024-03-27,686651
2024,136,2024-03-27,686654
2024,136,2024-03-27,687799
2024,136,2024-03-27,693433
2024,137,2024-03-27,502171
2024,137,2024-03-27,527038
2024,137,2024-03-27,573124
2024,137,2024-03-27,573262
2024,137,2024-03-27,592426
2024,137,2024-03-27,592662
2024,137,2024-03-27,596103
2024,137,2024-03-27,605483
2024,137,2024-03-27,608596
2024,137,2024-03-27,624424
2024,137,2024-03-27,624585
2024,137,2024-03-27,642731
2024,137,2024-03-27,643511
2024,137,2024-03-27,656305
2024,137,2024-03-27,657277
2024,137,2024-03-27,663546
2024,137,2024-03-27,663629
2024,137,2024-03-27,663698
2024,137,2024-03-27,663855
2024,137,2024-03-27,663941
2024,137,2024-03-27,664774
2024,137,2024-03-27,666149
2024,137,2024-03-27,666165
2024,137,2024-03-27,666808
2024,137,2024-03-27,669062
2024,137,2024-03-27,669450
2024,137,2024-03-27,669477
2024,137,2024-03-27,671218
2024,137,2024-03-27,672275
2024,137,2024-03-27,672640
2024,137,2024-03-27,676254
2024,137,2024-03-27,676775
2024,137,2024-03-27,678495
2024,137,2024-03-27,678906
2024,137,2024-03-27,681584
2024,137,2024-03-27,681810
2024,137,2024-03-27,682617
2024,137,2024-03-27,682617
2024,137,2024-03-27,682641
2024,137,2024-03-27,682641
2024,137,2024-03-27,685133
2024,137,2024-03-27,686790
2024,137,2024-03-27,689172
2024,137,2024-03-27,690986
2024,137,2024-03-27,808982
2024,138,2024-03-27,458681
2024,138,2024-03-27,502043
2024,138,2024-03-27,502671
2024,138,2024-03-27,543063
2024,138,2024-03-27,543243
2024,138,2024-03-27,552640
2024,138,2024-03-27,571448
2024,138,2024-03-27,571927
2024,138,2024-03-27,571945
2024,138,2024-03-27,572761
2024,138,2024-03-27,575929
2024,138,2024-03-27,606149
2024,138,2024-03-27,641871
2024,138,2024-03-27,663457
2024,138,2024-03-27,663609
2024,138,2024-03-27,663845
2024,138,2024-03-27,664854
2024,138,2024-03-27,665877
2024,138,2024-03-27,666185
2024,138,2024-03-27,667463
2024,138,2024-03-27,668868
2024,138,2024-03-27,668941
2024,138,2024-03-27,669242
2024,138,2024-03-27,669357
2024,138,2024-03-27,669461
2024,138,2024-03-27,669467
2024,138,2024-03-27,671056
2024,138,2024-03-27,672279
2024,138,2024-03-27,676475
2024,138,2024-03-27,676617
2024,138,2024-03-27,680572
2024,138,2024-03-27,680723
2024,138,2024-03-27,680977
2024,138,2024-03-27,681676
2024,138,2024-03-27,686780
2024,138,2024-03-27,687363
2024,138,2024-03-27,687798
2024,138,2024-03-27,691023
2024,138,2024-03-27,691026
2024,138,2024-03-27,691828
2024,139,2024-03-27,542888
2024,139,2024-03-27,592094
2024,139,2024-03-27,605488
2024,139,2024-03-27,606965
2024,139,2024-03-27,621097
2024,139,2024-03-27,621107
2024,139,2024-03-27,621363
2024,139,2024-03-27,623912
2024,139,2024-03-27,641302
2024,139,2024-03-27,641793
2024,139,2024-03-27,642350
2024,139,2024-03-27,642708
2024,139,2024-03-27,650490
2024,139,2024-03-27,650644
2024,139,2024-03-27,650907
2024,139,2024-03-27,655889
2024,139,2024-03-27,656876
2024,139,2024-03-27,663556
2024,139,2024-03-27,664040
2024,139,2024-03-27,664076
2024,139,2024-03-27,664126
2024,139,2024-03-27,664208
2024,139,2024-03-27,666018
2024,139,2024-03-27,666139
2024,139,2024-03-27,666163
2024,139,2024-03-27,668227
2024,139,2024-03-27,668853
2024,139,2024-03-27,669358
2024,139,2024-03-27,670623
2024,139,2024-03-27,670764
2024,139,2024-03-27,671737
2024,139,2024-03-27,676356
2024,139,2024-03-27,676609
2024,139,2024-03-27,677551
2024,139,2024-03-27,678545
2024,139,2024-03-27,678554
2024,139,2024-03-27,680700
2024,139,2024-03-27,682052
2024,139,2024-03-27,686752
2024,139,2024-03-27,686831
2024,139,2024-03-27,687330
2024,139,2024-03-27,691406
2024,139,2024-03-27,692414
2024,140,2024-03-27,453286
2024,140,2024-03-27,489446
2024,140,2024-03-27,502085
2024,140,2024-03-27,543135
2024,140,2024-03-27,543760
2024,140,2024-03-27,547179
2024,140,2024-03-27,571760
2024,140,2024-03-27,592351
2024,140,2024-03-27,594798
2024,140,2024-03-27,600917
2024,140,2024-03-27,608369
2024,140,2024-03-27,608671
2024,140,2024-03-27,622250
2024,140,2024-03-27,641540
2024,140,2024-03-27,641680
2024,140,2024-03-27,641816
2024,140,2024-03-27,642546
2024,140,2024-03-27,656271
2024,140,2024-03-27,656641
2024,140,2024-03-27,663993
2024,140,2024-03-27,665750
2024,140,2024-03-27,666720
2024,140,2024-03-27,666969
2024,140,2024-03-27,668390
2024,140,2024-03-27,668800
2024,140,2024-03-27,669087
2024,140,2024-03-27,669391
2024,140,2024-03-27,669701
2024,140,2024-03-27,673962
2024,140,2024-03-27,674003
2024,140,2024-03-27,677649
2024,140,2024-03-27,679693
2024,140,2024-03-27,679822
2024,140,2024-03-27,680716
2024,140,2024-03-27,681520
2024,140,2024-03-27,681982
2024,140,2024-03-27,687847
2024,140,2024-03-27,687957
2024,140,2024-03-27,692030
2024,140,2024-03-27,694497
2024,141,2024-03-27,457759
2024,141,2024-03-27,543807
2024,141,2024-03-27,554340
2024,141,2024-03-27,592332
2024,141,2024-03-27,595281
2024,141,2024-03-27,605135
2024,141,2024-03-27,605447
2024,141,2024-03-27,621244
2024,141,2024-03-27,624415
2024,141,2024-03-27,641149
2024,141,2024-03-27,641835
2024,141,2024-03-27,643338
2024,141,2024-03-27,643376
2024,141,2024-03-27,643396
2024,141,2024-03-27,647315
2024,141,2024-03-27,650893
2024,141,2024-03-27,657024
2024,141,2024-03-27,662139
2024,141,2024-03-27,663878
2024,141,2024-03-27,663893
2024,141,2024-03-27,664770
2024,141,2024-03-27,665489
2024,141,2024-03-27,666182
2024,141,2024-03-27,666201
2024,141,2024-03-27,668470
2024,141,2024-03-27,669952
2024,141,2024-03-27,670102
2024,141,2024-03-27,670950
2024,141,2024-03-27,671936
2024,141,2024-03-27,672386
2024,141,2024-03-27,676391
2024,141,2024-03-27,676914
2024,141,2024-03-27,677870
2024,141,2024-03-27,680718
2024,141,2024-03-27,682619
2024,141,2024-03-27,684320
2024,141,2024-03-27,687462
2024,141,2024-03-27,691172
2024,142,2024-03-27,467793
2024,142,2024-03-27,543101
2024,142,2024-03-27,543351
2024,142,2024-03-27,543877
2024,142,2024-03-27,571657
2024,142,2024-03-27,573204
2024,142,2024-03-27,592779
2024,142,2024-03-27,592848
2024,142,2024-03-27,595345
2024,142,2024-03-27,596146
2024,142,2024-03-27,621043
2024,142,2024-03-27,621439
2024,142,2024-03-27,622251
2024,142,2024-03-27,622534
2024,142,2024-03-27,623437
2024,142,2024-03-27,641154
2024,142,2024-03-27,641927
2024,142,2024-03-27,643377
2024,142,2024-03-27,650489
2024,142,2024-03-27,657746
2024,142,2024-03-27,660896
2024,142,2024-03-27,661395
2024,142,2024-03-27,663485
2024,142,2024-03-27,663616
2024,142,2024-03-27,663978
2024,142,2024-03-27,665856
2024,142,2024-03-27,666135
2024,142,2024-03-27,666397
2024,142,2024-03-27,668885
2024,142,2024-03-27,668904
2024,142,2024-03-27,669304
2024,142,2024-03-27,670242
2024,142,2024-03-27,670870
2024,142,2024-03-27,680573
2024,142,2024-03-27,680739
2024,142,2024-03-27,680777
2024,142,2024-03-27,681892
2024,142,2024-03-27,683764
2024,142,2024-03-27,686973
2024,142,2024-03-27,687396
2024,142,2024-03-27,691181
2024,143,2024-03-28,547180
2024,143,2024-03-28,554430
2024,143,2024-03-28,592206
2024,143,2024-03-28,592229
2024,143,2024-03-28,592663
2024,143,2024-03-28,592836
2024,143,2024-03-28,593160
2024,143,2024-03-28,596117
2024,143,2024-03-28,605400
2024,143,2024-03-28,605513
2024,143,2024-03-28,607208
2024,143,2024-03-28,621074
2024,143,2024-03-28,621237
2024,143,2024-03-28,621381
2024,143,2024-03-28,622554
2024,143,2024-03-28,624133
2024,143,2024-03-28,624641
2024,143,2024-03-28,628708
2024,143,2024-03-28,641401
2024,143,2024-03-28,642215
2024,143,2024-03-28,642397
2024,143,2024-03-28,650911
2024,143,2024-03-28,656546
2024,143,2024-03-28,656793
2024,143,2024-03-28,656814
2024,143,2024-03-28,656941
2024,143,2024-03-28,663465
2024,143,2024-03-28,664761
2024,143,2024-03-28,665019
2024,143,2024-03-28,665506
2024,143,2024-03-28,665561
2024,143,2024-03-28,666721
2024,143,2024-03-28,666801
2024,143,2024-03-28,669016
2024,143,2024-03-28,669742
2024,143,2024-03-28,675650
2024,143,2024-03-28,679032
2024,143,2024-03-28,681082
2024,143,2024-03-28,689147
2024,144,2024-03-28,445926
2024,144,2024-03-28,450203
2024,144,2024-03-28,518595
2024,144,2024-03-28,519242
2024,144,2024-03-28,542303
2024,144,2024-03-28,554431
2024,144,2024-03-28,572955
2024,144,2024-03-28,594807
2024,144,2024-03-28,606115
2024,144,2024-03-28,607481
2024,144,2024-03-28,608331
2024,144,2024-03-28,621345
2024,144,2024-03-28,621566
2024,144,2024-03-28,622780
2024,144,2024-03-28,625643
2024,144,2024-03-28,628452
2024,144,2024-03-28,641645
2024,144,2024-03-28,641729
2024,144,2024-03-28,642216
2024,144,2024-03-28,645277
2024,144,2024-03-28,657088
2024,144,2024-03-28,660623
2024,144,2024-03-28,660670
2024,144,2024-03-28,663586
2024,144,2024-03-28,666120
2024,144,2024-03-28,669221
2024,144,2024-03-28,669276
2024,144,2024-03-28,670241
2024,144,2024-03-28,671739
2024,144,2024-03-28,672284
2024,144,2024-03-28,675911
2024,144,2024-03-28,678061
2024,144,2024-03-28,678226
2024,144,2024-03-28,679881
2024,144,2024-03-28,689266
2024,144,2024-03-28,693821
2024,144,2024-03-28,700363
2024,145,2024-03-27,455117
2024,145,2024-03-27,545358
2024,145,2024-03-27,605154
2024,145,2024-03-27,607200
2024,145,2024-03-27,607680
2024,145,2024-03-27,621051
2024,145,2024-03-27,621383
2024,145,2024-03-27,623167
2024,145,2024-03-27,641582
2024,145,2024-03-27,643217
2024,145,2024-03-27,647336
2024,145,2024-03-27,650391
2024,145,2024-03-27,656629
2024,145,2024-03-27,657557
2024,145,2024-03-27,657612
2024,145,2024-03-27,657757
2024,145,2024-03-27,660162
2024,145,2024-03-27,663436
2024,145,2024-03-27,665620
2024,145,2024-03-27,666150
2024,145,2024-03-27,666208
2024,145,2024-03-27,669424
2024,145,2024-03-27,669699
2024,145,2024-03-27,669947
2024,145,2024-03-27,670032
2024,145,2024-03-27,671109
2024,145,2024-03-27,671111
2024,145,2024-03-27,672820
2024,145,2024-03-27,672860
2024,145,2024-03-27,673357
2024,145,2024-03-27,675660
2024,145,2024-03-27,676113
2024,145,2024-03-27,676979
2024,145,2024-03-27,679563
2024,145,2024-03-27,682868
2024,145,2024-03-27,683568
2024,145,2024-03-27,683734
2024,145,2024-03-27,686676
2024,145,2024-03-27,690544
2024,145,2024-03-27,693049
2024,145,2024-03-27,694363
2024,145,2024-03-27,814300
2024,146,2024-03-27,541645
2024,146,2024-03-27,542194
2024,146,2024-03-27,572143
2024,146,2024-03-27,605137
2024,146,2024-03-27,608638
2024,146,2024-03-27,624503
2024,146,2024-03-27,640462
2024,146,2024-03-27,641313
2024,146,2024-03-27,645261
2024,146,2024-03-27,650333
2024,146,2024-03-27,650559
2024,146,2024-03-27,656945
2024,146,2024-03-27,660644
2024,146,2024-03-27,660821
2024,146,2024-03-27,663743
2024,146,2024-03-27,663773
2024,146,2024-03-27,664350
2024,146,2024-03-27,665795
2024,146,2024-03-27,665862
2024,146,2024-03-27,666129
2024,146,2024-03-27,666200
2024,146,2024-03-27,666277
2024,146,2024-03-27,667472
2024,146,2024-03-27,669364
2024,146,2024-03-27,669394
2024,146,2024-03-27,669432
2024,146,2024-03-27,669622
2024,146,2024-03-27,670766
2024,146,2024-03-27,676534
2024,146,2024-03-27,676974
2024,146,2024-03-27,677053
2024,146,2024-03-27,677960
2024,146,2024-03-27,681006
2024,146,2024-03-27,681146
2024,146,2024-03-27,682610
2024,146,2024-03-27,683748
2024,146,2024-03-27,686539
2024,146,2024-03-27,687424
2024,146,2024-03-27,691587
2024,147,2024-03-27,518934
2024,147,2024-03-27,519203
2024,147,2024-03-27,519317
2024,147,2024-03-27,542932
2024,147,2024-03-27,543037
2024,147,2024-03-27,547001
2024,147,2024-03-27,573186
2024,147,2024-03-27,592450
2024,147,2024-03-27,592454
2024,147,2024-03-27,596133
2024,147,2024-03-27,598286
2024,147,2024-03-27,605280
2024,147,2024-03-27,607074
2024,147,2024-03-27,624431
2024,147,2024-03-27,624647
2024,147,2024-03-27,641482
2024,147,2024-03-27,641656
2024,147,2024-03-27,642152
2024,147,2024-03-27,642528
2024,147,2024-03-27,650402
2024,147,2024-03-27,657077
2024,147,2024-03-27,657376
2024,147,2024-03-27,657571
2024,147,2024-03-27,661563
2024,147,2024-03-27,663330
2024,147,2024-03-27,663752
2024,147,2024-03-27,663757
2024,147,2024-03-27,664123
2024,147,2024-03-27,665742
2024,147,2024-03-27,665828
2024,147,2024-03-27,665966
2024,147,2024-03-27,669224
2024,147,2024-03-27,672724
2024,147,2024-03-27,672782
2024,147,2024-03-27,676760
2024,147,2024-03-27,677076
2024,147,2024-03-27,677592
2024,147,2024-03-27,678391
2024,147,2024-03-27,682663
2024,147,2024-03-27,683011
2024,147,2024-03-27,686842
2024,147,2024-03-27,690925
2024,147,2024-03-27,691176
2024,158,2024-03-28,489119
2024,158,2024-03-28,571948
2024,158,2024-03-28,592885
2024,158,2024-03-28,596001
2024,158,2024-03-28,596142
2024,158,2024-03-28,600986
2024,158,2024-03-28,605452
2024,158,2024-03-28,605540
2024,158,2024-03-28,606303
2024,158,2024-03-28,607067
2024,158,2024-03-28,641343
2024,158,2024-03-28,642207
2024,158,2024-03-28,642547
2024,158,2024-03-28,642715
2024,158,2024-03-28,655316
2024,158,2024-03-28,656266
2024,158,2024-03-28,656555
2024,158,2024-03-28,656730
2024,158,2024-03-28,661388
2024,158,2024-03-28,663368
2024,158,2024-03-28,663542
2024,158,2024-03-28,664199
2024,158,2024-03-28,665625
2024,158,2024-03-28,668930
2024,158,2024-03-28,669003
2024,158,2024-03-28,669060
2024,158,2024-03-28,669084
2024,158,2024-03-28,676083
2024,158,2024-03-28,676879
2024,158,2024-03-28,676896
2024,158,2024-03-28,680911
2024,158,2024-03-28,681962
2024,158,2024-03-28,682842
2024,158,2024-03-28,686217
2024,158,2024-03-28,686554
2024,158,2024-03-28,686894
2024,158,2024-03-28,687134
2024,158,2024-03-28,687401
2024,158,2024-03-28,691620
2024,158,2024-03-28,694192
2025,108,2025-03-26,445276
2025,108,2025-03-26,518595
2025,108,2025-03-26,542881
2025,108,2025-03-26,543294
2025,108,2025-03-26,543685
2025,108,2025-03-26,545361
2025,108,2025-03-26,579328
2025,108,2025-03-26,596112
2025,108,2025-03-26,621028
2025,108,2025-03-26,621493
2025,108,2025-03-26,624585
2025,108,2025-03-26,641313
2025,108,2025-03-26,642020
2025,108,2025-03-26,650859
2025,108,2025-03-26,656271
2025,108,2025-03-26,656848
2025,108,2025-03-26,660162
2025,108,2025-03-26,666120
2025,108,2025-03-26,666171
2025,108,2025-03-26,666176
2025,108,2025-03-26,667755
2025,108,2025-03-26,668968
2025,108,2025-03-26,669081
2025,108,2025-03-26,670032
2025,108,2025-03-26,672282
2025,108,2025-03-26,672569
2025,108,2025-03-26,676116
2025,108,2025-03-26,677347
2025,108,2025-03-26,680729
2025,108,2025-03-26,681217
2025,108,2025-03-26,681351
2025,108,2025-03-26,682989
2025,108,2025-03-26,683090
2025,108,2025-03-26,686799
2025,108,2025-03-26,687263
2025,108,2025-03-26,690829
2025,108,2025-03-26,691951
2025,108,2025-03-26,694359
2025,108,2025-03-26,694384
2025,108,2025-03-26,696147
2025,108,2025-03-26,696270
2025,108,2025-03-26,702674
2025,109,2025-03-26,518876
2025,109,2025-03-26,545341
2025,109,2025-03-26,553993
2025,109,2025-03-26,571946
2025,109,2025-03-26,573009
2025,109,2025-03-26,593958
2025,109,2025-03-26,606466
2025,109,2025-03-26,608665
2025,109,2025-03-26,640462
2025,109,2025-03-26,641658
2025,109,2025-03-26,645444
2025,109,2025-03-26,647304
2025,109,2025-03-26,656222
2025,109,2025-03-26,656464
2025,109,2025-03-26,656756
2025,109,2025-03-26,656976
2025,109,2025-03-26,657044
2025,109,2025-03-26,664983
2025,109,2025-03-26,666197
2025,109,2025-03-26,666971
2025,109,2025-03-26,668678
2025,109,2025-03-26,669194
2025,109,2025-03-26,669203
2025,109,2025-03-26,669459
2025,109,2025-03-26,672515
2025,109,2025-03-26,672695
2025,109,2025-03-26,674072
2025,109,2025-03-26,677942
2025,109,2025-03-26,677950
2025,109,2025-03-26,678489
2025,109,2025-03-26,679885
2025,109,2025-03-26,680728
2025,109,2025-03-26,682998
2025,109,2025-03-26,686753
2025,109,2025-03-26,686796
2025,109,2025-03-26,686826
2025,109,2025-03-26,691441
2025,109,2025-03-26,691783
2025,109,2025-03-26,692544
2025,109,2025-03-26,694297
2025,109,2025-03-26,694374
2025,109,2025-03-26,700270
2025,110,2025-03-26,450203
2025,110,2025-03-26,502043
2025,110,2025-03-26,544150
2025,110,2025-03-26,552640
2025,110,2025-03-26,593574
2025,110,2025-03-26,596142
2025,110,2025-03-26,602104
2025,110,2025-03-26,608372
2025,110,2025-03-26,621107
2025,110,2025-03-26,621199
2025,110,2025-03-26,622554
2025,110,2025-03-26,622761
2025,110,2025-03-26,641329
2025,110,2025-03-26,641933
2025,110,2025-03-26,642397
2025,110,2025-03-26,642585
2025,110,2025-03-26,656775
2025,110,2025-03-26,656811
2025,110,2025-03-26,657656
2025,110,2025-03-26,663624
2025,110,2025-03-26,665152
2025,110,2025-03-26,666185
2025,110,2025-03-26,666974
2025,110,2025-03-26,668939
2025,110,2025-03-26,669211
2025,110,2025-03-26,669330
2025,110,2025-03-26,669432
2025,110,2025-03-26,669704
2025,110,2025-03-26,672335
2025,110,2025-03-26,672710
2025,110,2025-03-26,676059
2025,110,2025-03-26,677008
2025,110,2025-03-26,680570
2025,110,2025-03-26,680694
2025,110,2025-03-26,681297
2025,110,2025-03-26,681882
2025,110,2025-03-26,683002
2025,110,2025-03-26,687064
2025,110,2025-03-26,691723
2025,110,2025-03-26,694646
2025,110,2025-03-26,700249
2025,110,2025-03-26,702616
2025,111,2025-03-26,458677
2025,111,2025-03-26,521230
2025,111,2025-03-26,547973
2025,111,2025-03-26,596115
2025,111,2025-03-26,608324
2025,111,2025-03-26,608337
2025,111,2025-03-26,608701
2025,111,2025-03-26,621111
2025,111,2025-03-26,646240
2025,111,2025-03-26,656557
2025,111,2025-03-26,657136
2025,111,2025-03-26,657514
2025,111,2025-03-26,663776
2025,111,2025-03-26,663853
2025,111,2025-03-26,665966
2025,111,2025-03-26,666152
2025,111,2025-03-26,666165
2025,111,2025-03-26,669684
2025,111,2025-03-26,669711
2025,111,2025-03-26,670174
2025,111,2025-03-26,671213
2025,111,2025-03-26,676477
2025,111,2025-03-26,676710
2025,111,2025-03-26,676979
2025,111,2025-03-26,677161
2025,111,2025-03-26,677800
2025,111,2025-03-26,678394
2025,111,2025-03-26,678882
2025,111,2025-03-26,680776
2025,111,2025-03-26,681867
2025,111,2025-03-26,682990
2025,111,2025-03-26,683068
2025,111,2025-03-26,686580
2025,111,2025-03-26,686765
2025,111,2025-03-26,687093
2025,111,2025-03-26,690916
2025,111,2025-03-26,690928
2025,111,2025-03-26,691373
2025,111,2025-03-26,691384
2025,111,2025-03-26,692285
2025,111,2025-03-26,807799
2025,112,2025-03-17,457759
2025,112,2025-03-17,518489
2025,112,2025-03-17,519151
2025,112,2025-03-17,542932
2025,112,2025-03-17,547001
2025,112,2025-03-17,571510
2025,112,2025-03-17,573204
2025,112,2025-03-17,592791
2025,112,2025-03-17,607067
2025,112,2025-03-17,608348
2025,112,2025-03-17,621020
2025,112,2025-03-17,657006
2025,112,2025-03-17,657240
2025,112,2025-03-17,660644
2025,112,2025-03-17,663538
2025,112,2025-03-17,663656
2025,112,2025-03-17,663878
2025,112,2025-03-17,664023
2025,112,2025-03-17,665804
2025,112,2025-03-17,665871
2025,112,2025-03-17,668338
2025,112,2025-03-17,668873
2025,112,2025-03-17,668970
2025,112,2025-03-17,669212
2025,112,2025-03-17,669398
2025,112,2025-03-17,673548
2025,112,2025-03-17,676962
2025,112,2025-03-17,680891
2025,112,2025-03-17,681432
2025,112,2025-03-17,681799
2025,112,2025-03-17,682634
2025,112,2025-03-17,683357
2025,112,2025-03-17,683737
2025,112,2025-03-17,684007
2025,112,2025-03-17,687863
2025,112,2025-03-17,691718
2025,112,2025-03-17,694037
2025,112,2025-03-17,696136
2025,112,2025-03-17,701496
2025,112,2025-03-17,807713
2025,113,2025-03-26,573124
2025,113,2025-03-26,594580
2025,113,2025-03-26,600869
2025,113,2025-03-26,605130
2025,113,2025-03-26,607259
2025,113,2025-03-26,608718
2025,113,2025-03-26,624431
2025,113,2025-03-26,641584
2025,113,2025-03-26,641941
2025,113,2025-03-26,642851
2025,113,2025-03-26,656413
2025,113,2025-03-26,663574
2025,113,2025-03-26,663886
2025,113,2025-03-26,663903
2025,113,2025-03-26,664139
2025,113,2025-03-26,664747
2025,113,2025-03-26,666157
2025,113,2025-03-26,666158
2025,113,2025-03-26,666181
2025,113,2025-03-26,668715
2025,113,2025-03-26,668881
2025,113,2025-03-26,668933
2025,113,2025-03-26,669289
2025,113,2025-03-26,669720
2025,113,2025-03-26,670770
2025,113,2025-03-26,671096
2025,113,2025-03-26,674441
2025,113,2025-03-26,677956
2025,113,2025-03-26,682227
2025,113,2025-03-26,682622
2025,113,2025-03-26,682825
2025,113,2025-03-26,682829
2025,113,2025-03-26,682997
2025,113,2025-03-26,683175
2025,113,2025-03-26,686730
2025,113,2025-03-26,687924
2025,113,2025-03-26,687952
2025,113,2025-03-26,691172
2025,113,2025-03-26,694362
2025,113,2025-03-26,695076
2025,114,2025-03-26,467793
2025,114,2025-03-26,594902
2025,114,2025-03-26,595978
2025,114,2025-03-26,596001
2025,114,2025-03-26,607644
2025,114,2025-03-26,608070
2025,114,2025-03-26,623149
2025,114,2025-03-26,656529
2025,114,2025-03-26,657041
2025,114,2025-03-26,661403
2025,114,2025-03-26,663474
2025,114,2025-03-26,663671
2025,114,2025-03-26,663986
2025,114,2025-03-26,666134
2025,114,2025-03-26,666310
2025,114,2025-03-26,668909
2025,114,2025-03-26,669456
2025,114,2025-03-26,671106
2025,114,2025-03-26,671286
2025,114,2025-03-26,671922
2025,114,2025-03-26,672356
2025,114,2025-03-26,676282
2025,114,2025-03-26,676440
2025,114,2025-03-26,677587
2025,114,2025-03-26,677944
2025,114,2025-03-26,678877
2025,114,2025-03-26,680757
2025,114,2025-03-26,680916
2025,114,2025-03-26,680951
2025,114,2025-03-26,681807
2025,114,2025-03-26,681870
2025,114,2025-03-26,682120
2025,114,2025-03-26,682177
2025,114,2025-03-26,682657
2025,114,2025-03-26,682847
2025,114,2025-03-26,682877
2025,114,2025-03-26,682982
2025,114,2025-03-26,683769
2025,114,2025-03-26,686823
2025,114,2025-03-26,689958
2025,114,2025-03-26,690984
2025,114,2025-03-26,700932
2025,115,2025-03-27,518397
2025,115,2025-03-27,571657
2025,115,2025-03-27,592178
2025,115,2025-03-27,596295
2025,115,2025-03-27,605361
2025,115,2025-03-27,607536
2025,115,2025-03-27,607732
2025,115,2025-03-27,608566
2025,115,2025-03-27,622608
2025,115,2025-03-27,623474
2025,115,2025-03-27,641755
2025,115,2025-03-27,641857
2025,115,2025-03-27,642731
2025,115,2025-03-27,656234
2025,115,2025-03-27,656248
2025,115,2025-03-27,656458
2025,115,2025-03-27,663372
2025,115,2025-03-27,666160
2025,115,2025-03-27,669911
2025,115,2025-03-27,671289
2025,115,2025-03-27,675848
2025,115,2025-03-27,676105
2025,115,2025-03-27,677955
2025,115,2025-03-27,678020
2025,115,2025-03-27,678662
2025,115,2025-03-27,678821
2025,115,2025-03-27,680767
2025,115,2025-03-27,683409
2025,115,2025-03-27,683627
2025,115,2025-03-27,685299
2025,115,2025-03-27,686668
2025,115,2025-03-27,687134
2025,115,2025-03-27,687145
2025,115,2025-03-27,687597
2025,115,2025-03-27,691011
2025,115,2025-03-27,691182
2025,115,2025-03-27,691728
2025,115,2025-03-27,692585
2025,115,2025-03-27,696100
2025,116,2025-03-26,502171
2025,116,2025-03-26,592454
2025,116,2025-03-26,595879
2025,116,2025-03-26,605154
2025,116,2025-03-26,622534
2025,116,2025-03-26,628317
2025,116,2025-03-26,628451
2025,116,2025-03-26,650402
2025,116,2025-03-26,656427
2025,116,2025-03-26,656638
2025,116,2025-03-26,656716
2025,116,2025-03-26,663554
2025,116,2025-03-26,663837
2025,116,2025-03-26,663947
2025,116,2025-03-26,664353
2025,116,2025-03-26,666159
2025,116,2025-03-26,668670
2025,116,2025-03-26,668952
2025,116,2025-03-26,669234
2025,116,2025-03-26,669373
2025,116,2025-03-26,669724
2025,116,2025-03-26,671345
2025,116,2025-03-26,672456
2025,116,2025-03-26,672761
2025,116,2025-03-26,674944
2025,116,2025-03-26,676428
2025,116,2025-03-26,676684
2025,116,2025-03-26,678009
2025,116,2025-03-26,679529
2025,116,2025-03-26,680744
2025,116,2025-03-26,681481
2025,116,2025-03-26,681857
2025,116,2025-03-26,682985
2025,116,2025-03-26,687074
2025,116,2025-03-26,687830
2025,116,2025-03-26,689225
2025,116,2025-03-26,690291
2025,116,2025-03-26,690544
2025,116,2025-03-26,690993
2025,116,2025-03-26,693307
2025,116,2025-03-26,694331
2025,116,2025-03-26,695445
2025,116,2025-03-26,695549
2025,116,2025-03-26,700242
2025,117,2025-03-26,514888
2025,117,2025-03-26,572233
2025,117,2025-03-26,605170
2025,117,2025-03-26,605463
2025,117,2025-03-26,621121
2025,117,2025-03-26,623352
2025,117,2025-03-26,641585
2025,117,2025-03-26,643289
2025,117,2025-03-26,650556
2025,117,2025-03-26,656986
2025,117,2025-03-26,663321
2025,117,2025-03-26,663967
2025,117,2025-03-26,664285
2025,117,2025-03-26,664299
2025,117,2025-03-26,664351
2025,117,2025-03-26,665161
2025,117,2025-03-26,666211
2025,117,2025-03-26,666215
2025,117,2025-03-26,669450
2025,117,2025-03-26,669713
2025,117,2025-03-26,669854
2025,117,2025-03-26,670541
2025,117,2025-03-26,670623
2025,117,2025-03-26,672391
2025,117,2025-03-26,673237
2025,117,2025-03-26,676467
2025,117,2025-03-26,676694
2025,117,2025-03-26,676801
2025,117,2025-03-26,677651
2025,117,2025-03-26,681293
2025,117,2025-03-26,681869
2025,117,2025-03-26,685744
2025,117,2025-03-26,686613
2025,117,2025-03-26,687473
2025,117,2025-03-26,687911
2025,117,2025-03-26,694175
2025,117,2025-03-26,694376
2025,117,2025-03-26,701305
2025,118,2025-03-26,521692
2025,118,2025-03-26,547179
2025,118,2025-03-26,592192
2025,118,2025-03-26,592669
2025,118,2025-03-26,607625
2025,118,2025-03-26,608032
2025,118,2025-03-26,608379
2025,118,2025-03-26,608717
2025,118,2025-03-26,640451
2025,118,2025-03-26,657140
2025,118,2025-03-26,663460
2025,118,2025-03-26,663697
2025,118,2025-03-26,663704
2025,118,2025-03-26,663738
2025,118,2025-03-26,664728
2025,118,2025-03-26,666023
2025,118,2025-03-26,666142
2025,118,2025-03-26,668674
2025,118,2025-03-26,669004
2025,118,2025-03-26,669674
2025,118,2025-03-26,670167
2025,118,2025-03-26,671221
2025,118,2025-03-26,672021
2025,118,2025-03-26,672580
2025,118,2025-03-26,672582
2025,118,2025-03-26,674444
2025,118,2025-03-26,677951
2025,118,2025-03-26,679525
2025,118,2025-03-26,679845
2025,118,2025-03-26,679883
2025,118,2025-03-26,680118
2025,118,2025-03-26,680742
2025,118,2025-03-26,681895
2025,118,2025-03-26,686469
2025,118,2025-03-26,686681
2025,118,2025-03-26,686894
2025,118,2025-03-26,694355
2025,118,2025-03-26,702070
2025,119,2025-03-17,472610
2025,119,2025-03-17,477132
2025,119,2025-03-17,489446
2025,119,2025-03-17,500743
2025,119,2025-03-17,518692
2025,119,2025-03-17,571771
2025,119,2025-03-17,571970
2025,119,2025-03-17,595014
2025,119,2025-03-17,605131
2025,119,2025-03-17,605141
2025,119,2025-03-17,605483
2025,119,2025-03-17,606192
2025,119,2025-03-17,607192
2025,119,2025-03-17,607455
2025,119,2025-03-17,621035
2025,119,2025-03-17,623465
2025,119,2025-03-17,624424
2025,119,2025-03-17,656629
2025,119,2025-03-17,656945
2025,119,2025-03-17,660271
2025,119,2025-03-17,660813
2025,119,2025-03-17,664062
2025,119,2025-03-17,669160
2025,119,2025-03-17,669165
2025,119,2025-03-17,669242
2025,119,2025-03-17,669257
2025,119,2025-03-17,675627
2025,119,2025-03-17,676263
2025,119,2025-03-17,676272
2025,119,2025-03-17,676439
2025,119,2025-03-17,676508
2025,119,2025-03-17,680736
2025,119,2025-03-17,680736
2025,119,2025-03-17,681546
2025,119,2025-03-17,681624
2025,119,2025-03-17,681911
2025,119,2025-03-17,683618
2025,119,2025-03-17,686218
2025,119,2025-03-17,689017
2025,119,2025-03-17,689981
2025,119,2025-03-17,693308
2025,119,2025-03-17,694813
2025,119,2025-03-17,808963
2025,119,2025-03-17,808967
2025,119,2025-03-17,808975
2025,120,2025-03-26,571882
2025,120,2025-03-26,592866
2025,120,2025-03-26,605137
2025,120,2025-03-26,605347
2025,120,2025-03-26,608371
2025,120,2025-03-26,621363
2025,120,2025-03-26,640448
2025,120,2025-03-26,642708
2025,120,2025-03-26,647336
2025,120,2025-03-26,656180
2025,120,2025-03-26,657557
2025,120,2025-03-26,660688
2025,120,2025-03-26,660766
2025,120,2025-03-26,663623
2025,120,2025-03-26,663993
2025,120,2025-03-26,665953
2025,120,2025-03-26,666168
2025,120,2025-03-26,669022
2025,120,2025-03-26,669371
2025,120,2025-03-26,669743
2025,120,2025-03-26,671117
2025,120,2025-03-26,671131
2025,120,2025-03-26,671277
2025,120,2025-03-26,674285
2025,120,2025-03-26,676917
2025,120,2025-03-26,677588
2025,120,2025-03-26,678606
2025,120,2025-03-26,680686
2025,120,2025-03-26,680730
2025,120,2025-03-26,682928
2025,120,2025-03-26,683083
2025,120,2025-03-26,686452
2025,120,2025-03-26,686611
2025,120,2025-03-26,687377
2025,120,2025-03-26,687792
2025,120,2025-03-26,690987
2025,120,2025-03-26,691251
2025,120,2025-03-26,694350
2025,120,2025-03-26,695418
2025,120,2025-03-26,695578
2025,120,2025-03-26,696285
2025,120,2025-03-26,702358
2025,120,2025-03-26,829272
2025,121,2025-03-26,516782
2025,121,2025-03-26,592773
2025,121,2025-03-26,593423
2025,121,2025-03-26,596019
2025,121,2025-03-26,605280
2025,121,2025-03-26,607043
2025,121,2025-03-26,608385
2025,121,2025-03-26,620443
2025,121,2025-03-26,621112
2025,121,2025-03-26,621242
2025,121,2025-03-26,621345
2025,121,2025-03-26,621438
2025,121,2025-03-26,622098
2025,121,2025-03-26,623211
2025,121,2025-03-26,624413
2025,121,2025-03-26,640455
2025,121,2025-03-26,640492
2025,121,2025-03-26,642350
2025,121,2025-03-26,643361
2025,121,2025-03-26,643446
2025,121,2025-03-26,656288
2025,121,2025-03-26,656731
2025,121,2025-03-26,656849
2025,121,2025-03-26,657585
2025,121,2025-03-26,663611
2025,121,2025-03-26,663795
2025,121,2025-03-26,664849
2025,121,2025-03-26,665742
2025,121,2025-03-26,668820
2025,121,2025-03-26,668901
2025,121,2025-03-26,672744
2025,121,2025-03-26,673380
2025,121,2025-03-26,673540
2025,121,2025-03-26,676130
2025,121,2025-03-26,676604
2025,121,2025-03-26,676724
2025,121,2025-03-26,677595
2025,121,2025-03-26,681035
2025,121,2025-03-26,681810
2025,121,2025-03-26,682626
2025,121,2025-03-26,682668
2025,121,2025-03-26,683146
2025,133,2025-03-26,519008
2025,133,2025-03-26,570482
2025,133,2025-03-26,600917
2025,133,2025-03-26,605488
2025,133,2025-03-26,609280
2025,133,2025-03-26,621053
2025,133,2025-03-26,622663
2025,133,2025-03-26,640902
2025,133,2025-03-26,649966
2025,133,2025-03-26,663687
2025,133,2025-03-26,664913
2025,133,2025-03-26,665622
2025,133,2025-03-26,665660
2025,133,2025-03-26,665923
2025,133,2025-03-26,667670
2025,133,2025-03-26,668709
2025,133,2025-03-26,668716
2025,133,2025-03-26,669127
2025,133,2025-03-26,669372
2025,133,2025-03-26,669620
2025,133,2025-03-26,671305
2025,133,2025-03-26,671732
2025,133,2025-03-26,672016
2025,133,2025-03-26,674370
2025,133,2025-03-26,676664
2025,133,2025-03-26,680474
2025,133,2025-03-26,680684
2025,133,2025-03-26,680743
2025,133,2025-03-26,680769
2025,133,2025-03-26,680869
2025,133,2025-03-26,680880
2025,133,2025-03-26,682052
2025,133,2025-03-26,683155
2025,133,2025-03-26,686610
2025,133,2025-03-26,686993
2025,133,2025-03-26,687231
2025,133,2025-03-26,687765
2025,133,2025-03-26,691016
2025,133,2025-03-26,695243
2025,133,2025-03-26,695391
2025,133,2025-03-26,805779
2025,134,2025-03-26,457705
2025,134,2025-03-26,502054
2025,134,2025-03-26,571760
2025,134,2025-03-26,624428
2025,134,2025-03-26,641511
2025,134,2025-03-26,641835
2025,134,2025-03-26,642701
2025,134,2025-03-26,643396
2025,134,2025-03-26,656605
2025,134,2025-03-26,657265
2025,134,2025-03-26,657571
2025,134,2025-03-26,663559
2025,134,2025-03-26,663647
2025,134,2025-03-26,663698
2025,134,2025-03-26,663767
2025,134,2025-03-26,664294
2025,134,2025-03-26,664875
2025,134,2025-03-26,665833
2025,134,2025-03-26,665839
2025,134,2025-03-26,666214
2025,134,2025-03-26,668804
2025,134,2025-03-26,669261
2025,134,2025-03-26,669387
2025,134,2025-03-26,669707
2025,134,2025-03-26,670059
2025,134,2025-03-26,670280
2025,134,2025-03-26,670912
2025,134,2025-03-26,676702
2025,134,2025-03-26,676702
2025,134,2025-03-26,677952
2025,134,2025-03-26,678225
2025,134,2025-03-26,678894
2025,134,2025-03-26,680779
2025,134,2025-03-26,681347
2025,134,2025-03-26,682848
2025,134,2025-03-26,683003
2025,134,2025-03-26,687462
2025,134,2025-03-26,691907
2025,134,2025-03-26,693304
2025,134,2025-03-26,693312
2025,134,2025-03-26,694377
2025,134,2025-03-26,694973
2025,134,2025-03-26,695257
2025,135,2025-03-26,506433
2025,135,2025-03-26,518792
2025,135,2025-03-26,553869
2025,135,2025-03-26,592094
2025,135,2025-03-26,592518
2025,135,2025-03-26,593428
2025,135,2025-03-26,593974
2025,135,2025-03-26,601713
2025,135,2025-03-26,605397
2025,135,2025-03-26,606996
2025,135,2025-03-26,630105
2025,135,2025-03-26,642180
2025,135,2025-03-26,650333
2025,135,2025-03-26,650633
2025,135,2025-03-26,656302
2025,135,2025-03-26,656582
2025,135,2025-03-26,657757
2025,135,2025-03-26,663158
2025,135,2025-03-26,663362
2025,135,2025-03-26,663568
2025,135,2025-03-26,663604
2025,135,2025-03-26,663773
2025,135,2025-03-26,665487
2025,135,2025-03-26,666703
2025,135,2025-03-26,666745
2025,135,2025-03-26,669093
2025,135,2025-03-26,669134
2025,135,2025-03-26,669200
2025,135,2025-03-26,669308
2025,135,2025-03-26,670970
2025,135,2025-03-26,672359
2025,135,2025-03-26,673513
2025,135,2025-03-26,676680
2025,135,2025-03-26,676760
2025,135,2025-03-26,678316
2025,135,2025-03-26,681190
2025,135,2025-03-26,686701
2025,135,2025-03-26,689690
2025,135,2025-03-26,692013
2025,135,2025-03-26,701538
2025,136,2025-03-26,456781
2025,136,2025-03-26,593871
2025,136,2025-03-26,622491
2025,136,2025-03-26,641487
2025,136,2025-03-26,641598
2025,136,2025-03-26,642048
2025,136,2025-03-26,642100
2025,136,2025-03-26,642133
2025,136,2025-03-26,645302
2025,136,2025-03-26,660825
2025,136,2025-03-26,660844
2025,136,2025-03-26,662253
2025,136,2025-03-26,663423
2025,136,2025-03-26,663728
2025,136,2025-03-26,663804
2025,136,2025-03-26,664238
2025,136,2025-03-26,666374
2025,136,2025-03-26,666619
2025,136,2025-03-26,668227
2025,136,2025-03-26,668470
2025,136,2025-03-26,668853
2025,136,2025-03-26,668984
2025,136,2025-03-26,669208
2025,136,2025-03-26,669302
2025,136,2025-03-26,669923
2025,136,2025-03-26,670042
2025,136,2025-03-26,670156
2025,136,2025-03-26,672841
2025,136,2025-03-26,675448
2025,136,2025-03-26,675989
2025,136,2025-03-26,676092
2025,136,2025-03-26,676106
2025,136,2025-03-26,677594
2025,136,2025-03-26,680604
2025,136,2025-03-26,682243
2025,136,2025-03-26,682988
2025,136,2025-03-26,686527
2025,136,2025-03-26,693433
2025,136,2025-03-26,694361
2025,136,2025-03-26,700187
2025,137,2025-03-26,434378
2025,137,2025-03-26,527038
2025,137,2025-03-26,573262
2025,137,2025-03-26,592662
2025,137,2025-03-26,608596
2025,137,2025-03-26,642152
2025,137,2025-03-26,642715
2025,137,2025-03-26,643511
2025,137,2025-03-26,656305
2025,137,2025-03-26,657277
2025,137,2025-03-26,663546
2025,137,2025-03-26,663855
2025,137,2025-03-26,663941
2025,137,2025-03-26,664774
2025,137,2025-03-26,666149
2025,137,2025-03-26,666464
2025,137,2025-03-26,666808
2025,137,2025-03-26,669062
2025,137,2025-03-26,669087
2025,137,2025-03-26,669477
2025,137,2025-03-26,671218
2025,137,2025-03-26,672275
2025,137,2025-03-26,676254
2025,137,2025-03-26,676775
2025,137,2025-03-26,678495
2025,137,2025-03-26,678545
2025,137,2025-03-26,682617
2025,137,2025-03-26,682641
2025,137,2025-03-26,683766
2025,137,2025-03-26,685068
2025,137,2025-03-26,685133
2025,137,2025-03-26,686790
2025,137,2025-03-26,687529
2025,137,2025-03-26,689172
2025,137,2025-03-26,690986
2025,137,2025-03-26,693313
2025,137,2025-03-26,694738
2025,137,2025-03-26,696131
2025,137,2025-03-26,702352
2025,137,2025-03-26,806185
2025,137,2025-03-26,808982
2025,138,2025-03-26,543243
2025,138,2025-03-26,571448
2025,138,2025-03-26,571927
2025,138,2025-03-26,571945
2025,138,2025-03-26,575929
2025,138,2025-03-26,607200
2025,138,2025-03-26,663457
2025,138,2025-03-26,663609
2025,138,2025-03-26,664208
2025,138,2025-03-26,664854
2025,138,2025-03-26,665877
2025,138,2025-03-26,667463
2025,138,2025-03-26,668868
2025,138,2025-03-26,668941
2025,138,2025-03-26,669357
2025,138,2025-03-26,669461
2025,138,2025-03-26,669467
2025,138,2025-03-26,671056
2025,138,2025-03-26,672279
2025,138,2025-03-26,676475
2025,138,2025-03-26,676617
2025,138,2025-03-26,680737
2025,138,2025-03-26,680977
2025,138,2025-03-26,681517
2025,138,2025-03-26,681676
2025,138,2025-03-26,682610
2025,138,2025-03-26,686780
2025,138,2025-03-26,687363
2025,138,2025-03-26,688297
2025,138,2025-03-26,689288
2025,138,2025-03-26,691023
2025,138,2025-03-26,691026
2025,138,2025-03-26,691828
2025,138,2025-03-26,693311
2025,138,2025-03-26,694335
2025,138,2025-03-26,694358
2025,138,2025-03-26,695336
2025,138,2025-03-26,700241
2025,138,2025-03-26,700669
2025,138,2025-03-26,702795
2025,139,2025-03-27,621097
2025,139,2025-03-27,641793
2025,139,2025-03-27,642121
2025,139,2025-03-27,643376
2025,139,2025-03-27,650490
2025,139,2025-03-27,655889
2025,139,2025-03-27,656412
2025,139,2025-03-27,656876
2025,139,2025-03-27,663556
2025,139,2025-03-27,663796
2025,139,2025-03-27,663796
2025,139,2025-03-27,663968
2025,139,2025-03-27,664040
2025,139,2025-03-27,664076
2025,139,2025-03-27,664126
2025,139,2025-03-27,666018
2025,139,2025-03-27,666139
2025,139,2025-03-27,666163
2025,139,2025-03-27,666624
2025,139,2025-03-27,669358
2025,139,2025-03-27,669438
2025,139,2025-03-27,670224
2025,139,2025-03-27,670764
2025,139,2025-03-27,670955
2025,139,2025-03-27,671212
2025,139,2025-03-27,671737
2025,139,2025-03-27,673490
2025,139,2025-03-27,676356
2025,139,2025-03-27,676609
2025,139,2025-03-27,678554
2025,139,2025-03-27,679358
2025,139,2025-03-27,680700
2025,139,2025-03-27,681320
2025,139,2025-03-27,682254
2025,139,2025-03-27,685801
2025,139,2025-03-27,686482
2025,139,2025-03-27,686752
2025,139,2025-03-27,687330
2025,139,2025-03-27,691406
2025,139,2025-03-27,692414
2025,139,2025-03-27,693855
2025,139,2025-03-27,697812
2025,140,2025-03-26,455119
2025,140,2025-03-26,542888
2025,140,2025-03-26,543135
2025,140,2025-03-26,543309
2025,140,2025-03-26,543760
2025,140,2025-03-26,571578
2025,140,2025-03-26,571578
2025,140,2025-03-26,571948
2025,140,2025-03-26,592351
2025,140,2025-03-26,592426
2025,140,2025-03-26,592626
2025,140,2025-03-26,594798
2025,140,2025-03-26,607680
2025,140,2025-03-26,608369
2025,140,2025-03-26,622250
2025,140,2025-03-26,641680
2025,140,2025-03-26,641816
2025,140,2025-03-26,642016
2025,140,2025-03-26,642520
2025,140,2025-03-26,656641
2025,140,2025-03-26,657097
2025,140,2025-03-26,665750
2025,140,2025-03-26,666969
2025,140,2025-03-26,668390
2025,140,2025-03-26,669394
2025,140,2025-03-26,669701
2025,140,2025-03-26,673962
2025,140,2025-03-26,674003
2025,140,2025-03-26,676395
2025,140,2025-03-26,677649
2025,140,2025-03-26,677958
2025,140,2025-03-26,679156
2025,140,2025-03-26,679822
2025,140,2025-03-26,680716
2025,140,2025-03-26,681168
2025,140,2025-03-26,683004
2025,140,2025-03-26,687847
2025,140,2025-03-26,687957
2025,140,2025-03-26,692030
2025,140,2025-03-26,692437
2025,140,2025-03-26,693713
2025,140,2025-03-26,694497
2025,140,2025-03-26,694671
2025,141,2025-03-26,453286
2025,141,2025-03-26,543807
2025,141,2025-03-26,554340
2025,141,2025-03-26,592332
2025,141,2025-03-26,605135
2025,141,2025-03-26,621114
2025,141,2025-03-26,621244
2025,141,2025-03-26,622253
2025,141,2025-03-26,623168
2025,141,2025-03-26,623993
2025,141,2025-03-26,643338
2025,141,2025-03-26,647315
2025,141,2025-03-26,656546
2025,141,2025-03-26,657024
2025,141,2025-03-26,662139
2025,141,2025-03-26,663893
2025,141,2025-03-26,663992
2025,141,2025-03-26,664770
2025,141,2025-03-26,665489
2025,141,2025-03-26,665926
2025,141,2025-03-26,666182
2025,141,2025-03-26,666201
2025,141,2025-03-26,667297
2025,141,2025-03-26,670102
2025,141,2025-03-26,671936
2025,141,2025-03-26,672386
2025,141,2025-03-26,672642
2025,141,2025-03-26,676391
2025,141,2025-03-26,676914
2025,141,2025-03-26,677020
2025,141,2025-03-26,677870
2025,141,2025-03-26,680704
2025,141,2025-03-26,680718
2025,141,2025-03-26,682619
2025,141,2025-03-26,682729
2025,141,2025-03-26,682785
2025,141,2025-03-26,684320
2025,141,2025-03-26,687798
2025,141,2025-03-26,687922
2025,141,2025-03-26,694388
2025,141,2025-03-26,695238
2025,141,2025-03-26,814005
2025,142,2025-03-26,543056
2025,142,2025-03-26,543859
2025,142,2025-03-26,543877
2025,142,2025-03-26,592779
2025,142,2025-03-26,621043
2025,142,2025-03-26,621439
2025,142,2025-03-26,623437
2025,142,2025-03-26,641154
2025,142,2025-03-26,641927
2025,142,2025-03-26,643377
2025,142,2025-03-26,650489
2025,142,2025-03-26,657746
2025,142,2025-03-26,660896
2025,142,2025-03-26,661395
2025,142,2025-03-26,663485
2025,142,2025-03-26,663616
2025,142,2025-03-26,663978
2025,142,2025-03-26,664034
2025,142,2025-03-26,664056
2025,142,2025-03-26,665856
2025,142,2025-03-26,666397
2025,142,2025-03-26,668885
2025,142,2025-03-26,668904
2025,142,2025-03-26,669304
2025,142,2025-03-26,670242
2025,142,2025-03-26,677976
2025,142,2025-03-26,680573
2025,142,2025-03-26,680577
2025,142,2025-03-26,680777
2025,142,2025-03-26,681508
2025,142,2025-03-26,681892
2025,142,2025-03-26,682616
2025,142,2025-03-26,683764
2025,142,2025-03-26,686797
2025,142,2025-03-26,686973
2025,142,2025-03-26,691181
2025,142,2025-03-26,694397
2025,142,2025-03-26,701519
2025,142,2025-03-26,701581
2025,142,2025-03-26,805673
2025,143,2025-03-26,547180
2025,143,2025-03-26,554430
2025,143,2025-03-26,592206
2025,143,2025-03-26,592663
2025,143,2025-03-26,592836
2025,143,2025-03-26,596117
2025,143,2025-03-26,596146
2025,143,2025-03-26,605400
2025,143,2025-03-26,605447
2025,143,2025-03-26,605452
2025,143,2025-03-26,607208
2025,143,2025-03-26,614179
2025,143,2025-03-26,621237
2025,143,2025-03-26,621381
2025,143,2025-03-26,621383
2025,143,2025-03-26,624133
2025,143,2025-03-26,624641
2025,143,2025-03-26,642215
2025,143,2025-03-26,650911
2025,143,2025-03-26,656941
2025,143,2025-03-26,660604
2025,143,2025-03-26,664761
2025,143,2025-03-26,665019
2025,143,2025-03-26,665561
2025,143,2025-03-26,666200
2025,143,2025-03-26,667725
2025,143,2025-03-26,669016
2025,143,2025-03-26,670276
2025,143,2025-03-26,671083
2025,143,2025-03-26,672578
2025,143,2025-03-26,675650
2025,143,2025-03-26,676661
2025,143,2025-03-26,679032
2025,143,2025-03-26,681082
2025,143,2025-03-26,682967
2025,143,2025-03-26,686751
2025,143,2025-03-26,689147
2025,143,2025-03-26,690953
2025,143,2025-03-26,691330
2025,143,2025-03-26,691893
2025,144,2025-03-26,519242
2025,144,2025-03-26,542303
2025,144,2025-03-26,572955
2025,144,2025-03-26,593576
2025,144,2025-03-26,595777
2025,144,2025-03-26,606115
2025,144,2025-03-26,607481
2025,144,2025-03-26,621566
2025,144,2025-03-26,625643
2025,144,2025-03-26,628452
2025,144,2025-03-26,641729
2025,144,2025-03-26,642201
2025,144,2025-03-26,644433
2025,144,2025-03-26,645277
2025,144,2025-03-26,650559
2025,144,2025-03-26,656550
2025,144,2025-03-26,657077
2025,144,2025-03-26,660670
2025,144,2025-03-26,660761
2025,144,2025-03-26,660853
2025,144,2025-03-26,663586
2025,144,2025-03-26,669221
2025,144,2025-03-26,669276
2025,144,2025-03-26,669397
2025,144,2025-03-26,669721
2025,144,2025-03-26,671739
2025,144,2025-03-26,672284
2025,144,2025-03-26,675911
2025,144,2025-03-26,677578
2025,144,2025-03-26,678226
2025,144,2025-03-26,680885
2025,144,2025-03-26,682445
2025,144,2025-03-26,686294
2025,144,2025-03-26,686948
2025,144,2025-03-26,689266
2025,144,2025-03-26,691548
2025,144,2025-03-26,693821
2025,144,2025-03-26,694462
2025,144,2025-03-26,700363
2025,144,2025-03-26,805373
2025,145,2025-03-26,527048
2025,145,2025-03-26,572191
2025,145,2025-03-26,592155
2025,145,2025-03-26,596103
2025,145,2025-03-26,605121
2025,145,2025-03-26,642136
2025,145,2025-03-26,643217
2025,145,2025-03-26,643565
2025,145,2025-03-26,656457
2025,145,2025-03-26,663436
2025,145,2025-03-26,666150
2025,145,2025-03-26,668942
2025,145,2025-03-26,669060
2025,145,2025-03-26,669391
2025,145,2025-03-26,669947
2025,145,2025-03-26,671109
2025,145,2025-03-26,672820
2025,145,2025-03-26,672860
2025,145,2025-03-26,673357
2025,145,2025-03-26,673929
2025,145,2025-03-26,675659
2025,145,2025-03-26,676070
2025,145,2025-03-26,678024
2025,145,2025-03-26,678246
2025,145,2025-03-26,680732
2025,145,2025-03-26,680897
2025,145,2025-03-26,681066
2025,145,2025-03-26,681343
2025,145,2025-03-26,681402
2025,145,2025-03-26,681460
2025,145,2025-03-26,682171
2025,145,2025-03-26,682790
2025,145,2025-03-26,682868
2025,145,2025-03-26,683568
2025,145,2025-03-26,683636
2025,145,2025-03-26,683734
2025,145,2025-03-26,685126
2025,145,2025-03-26,686563
2025,145,2025-03-26,686642
2025,145,2025-03-26,686676
2025,145,2025-03-26,689672
2025,145,2025-03-26,694363
2025,145,2025-03-26,695657
2025,146,2025-03-26,615698
2025,146,2025-03-26,622786
2025,146,2025-03-26,645261
2025,146,2025-03-26,656537
2025,146,2025-03-26,660821
2025,146,2025-03-26,663743
2025,146,2025-03-26,663969
2025,146,2025-03-26,665052
2025,146,2025-03-26,665795
2025,146,2025-03-26,666129
2025,146,2025-03-26,666277
2025,146,2025-03-26,667472
2025,146,2025-03-26,669065
2025,146,2025-03-26,669199
2025,146,2025-03-26,669364
2025,146,2025-03-26,669622
2025,146,2025-03-26,670223
2025,146,2025-03-26,672640
2025,146,2025-03-26,676534
2025,146,2025-03-26,676572
2025,146,2025-03-26,676969
2025,146,2025-03-26,676974
2025,146,2025-03-26,677053
2025,146,2025-03-26,677960
2025,146,2025-03-26,678215
2025,146,2025-03-26,678368
2025,146,2025-03-26,678692
2025,146,2025-03-26,681146
2025,146,2025-03-26,681393
2025,146,2025-03-26,682663
2025,146,2025-03-26,683748
2025,146,2025-03-26,685107
2025,146,2025-03-26,686539
2025,146,2025-03-26,687362
2025,146,2025-03-26,688363
2025,146,2025-03-26,689414
2025,146,2025-03-26,690978
2025,146,2025-03-26,691185
2025,146,2025-03-26,691277
2025,146,2025-03-26,691587
2025,146,2025-03-26,691594
2025,146,2025-03-26,691858
2025,146,2025-03-26,800049
2025,147,2025-03-26,471911
2025,147,2025-03-26,502671
2025,147,2025-03-26,518585
2025,147,2025-03-26,518934
2025,147,2025-03-26,519317
2025,147,2025-03-26,543037
2025,147,2025-03-26,573186
2025,147,2025-03-26,592450
2025,147,2025-03-26,596133
2025,147,2025-03-26,607074
2025,147,2025-03-26,608331
2025,147,2025-03-26,641355
2025,147,2025-03-26,641555
2025,147,2025-03-26,641656
2025,147,2025-03-26,642207
2025,147,2025-03-26,642232
2025,147,2025-03-26,642528
2025,147,2025-03-26,643410
2025,147,2025-03-26,657376
2025,147,2025-03-26,657612
2025,147,2025-03-26,660787
2025,147,2025-03-26,661563
2025,147,2025-03-26,663757
2025,147,2025-03-26,664123
2025,147,2025-03-26,664141
2025,147,2025-03-26,664776
2025,147,2025-03-26,665828
2025,147,2025-03-26,665862
2025,147,2025-03-26,669224
2025,147,2025-03-26,669699
2025,147,2025-03-26,672724
2025,147,2025-03-26,672782
2025,147,2025-03-26,677592
2025,147,2025-03-26,678391
2025,147,2025-03-26,683011
2025,147,2025-03-26,683522
2025,147,2025-03-26,683679
2025,147,2025-03-26,687396
2025,147,2025-03-26,690925
2025,147,2025-03-26,691176
2025,147,2025-03-26,700250
2025,147,2025-03-26,701542
2025,158,2025-03-26,500779
2025,158,2025-03-26,500779
2025,158,2025-03-26,592885
2025,158,2025-03-26,605540
2025,158,2025-03-26,606303
2025,158,2025-03-26,606992
2025,158,2025-03-26,641302
2025,158,2025-03-26,641482
2025,158,2025-03-26,642547
2025,158,2025-03-26,650644
2025,158,2025-03-26,655316
2025,158,2025-03-26,656555
2025,158,2025-03-26,656730
2025,158,2025-03-26,657649
2025,158,2025-03-26,660730
2025,158,2025-03-26,661388
2025,158,2025-03-26,663368
2025,158,2025-03-26,663542
2025,158,2025-03-26,664991
2025,158,2025-03-26,665625
2025,158,2025-03-26,668930
2025,158,2025-03-26,668964
2025,158,2025-03-26,669003
2025,158,2025-03-26,669084
2025,158,2025-03-26,671162
2025,158,2025-03-26,672012
2025,158,2025-03-26,676551
2025,158,2025-03-26,676879
2025,158,2025-03-26,681962
2025,158,2025-03-26,681982
2025,158,2025-03-26,682842
2025,158,2025-03-26,683232
2025,158,2025-03-26,683232
2025,158,2025-03-26,686217
2025,158,2025-03-26,686554
2025,158,2025-03-26,686555
2025,158,2025-03-26,687401
2025,158,2025-03-26,688107
2025,158,2025-03-26,691620
2025,158,2025-03-26,692230
2025,158,2025-03-26,694192
2025,158,2025-03-26,694477
2025,158,2025-03-26,701656
2025,158,2025-03-26,702332
2026,108,2026-03-25,489446
2026,108,2026-03-25,518595
2026,108,2026-03-25,519141
2026,108,2026-03-25,543685
2026,108,2026-03-25,545361
2026,108,2026-03-25,579328
2026,108,2026-03-25,596112
2026,108,2026-03-25,600869
2026,108,2026-03-25,605447
2026,108,2026-03-25,608718
2026,108,2026-03-25,624428
2026,108,2026-03-25,624585
2026,108,2026-03-25,660162
2026,108,2026-03-25,664192
2026,108,2026-03-25,666139
2026,108,2026-03-25,666171
2026,108,2026-03-25,666176
2026,108,2026-03-25,666201
2026,108,2026-03-25,667755
2026,108,2026-03-25,669326
2026,108,2026-03-25,672282
2026,108,2026-03-25,672724
2026,108,2026-03-25,677347
2026,108,2026-03-25,680570
2026,108,2026-03-25,681217
2026,108,2026-03-25,681351
2026,108,2026-03-25,682989
2026,108,2026-03-25,683090
2026,108,2026-03-25,686799
2026,108,2026-03-25,687093
2026,108,2026-03-25,687263
2026,108,2026-03-25,690829
2026,108,2026-03-25,691951
2026,108,2026-03-25,694203
2026,108,2026-03-25,694384
2026,108,2026-03-25,695681
2026,108,2026-03-25,696147
2026,108,2026-03-25,696270
2026,108,2026-03-25,700712
2026,108,2026-03-25,702674
2026,108,2026-03-25,815083
2026,108,2026-03-25,820862
2026,109,2026-03-25,467793
2026,109,2026-03-25,518876
2026,109,2026-03-25,543510
2026,109,2026-03-25,545121
2026,109,2026-03-25,571448
2026,109,2026-03-25,593958
2026,109,2026-03-25,605452
2026,109,2026-03-25,606466
2026,109,2026-03-25,623149
2026,109,2026-03-25,640462
2026,109,2026-03-25,642528
2026,109,2026-03-25,647336
2026,109,2026-03-25,656464
2026,109,2026-03-25,656976
2026,109,2026-03-25,657044
2026,109,2026-03-25,664199
2026,109,2026-03-25,666661
2026,109,2026-03-25,666971
2026,109,2026-03-25,668678
2026,109,2026-03-25,669194
2026,109,2026-03-25,669203
2026,109,2026-03-25,669704
2026,109,2026-03-25,672515
2026,109,2026-03-25,672695
2026,109,2026-03-25,677950
2026,109,2026-03-25,678489
2026,109,2026-03-25,679885
2026,109,2026-03-25,680728
2026,109,2026-03-25,682988
2026,109,2026-03-25,682998
2026,109,2026-03-25,683352
2026,109,2026-03-25,684442
2026,109,2026-03-25,685314
2026,109,2026-03-25,686228
2026,109,2026-03-25,686753
2026,109,2026-03-25,686796
2026,109,2026-03-25,691009
2026,109,2026-03-25,691441
2026,109,2026-03-25,691769
2026,109,2026-03-25,691783
2026,109,2026-03-25,694297
2026,109,2026-03-25,694374
2026,109,2026-03-25,694851
2026,109,2026-03-25,699912
2026,109,2026-03-25,700270
2026,109,2026-03-25,805299
2026,110,2026-03-25,552640
2026,110,2026-03-25,605135
2026,110,2026-03-25,608650
2026,110,2026-03-25,621107
2026,110,2026-03-25,621493
2026,110,2026-03-25,624413
2026,110,2026-03-25,641933
2026,110,2026-03-25,642585
2026,110,2026-03-25,663624
2026,110,2026-03-25,664744
2026,110,2026-03-25,664854
2026,110,2026-03-25,664991
2026,110,2026-03-25,665152
2026,110,2026-03-25,665750
2026,110,2026-03-25,666974
2026,110,2026-03-25,668939
2026,110,2026-03-25,669211
2026,110,2026-03-25,669236
2026,110,2026-03-25,669330
2026,110,2026-03-25,669358
2026,110,2026-03-25,669432
2026,110,2026-03-25,670329
2026,110,2026-03-25,671382
2026,110,2026-03-25,676059
2026,110,2026-03-25,677942
2026,110,2026-03-25,680694
2026,110,2026-03-25,681297
2026,110,2026-03-25,681882
2026,110,2026-03-25,682274
2026,110,2026-03-25,683002
2026,110,2026-03-25,687064
2026,110,2026-03-25,687637
2026,110,2026-03-25,689296
2026,110,2026-03-25,691723
2026,110,2026-03-25,694212
2026,110,2026-03-25,694646
2026,110,2026-03-25,700249
2026,110,2026-03-25,701655
2026,110,2026-03-25,702616
2026,111,2026-03-25,543056
2026,111,2026-03-25,543243
2026,111,2026-03-25,547973
2026,111,2026-03-25,575929
2026,111,2026-03-25,596115
2026,111,2026-03-25,624133
2026,111,2026-03-25,643396
2026,111,2026-03-25,655316
2026,111,2026-03-25,656557
2026,111,2026-03-25,657136
2026,111,2026-03-25,663558
2026,111,2026-03-25,663776
2026,111,2026-03-25,663853
2026,111,2026-03-25,665966
2026,111,2026-03-25,669711
2026,111,2026-03-25,670245
2026,111,2026-03-25,670912
2026,111,2026-03-25,671213
2026,111,2026-03-25,676477
2026,111,2026-03-25,676710
2026,111,2026-03-25,676979
2026,111,2026-03-25,677161
2026,111,2026-03-25,677800
2026,111,2026-03-25,678011
2026,111,2026-03-25,678394
2026,111,2026-03-25,678882
2026,111,2026-03-25,680776
2026,111,2026-03-25,681508
2026,111,2026-03-25,681987
2026,111,2026-03-25,686765
2026,111,2026-03-25,687562
2026,111,2026-03-25,691785
2026,111,2026-03-25,691907
2026,111,2026-03-25,692225
2026,111,2026-03-25,700413
2026,111,2026-03-25,701350
2026,111,2026-03-25,701719
2026,111,2026-03-25,702332
2026,111,2026-03-25,801139
2026,111,2026-03-25,807799
2026,111,2026-03-25,813349
2026,112,2026-03-25,571510
2026,112,2026-03-25,571946
2026,112,2026-03-25,571948
2026,112,2026-03-25,573204
2026,112,2026-03-25,592122
2026,112,2026-03-25,592791
2026,112,2026-03-25,607067
2026,112,2026-03-25,608324
2026,112,2026-03-25,608348
2026,112,2026-03-25,621020
2026,112,2026-03-25,624424
2026,112,2026-03-25,640451
2026,112,2026-03-25,657006
2026,112,2026-03-25,657097
2026,112,2026-03-25,663538
2026,112,2026-03-25,664023
2026,112,2026-03-25,664068
2026,112,2026-03-25,664208
2026,112,2026-03-25,665795
2026,112,2026-03-25,665804
2026,112,2026-03-25,665871
2026,112,2026-03-25,666185
2026,112,2026-03-25,668970
2026,112,2026-03-25,669020
2026,112,2026-03-25,673548
2026,112,2026-03-25,676962
2026,112,2026-03-25,681432
2026,112,2026-03-25,681799
2026,112,2026-03-25,681909
2026,112,2026-03-25,682634
2026,112,2026-03-25,683737
2026,112,2026-03-25,684007
2026,112,2026-03-25,687863
2026,112,2026-03-25,690990
2026,112,2026-03-25,691718
2026,112,2026-03-25,694037
2026,112,2026-03-25,694208
2026,112,2026-03-25,696136
2026,112,2026-03-25,699393
2026,112,2026-03-25,701496
2026,112,2026-03-25,701649
2026,112,2026-03-25,702303
2026,112,2026-03-25,807713
2026,113,2026-03-25,553993
2026,113,2026-03-25,572955
2026,113,2026-03-25,594580
2026,113,2026-03-25,624431
2026,113,2026-03-25,641941
2026,113,2026-03-25,656271
2026,113,2026-03-25,657571
2026,113,2026-03-25,663574
2026,113,2026-03-25,663647
2026,113,2026-03-25,663886
2026,113,2026-03-25,663903
2026,113,2026-03-25,663993
2026,113,2026-03-25,666157
2026,113,2026-03-25,666181
2026,113,2026-03-25,667472
2026,113,2026-03-25,668709
2026,113,2026-03-25,668715
2026,113,2026-03-25,668881
2026,113,2026-03-25,668933
2026,113,2026-03-25,670770
2026,113,2026-03-25,671096
2026,113,2026-03-25,677956
2026,113,2026-03-25,680574
2026,113,2026-03-25,682227
2026,113,2026-03-25,682622
2026,113,2026-03-25,682825
2026,113,2026-03-25,682829
2026,113,2026-03-25,683175
2026,113,2026-03-25,683742
2026,113,2026-03-25,687209
2026,113,2026-03-25,687924
2026,113,2026-03-25,687952
2026,113,2026-03-25,693312
2026,113,2026-03-25,694362
2026,113,2026-03-25,695076
2026,113,2026-03-25,695490
2026,113,2026-03-25,695505
2026,113,2026-03-25,695534
2026,113,2026-03-25,699114
2026,113,2026-03-25,699302
2026,113,2026-03-25,701398
2026,114,2026-03-25,542888
2026,114,2026-03-25,595978
2026,114,2026-03-25,608070
2026,114,2026-03-25,641401
2026,114,2026-03-25,656555
2026,114,2026-03-25,666310
2026,114,2026-03-25,668909
2026,114,2026-03-25,670036
2026,114,2026-03-25,670059
2026,114,2026-03-25,671106
2026,114,2026-03-25,671655
2026,114,2026-03-25,671922
2026,114,2026-03-25,672356
2026,114,2026-03-25,676051
2026,114,2026-03-25,676282
2026,114,2026-03-25,676440
2026,114,2026-03-25,677587
2026,114,2026-03-25,677944
2026,114,2026-03-25,680757
2026,114,2026-03-25,680916
2026,114,2026-03-25,680951
2026,114,2026-03-25,681807
2026,114,2026-03-25,681870
2026,114,2026-03-25,682120
2026,114,2026-03-25,682177
2026,114,2026-03-25,682657
2026,114,2026-03-25,682877
2026,114,2026-03-25,682982
2026,114,2026-03-25,683769
2026,114,2026-03-25,688883
2026,114,2026-03-25,689958
2026,114,2026-03-25,690984
2026,114,2026-03-25,691414
2026,114,2026-03-25,692216
2026,114,2026-03-25,694197
2026,114,2026-03-25,696135
2026,114,2026-03-25,700932
2026,114,2026-03-25,800048
2026,114,2026-03-25,800050
2026,114,2026-03-25,804926
2026,115,2026-03-26,500779
2026,115,2026-03-26,547179
2026,115,2026-03-26,592178
2026,115,2026-03-26,607536
2026,115,2026-03-26,608372
2026,115,2026-03-26,622608
2026,115,2026-03-26,623474
2026,115,2026-03-26,650489
2026,115,2026-03-26,657514
2026,115,2026-03-26,663372
2026,115,2026-03-26,664954
2026,115,2026-03-26,664983
2026,115,2026-03-26,666160
2026,115,2026-03-26,666397
2026,115,2026-03-26,671289
2026,115,2026-03-26,675848
2026,115,2026-03-26,676105
2026,115,2026-03-26,677955
2026,115,2026-03-26,678020
2026,115,2026-03-26,678368
2026,115,2026-03-26,678662
2026,115,2026-03-26,678821
2026,115,2026-03-26,680767
2026,115,2026-03-26,681198
2026,115,2026-03-26,685299
2026,115,2026-03-26,685326
2026,115,2026-03-26,686668
2026,115,2026-03-26,687223
2026,115,2026-03-26,687312
2026,115,2026-03-26,687597
2026,115,2026-03-26,687859
2026,115,2026-03-26,688642
2026,115,2026-03-26,688760
2026,115,2026-03-26,690022
2026,115,2026-03-26,690924
2026,115,2026-03-26,691182
2026,115,2026-03-26,691720
2026,115,2026-03-26,691728
2026,115,2026-03-26,694514
2026,115,2026-03-26,696100
2026,115,2026-03-26,700327
2026,115,2026-03-26,701487
2026,115,2026-03-26,801403
2026,116,2026-03-25,434378
2026,116,2026-03-25,445276
2026,116,2026-03-25,595879
2026,116,2026-03-25,623454
2026,116,2026-03-25,640448
2026,116,2026-03-25,646241
2026,116,2026-03-25,650402
2026,116,2026-03-25,656427
2026,116,2026-03-25,656716
2026,116,2026-03-25,657756
2026,116,2026-03-25,663330
2026,116,2026-03-25,663554
2026,116,2026-03-25,663837
2026,116,2026-03-25,663947
2026,116,2026-03-25,664285
2026,116,2026-03-25,668670
2026,116,2026-03-25,669360
2026,116,2026-03-25,669373
2026,116,2026-03-25,669724
2026,116,2026-03-25,672456
2026,116,2026-03-25,672761
2026,116,2026-03-25,675512
2026,116,2026-03-25,676428
2026,116,2026-03-25,676684
2026,116,2026-03-25,678009
2026,116,2026-03-25,679529
2026,116,2026-03-25,680664
2026,116,2026-03-25,680744
2026,116,2026-03-25,681481
2026,116,2026-03-25,681857
2026,116,2026-03-25,682985
2026,116,2026-03-25,687830
2026,116,2026-03-25,689225
2026,116,2026-03-25,690291
2026,116,2026-03-25,690544
2026,116,2026-03-25,690993
2026,116,2026-03-25,693307
2026,116,2026-03-25,695549
2026,116,2026-03-25,699073
2026,116,2026-03-25,700242
2026,116,2026-03-25,701678
2026,116,2026-03-25,805427
2026,116,2026-03-25,805725
2026,116,2026-03-25,805808
2026,117,2026-03-25,514888
2026,117,2026-03-25,543877
2026,117,2026-03-25,572233
2026,117,2026-03-25,595345
2026,117,2026-03-25,621043
2026,117,2026-03-25,621121
2026,117,2026-03-25,623352
2026,117,2026-03-25,650556
2026,117,2026-03-25,656986
2026,117,2026-03-25,660853
2026,117,2026-03-25,663878
2026,117,2026-03-25,664299
2026,117,2026-03-25,665161
2026,117,2026-03-25,669397
2026,117,2026-03-25,669713
2026,117,2026-03-25,669854
2026,117,2026-03-25,669920
2026,117,2026-03-25,670541
2026,117,2026-03-25,670623
2026,117,2026-03-25,673237
2026,117,2026-03-25,676467
2026,117,2026-03-25,676694
2026,117,2026-03-25,678906
2026,117,2026-03-25,680802
2026,117,2026-03-25,681151
2026,117,2026-03-25,681293
2026,117,2026-03-25,681347
2026,117,2026-03-25,682610
2026,117,2026-03-25,685005
2026,117,2026-03-25,686613
2026,117,2026-03-25,687888
2026,117,2026-03-25,687911
2026,117,2026-03-25,694376
2026,117,2026-03-25,694388
2026,117,2026-03-25,694728
2026,117,2026-03-25,699044
2026,117,2026-03-25,701305
2026,117,2026-03-25,701358
2026,117,2026-03-25,805123
2026,117,2026-03-25,805904
2026,117,2026-03-25,837227
2026,118,2026-03-26,516782
2026,118,2026-03-26,521692
2026,118,2026-03-26,607625
2026,118,2026-03-26,608032
2026,118,2026-03-26,608379
2026,118,2026-03-26,621381
2026,118,2026-03-26,656638
2026,118,2026-03-26,657041
2026,118,2026-03-26,663460
2026,118,2026-03-26,663559
2026,118,2026-03-26,663568
2026,118,2026-03-26,663697
2026,118,2026-03-26,663704
2026,118,2026-03-26,663738
2026,118,2026-03-26,664728
2026,118,2026-03-26,666142
2026,118,2026-03-26,668674
2026,118,2026-03-26,669212
2026,118,2026-03-26,670167
2026,118,2026-03-26,670224
2026,118,2026-03-26,670231
2026,118,2026-03-26,672021
2026,118,2026-03-26,672580
2026,118,2026-03-26,674444
2026,118,2026-03-26,677951
2026,118,2026-03-26,679525
2026,118,2026-03-26,679845
2026,118,2026-03-26,679883
2026,118,2026-03-26,683232
2026,118,2026-03-26,686469
2026,118,2026-03-26,686475
2026,118,2026-03-26,686555
2026,118,2026-03-26,686632
2026,118,2026-03-26,686681
2026,118,2026-03-26,686701
2026,118,2026-03-26,687765
2026,118,2026-03-26,695506
2026,118,2026-03-26,695600
2026,118,2026-03-26,695667
2026,118,2026-03-26,696131
2026,118,2026-03-26,702070
2026,119,2026-03-25,500743
2026,119,2026-03-25,518692
2026,119,2026-03-25,571771
2026,119,2026-03-25,571970
2026,119,2026-03-25,592779
2026,119,2026-03-25,595014
2026,119,2026-03-25,605141
2026,119,2026-03-25,605483
2026,119,2026-03-25,606192
2026,119,2026-03-25,607192
2026,119,2026-03-25,621242
2026,119,2026-03-25,623465
2026,119,2026-03-25,656945
2026,119,2026-03-25,660271
2026,119,2026-03-25,660813
2026,119,2026-03-25,663656
2026,119,2026-03-25,664776
2026,119,2026-03-25,669165
2026,119,2026-03-25,669242
2026,119,2026-03-25,669257
2026,119,2026-03-25,669289
2026,119,2026-03-25,669743
2026,119,2026-03-25,669899
2026,119,2026-03-25,672279
2026,119,2026-03-25,676263
2026,119,2026-03-25,676272
2026,119,2026-03-25,676508
2026,119,2026-03-25,680736
2026,119,2026-03-25,681624
2026,119,2026-03-25,681911
2026,119,2026-03-25,683618
2026,119,2026-03-25,686218
2026,119,2026-03-25,687221
2026,119,2026-03-25,689017
2026,119,2026-03-25,689981
2026,119,2026-03-25,690976
2026,119,2026-03-25,691947
2026,119,2026-03-25,694361
2026,119,2026-03-25,694813
2026,119,2026-03-25,801434
2026,119,2026-03-25,808963
2026,119,2026-03-25,808967
2026,119,2026-03-25,808975
2026,120,2026-03-25,571945
2026,120,2026-03-25,592866
2026,120,2026-03-25,641793
2026,120,2026-03-25,642759
2026,120,2026-03-25,656492
2026,120,2026-03-25,660688
2026,120,2026-03-25,663623
2026,120,2026-03-25,665953
2026,120,2026-03-25,669371
2026,120,2026-03-25,671109
2026,120,2026-03-25,671131
2026,120,2026-03-25,671277
2026,120,2026-03-25,672335
2026,120,2026-03-25,674841
2026,120,2026-03-25,676571
2026,120,2026-03-25,676917
2026,120,2026-03-25,677588
2026,120,2026-03-25,678391
2026,120,2026-03-25,680686
2026,120,2026-03-25,680730
2026,120,2026-03-25,681047
2026,120,2026-03-25,681402
2026,120,2026-03-25,682928
2026,120,2026-03-25,683000
2026,120,2026-03-25,683083
2026,120,2026-03-25,686452
2026,120,2026-03-25,686610
2026,120,2026-03-25,686611
2026,120,2026-03-25,686894
2026,120,2026-03-25,687377
2026,120,2026-03-25,687606
2026,120,2026-03-25,687792
2026,120,2026-03-25,690925
2026,120,2026-03-25,690987
2026,120,2026-03-25,691384
2026,120,2026-03-25,691781
2026,120,2026-03-25,694673
2026,120,2026-03-25,695418
2026,120,2026-03-25,695578
2026,120,2026-03-25,695670
2026,120,2026-03-25,695734
2026,120,2026-03-25,696285
2026,120,2026-03-25,701552
2026,121,2026-03-25,472610
2026,121,2026-03-25,543760
2026,121,2026-03-25,548384
2026,121,2026-03-25,593871
2026,121,2026-03-25,596019
2026,121,2026-03-25,596133
2026,121,2026-03-25,605280
2026,121,2026-03-25,620443
2026,121,2026-03-25,621345
2026,121,2026-03-25,621438
2026,121,2026-03-25,623211
2026,121,2026-03-25,640455
2026,121,2026-03-25,642207
2026,121,2026-03-25,642547
2026,121,2026-03-25,656731
2026,121,2026-03-25,656849
2026,121,2026-03-25,657585
2026,121,2026-03-25,663584
2026,121,2026-03-25,663795
2026,121,2026-03-25,663992
2026,121,2026-03-25,665742
2026,121,2026-03-25,666182
2026,121,2026-03-25,668901
2026,121,2026-03-25,668964
2026,121,2026-03-25,669004
2026,121,2026-03-25,673357
2026,121,2026-03-25,673380
2026,121,2026-03-25,673540
2026,121,2026-03-25,676724
2026,121,2026-03-25,677595
2026,121,2026-03-25,680702
2026,121,2026-03-25,681035
2026,121,2026-03-25,681810
2026,121,2026-03-25,682626
2026,121,2026-03-25,683146
2026,121,2026-03-25,690997
2026,121,2026-03-25,692024
2026,121,2026-03-25,697811
2026,121,2026-03-25,701807
2026,121,2026-03-25,702752
2026,121,2026-03-25,703492
2026,121,2026-03-25,804636
2026,133,2026-03-26,547184
2026,133,2026-03-26,605130
2026,133,2026-03-26,605488
2026,133,2026-03-26,621053
2026,133,2026-03-26,622663
2026,133,2026-03-26,628451
2026,133,2026-03-26,642851
2026,133,2026-03-26,643410
2026,133,2026-03-26,643446
2026,133,2026-03-26,650644
2026,133,2026-03-26,663687
2026,133,2026-03-26,665622
2026,133,2026-03-26,665660
2026,133,2026-03-26,666126
2026,133,2026-03-26,667670
2026,133,2026-03-26,669127
2026,133,2026-03-26,669372
2026,133,2026-03-26,669620
2026,133,2026-03-26,671732
2026,133,2026-03-26,672016
2026,133,2026-03-26,674384
2026,133,2026-03-26,678022
2026,133,2026-03-26,678577
2026,133,2026-03-26,680684
2026,133,2026-03-26,680869
2026,133,2026-03-26,682052
2026,133,2026-03-26,683155
2026,133,2026-03-26,686930
2026,133,2026-03-26,686993
2026,133,2026-03-26,687231
2026,133,2026-03-26,687515
2026,133,2026-03-26,691016
2026,133,2026-03-26,691777
2026,133,2026-03-26,692013
2026,133,2026-03-26,695391
2026,133,2026-03-26,701762
2026,133,2026-03-26,800018
2026,133,2026-03-26,804556
2026,133,2026-03-26,805779
2026,133,2026-03-26,806960
2026,134,2026-03-25,542303
2026,134,2026-03-25,642397
2026,134,2026-03-25,642701
2026,134,2026-03-25,656605
2026,134,2026-03-25,656811
2026,134,2026-03-25,663698
2026,134,2026-03-25,663968
2026,134,2026-03-25,664040
2026,134,2026-03-25,664353
2026,134,2026-03-25,664875
2026,134,2026-03-25,665833
2026,134,2026-03-25,665839
2026,134,2026-03-25,668804
2026,134,2026-03-25,669387
2026,134,2026-03-25,669707
2026,134,2026-03-25,670990
2026,134,2026-03-25,676742
2026,134,2026-03-25,676755
2026,134,2026-03-25,677952
2026,134,2026-03-25,680779
2026,134,2026-03-25,681895
2026,134,2026-03-25,682254
2026,134,2026-03-25,682848
2026,134,2026-03-25,682995
2026,134,2026-03-25,682997
2026,134,2026-03-25,683003
2026,134,2026-03-25,684049
2026,134,2026-03-25,687394
2026,134,2026-03-25,687462
2026,134,2026-03-25,689877
2026,134,2026-03-25,691373
2026,134,2026-03-25,693304
2026,134,2026-03-25,694377
2026,134,2026-03-25,694973
2026,134,2026-03-25,695257
2026,134,2026-03-25,696062
2026,134,2026-03-25,696149
2026,134,2026-03-25,699008
2026,134,2026-03-25,699013
2026,134,2026-03-25,802419
2026,134,2026-03-25,804668
2026,135,2026-03-25,592094
2026,135,2026-03-25,592206
2026,135,2026-03-25,592518
2026,135,2026-03-25,593428
2026,135,2026-03-25,593974
2026,135,2026-03-25,605397
2026,135,2026-03-25,606996
2026,135,2026-03-25,608566
2026,135,2026-03-25,609280
2026,135,2026-03-25,621111
2026,135,2026-03-25,630105
2026,135,2026-03-25,650633
2026,135,2026-03-25,656288
2026,135,2026-03-25,657656
2026,135,2026-03-25,657757
2026,135,2026-03-25,663362
2026,135,2026-03-25,663773
2026,135,2026-03-25,664034
2026,135,2026-03-25,665487
2026,135,2026-03-25,666023
2026,135,2026-03-25,666745
2026,135,2026-03-25,669093
2026,135,2026-03-25,669134
2026,135,2026-03-25,669200
2026,135,2026-03-25,669369
2026,135,2026-03-25,670970
2026,135,2026-03-25,673513
2026,135,2026-03-25,676664
2026,135,2026-03-25,676760
2026,135,2026-03-25,678184
2026,135,2026-03-25,681190
2026,135,2026-03-25,686654
2026,135,2026-03-25,688158
2026,135,2026-03-25,689690
2026,135,2026-03-25,695238
2026,135,2026-03-25,695243
2026,135,2026-03-25,699134
2026,135,2026-03-25,700280
2026,135,2026-03-25,701538
2026,135,2026-03-25,823550
2026,136,2026-03-25,608701
2026,136,2026-03-25,622491
2026,136,2026-03-25,640902
2026,136,2026-03-25,641487
2026,136,2026-03-25,641598
2026,136,2026-03-25,642100
2026,136,2026-03-25,645302
2026,136,2026-03-25,647304
2026,136,2026-03-25,660825
2026,136,2026-03-25,660844
2026,136,2026-03-25,662253
2026,136,2026-03-25,663728
2026,136,2026-03-25,666374
2026,136,2026-03-25,668227
2026,136,2026-03-25,668984
2026,136,2026-03-25,669208
2026,136,2026-03-25,669302
2026,136,2026-03-25,669923
2026,136,2026-03-25,670042
2026,136,2026-03-25,670156
2026,136,2026-03-25,672841
2026,136,2026-03-25,673662
2026,136,2026-03-25,676106
2026,136,2026-03-25,677594
2026,136,2026-03-25,677961
2026,136,2026-03-25,678606
2026,136,2026-03-25,680604
2026,136,2026-03-25,680977
2026,136,2026-03-25,681006
2026,136,2026-03-25,681867
2026,136,2026-03-25,682243
2026,136,2026-03-25,682445
2026,136,2026-03-25,686527
2026,136,2026-03-25,688138
2026,136,2026-03-25,689041
2026,136,2026-03-25,691172
2026,136,2026-03-25,693433
2026,136,2026-03-25,695380
2026,136,2026-03-25,700187
2026,136,2026-03-25,702284
2026,136,2026-03-25,702795
2026,137,2026-03-24,592662
2026,137,2026-03-24,592858
2026,137,2026-03-24,605288
2026,137,2026-03-24,621366
2026,137,2026-03-24,641816
2026,137,2026-03-24,642715
2026,137,2026-03-24,646240
2026,137,2026-03-24,650333
2026,137,2026-03-24,656305
2026,137,2026-03-24,656529
2026,137,2026-03-24,657277
2026,137,2026-03-24,657424
2026,137,2026-03-24,663941
2026,137,2026-03-24,664056
2026,137,2026-03-24,664141
2026,137,2026-03-24,665665
2026,137,2026-03-24,666149
2026,137,2026-03-24,666464
2026,137,2026-03-24,666711
2026,137,2026-03-24,669062
2026,137,2026-03-24,669477
2026,137,2026-03-24,671218
2026,137,2026-03-24,671345
2026,137,2026-03-24,672275
2026,137,2026-03-24,676130
2026,137,2026-03-24,676254
2026,137,2026-03-24,676775
2026,137,2026-03-24,678495
2026,137,2026-03-24,682641
2026,137,2026-03-24,683679
2026,137,2026-03-24,683766
2026,137,2026-03-24,686790
2026,137,2026-03-24,686823
2026,137,2026-03-24,687529
2026,137,2026-03-24,687551
2026,137,2026-03-24,687931
2026,137,2026-03-24,691740
2026,137,2026-03-24,693313
2026,137,2026-03-24,694738
2026,137,2026-03-24,694918
2026,137,2026-03-24,702352
2026,137,2026-03-24,805811
2026,137,2026-03-24,806185
2026,137,2026-03-24,808982
2026,138,2026-03-25,592773
2026,138,2026-03-25,602104
2026,138,2026-03-25,650968
2026,138,2026-03-25,663457
2026,138,2026-03-25,663494
2026,138,2026-03-25,665877
2026,138,2026-03-25,666277
2026,138,2026-03-25,668941
2026,138,2026-03-25,669160
2026,138,2026-03-25,669357
2026,138,2026-03-25,669461
2026,138,2026-03-25,669467
2026,138,2026-03-25,671056
2026,138,2026-03-25,675919
2026,138,2026-03-25,676475
2026,138,2026-03-25,676617
2026,138,2026-03-25,677865
2026,138,2026-03-25,681517
2026,138,2026-03-25,681676
2026,138,2026-03-25,686780
2026,138,2026-03-25,687309
2026,138,2026-03-25,687363
2026,138,2026-03-25,688297
2026,138,2026-03-25,690155
2026,138,2026-03-25,690916
2026,138,2026-03-25,690928
2026,138,2026-03-25,691023
2026,138,2026-03-25,691026
2026,138,2026-03-25,693311
2026,138,2026-03-25,693409
2026,138,2026-03-25,694335
2026,138,2026-03-25,694358
2026,138,2026-03-25,695336
2026,138,2026-03-25,695491
2026,138,2026-03-25,699024
2026,138,2026-03-25,699625
2026,138,2026-03-25,700241
2026,138,2026-03-25,700669
2026,138,2026-03-25,701675
2026,138,2026-03-25,802139
2026,138,2026-03-25,802408
2026,139,2026-03-25,571927
2026,139,2026-03-25,592155
2026,139,2026-03-25,607259
2026,139,2026-03-25,621051
2026,139,2026-03-25,641329
2026,139,2026-03-25,641584
2026,139,2026-03-25,642121
2026,139,2026-03-25,643377
2026,139,2026-03-25,650490
2026,139,2026-03-25,655889
2026,139,2026-03-25,656775
2026,139,2026-03-25,656876
2026,139,2026-03-25,663556
2026,139,2026-03-25,663743
2026,139,2026-03-25,664076
2026,139,2026-03-25,666018
2026,139,2026-03-25,666158
2026,139,2026-03-25,668723
2026,139,2026-03-25,669234
2026,139,2026-03-25,669438
2026,139,2026-03-25,669947
2026,139,2026-03-25,670764
2026,139,2026-03-25,670955
2026,139,2026-03-25,671212
2026,139,2026-03-25,672782
2026,139,2026-03-25,676356
2026,139,2026-03-25,676439
2026,139,2026-03-25,680700
2026,139,2026-03-25,681371
2026,139,2026-03-25,683748
2026,139,2026-03-25,685801
2026,139,2026-03-25,686752
2026,139,2026-03-25,687330
2026,139,2026-03-25,689200
2026,139,2026-03-25,691406
2026,139,2026-03-25,693855
2026,139,2026-03-25,697812
2026,139,2026-03-25,699130
2026,139,2026-03-25,700246
2026,139,2026-03-25,702047
2026,139,2026-03-25,802415
2026,139,2026-03-25,810938
2026,140,2026-03-25,455119
2026,140,2026-03-25,457705
2026,140,2026-03-25,543135
2026,140,2026-03-25,543309
2026,140,2026-03-25,592626
2026,140,2026-03-25,594798
2026,140,2026-03-25,596001
2026,140,2026-03-25,607043
2026,140,2026-03-25,608369
2026,140,2026-03-25,641302
2026,140,2026-03-25,643376
2026,140,2026-03-25,656222
2026,140,2026-03-25,656641
2026,140,2026-03-25,656756
2026,140,2026-03-25,664059
2026,140,2026-03-25,668390
2026,140,2026-03-25,669022
2026,140,2026-03-25,669394
2026,140,2026-03-25,669701
2026,140,2026-03-25,671305
2026,140,2026-03-25,673962
2026,140,2026-03-25,674003
2026,140,2026-03-25,676395
2026,140,2026-03-25,677649
2026,140,2026-03-25,677958
2026,140,2026-03-25,679822
2026,140,2026-03-25,680737
2026,140,2026-03-25,680862
2026,140,2026-03-25,681168
2026,140,2026-03-25,683004
2026,140,2026-03-25,683227
2026,140,2026-03-25,687847
2026,140,2026-03-25,691945
2026,140,2026-03-25,692030
2026,140,2026-03-25,692437
2026,140,2026-03-25,693713
2026,140,2026-03-25,694497
2026,140,2026-03-25,694671
2026,140,2026-03-25,696030
2026,140,2026-03-25,699214
2026,140,2026-03-25,699314
2026,141,2026-03-26,453286
2026,141,2026-03-26,543807
2026,141,2026-03-26,554340
2026,141,2026-03-26,592332
2026,141,2026-03-26,621244
2026,141,2026-03-26,623168
2026,141,2026-03-26,623993
2026,141,2026-03-26,641778
2026,141,2026-03-26,643511
2026,141,2026-03-26,656302
2026,141,2026-03-26,656546
2026,141,2026-03-26,660821
2026,141,2026-03-26,662139
2026,141,2026-03-26,663893
2026,141,2026-03-26,664074
2026,141,2026-03-26,664702
2026,141,2026-03-26,664770
2026,141,2026-03-26,665489
2026,141,2026-03-26,665926
2026,141,2026-03-26,667297
2026,141,2026-03-26,669456
2026,141,2026-03-26,670102
2026,141,2026-03-26,671936
2026,141,2026-03-26,672386
2026,141,2026-03-26,672960
2026,141,2026-03-26,676391
2026,141,2026-03-26,676914
2026,141,2026-03-26,678218
2026,141,2026-03-26,680718
2026,141,2026-03-26,680755
2026,141,2026-03-26,681751
2026,141,2026-03-26,682729
2026,141,2026-03-26,686973
2026,141,2026-03-26,689254
2026,141,2026-03-26,693686
2026,141,2026-03-26,694357
2026,141,2026-03-26,695445
2026,141,2026-03-26,702056
2026,141,2026-03-26,814005
2026,142,2026-03-25,573124
2026,142,2026-03-25,605137
2026,142,2026-03-25,605170
2026,142,2026-03-25,607455
2026,142,2026-03-25,621439
2026,142,2026-03-25,623437
2026,142,2026-03-25,641154
2026,142,2026-03-25,641927
2026,142,2026-03-25,656484
2026,142,2026-03-25,657746
2026,142,2026-03-25,663485
2026,142,2026-03-25,663616
2026,142,2026-03-25,665019
2026,142,2026-03-25,668885
2026,142,2026-03-25,668904
2026,142,2026-03-25,668904
2026,142,2026-03-25,668952
2026,142,2026-03-25,670242
2026,142,2026-03-25,671737
2026,142,2026-03-25,676572
2026,142,2026-03-25,679358
2026,142,2026-03-25,680573
2026,142,2026-03-25,680777
2026,142,2026-03-25,681546
2026,142,2026-03-25,681892
2026,142,2026-03-25,686797
2026,142,2026-03-25,687570
2026,142,2026-03-25,687849
2026,142,2026-03-25,689520
2026,142,2026-03-25,690953
2026,142,2026-03-25,691181
2026,142,2026-03-25,694224
2026,142,2026-03-25,694230
2026,142,2026-03-25,694397
2026,142,2026-03-25,696070
2026,142,2026-03-25,701519
2026,142,2026-03-25,701581
2026,142,2026-03-25,702176
2026,142,2026-03-25,702193
2026,142,2026-03-25,804619
2026,142,2026-03-25,805673
2026,142,2026-03-25,807712
2026,143,2026-03-25,547180
2026,143,2026-03-25,554430
2026,143,2026-03-25,592663
2026,143,2026-03-25,592836
2026,143,2026-03-25,605400
2026,143,2026-03-25,607208
2026,143,2026-03-25,621237
2026,143,2026-03-25,621383
2026,143,2026-03-25,624641
2026,143,2026-03-25,641745
2026,143,2026-03-25,641835
2026,143,2026-03-25,647315
2026,143,2026-03-25,650911
2026,143,2026-03-25,656941
2026,143,2026-03-25,660604
2026,143,2026-03-25,661395
2026,143,2026-03-25,663767
2026,143,2026-03-25,664238
2026,143,2026-03-25,664761
2026,143,2026-03-25,665561
2026,143,2026-03-25,666200
2026,143,2026-03-25,666969
2026,143,2026-03-25,669016
2026,143,2026-03-25,676510
2026,143,2026-03-25,676661
2026,143,2026-03-25,679775
2026,143,2026-03-25,680742
2026,143,2026-03-25,681082
2026,143,2026-03-25,686551
2026,143,2026-03-25,686751
2026,143,2026-03-25,686934
2026,143,2026-03-25,687282
2026,143,2026-03-25,689147
2026,143,2026-03-25,691330
2026,143,2026-03-25,691725
2026,143,2026-03-25,691893
2026,143,2026-03-25,692414
2026,143,2026-03-25,702222
2026,143,2026-03-25,805249
2026,144,2026-03-26,519242
2026,144,2026-03-26,571657
2026,144,2026-03-26,573262
2026,144,2026-03-26,606303
2026,144,2026-03-26,607481
2026,144,2026-03-26,621566
2026,144,2026-03-26,622761
2026,144,2026-03-26,625643
2026,144,2026-03-26,628452
2026,144,2026-03-26,641680
2026,144,2026-03-26,641729
2026,144,2026-03-26,641755
2026,144,2026-03-26,642086
2026,144,2026-03-26,642201
2026,144,2026-03-26,643289
2026,144,2026-03-26,645277
2026,144,2026-03-26,656550
2026,144,2026-03-26,660670
2026,144,2026-03-26,660761
2026,144,2026-03-26,663158
2026,144,2026-03-26,663586
2026,144,2026-03-26,664849
2026,144,2026-03-26,666214
2026,144,2026-03-26,669221
2026,144,2026-03-26,669276
2026,144,2026-03-26,671739
2026,144,2026-03-26,673490
2026,144,2026-03-26,674370
2026,144,2026-03-26,675911
2026,144,2026-03-26,676702
2026,144,2026-03-26,678226
2026,144,2026-03-26,680885
2026,144,2026-03-26,686948
2026,144,2026-03-26,689266
2026,144,2026-03-26,691548
2026,144,2026-03-26,693821
2026,144,2026-03-26,694462
2026,144,2026-03-26,700363
2026,144,2026-03-26,702910
2026,144,2026-03-26,800311
2026,144,2026-03-26,802686
2026,144,2026-03-26,805373
2026,145,2026-03-25,607200
2026,145,2026-03-25,622554
2026,145,2026-03-25,624512
2026,145,2026-03-25,641743
2026,145,2026-03-25,643217
2026,145,2026-03-25,656457
2026,145,2026-03-25,656537
2026,145,2026-03-25,656794
2026,145,2026-03-25,663436
2026,145,2026-03-25,663855
2026,145,2026-03-25,664774
2026,145,2026-03-25,669684
2026,145,2026-03-25,669720
2026,145,2026-03-25,671976
2026,145,2026-03-25,672820
2026,145,2026-03-25,672860
2026,145,2026-03-25,673929
2026,145,2026-03-25,677592
2026,145,2026-03-25,678024
2026,145,2026-03-25,678246
2026,145,2026-03-25,680732
2026,145,2026-03-25,681066
2026,145,2026-03-25,681343
2026,145,2026-03-25,681460
2026,145,2026-03-25,682668
2026,145,2026-03-25,682790
2026,145,2026-03-25,685126
2026,145,2026-03-25,686563
2026,145,2026-03-25,689672
2026,145,2026-03-25,689818
2026,145,2026-03-25,691019
2026,145,2026-03-25,691799
2026,145,2026-03-25,695020
2026,145,2026-03-25,695657
2026,145,2026-03-25,699151
2026,145,2026-03-25,700337
2026,145,2026-03-25,701474
2026,145,2026-03-25,701780
2026,145,2026-03-25,805367
2026,145,2026-03-25,808959
2026,146,2026-03-26,596103
2026,146,2026-03-26,645261
2026,146,2026-03-26,656848
2026,146,2026-03-26,663969
2026,146,2026-03-26,663978
2026,146,2026-03-26,664126
2026,146,2026-03-26,665052
2026,146,2026-03-26,665923
2026,146,2026-03-26,666129
2026,146,2026-03-26,666624
2026,146,2026-03-26,667463
2026,146,2026-03-26,669065
2026,146,2026-03-26,669199
2026,146,2026-03-26,669364
2026,146,2026-03-26,669622
2026,146,2026-03-26,670183
2026,146,2026-03-26,672640
2026,146,2026-03-26,676083
2026,146,2026-03-26,676534
2026,146,2026-03-26,676974
2026,146,2026-03-26,677053
2026,146,2026-03-26,678692
2026,146,2026-03-26,681393
2026,146,2026-03-26,681715
2026,146,2026-03-26,682663
2026,146,2026-03-26,683357
2026,146,2026-03-26,687134
2026,146,2026-03-26,687473
2026,146,2026-03-26,687531
2026,146,2026-03-26,687985
2026,146,2026-03-26,688363
2026,146,2026-03-26,689414
2026,146,2026-03-26,690978
2026,146,2026-03-26,691185
2026,146,2026-03-26,691277
2026,146,2026-03-26,691587
2026,146,2026-03-26,691594
2026,146,2026-03-26,691788
2026,146,2026-03-26,691858
2026,146,2026-03-26,800049
2026,146,2026-03-26,805300
2026,146,2026-03-26,806188
2026,147,2026-03-24,502671
2026,147,2026-03-24,518585
2026,147,2026-03-24,519317
2026,147,2026-03-24,543037
2026,147,2026-03-24,592450
2026,147,2026-03-24,607074
2026,147,2026-03-24,608331
2026,147,2026-03-24,621112
2026,147,2026-03-24,641355
2026,147,2026-03-24,641555
2026,147,2026-03-24,641857
2026,147,2026-03-24,642232
2026,147,2026-03-24,642708
2026,147,2026-03-24,656234
2026,147,2026-03-24,657376
2026,147,2026-03-24,657612
2026,147,2026-03-24,660787
2026,147,2026-03-24,661563
2026,147,2026-03-24,661563
2026,147,2026-03-24,663757
2026,147,2026-03-24,665645
2026,147,2026-03-24,665828
2026,147,2026-03-24,665862
2026,147,2026-03-24,666808
2026,147,2026-03-24,669224
2026,147,2026-03-24,670280
2026,147,2026-03-24,676609
2026,147,2026-03-24,677960
2026,147,2026-03-24,680474
2026,147,2026-03-24,682987
2026,147,2026-03-24,683011
2026,147,2026-03-24,683409
2026,147,2026-03-24,685464
2026,147,2026-03-24,687396
2026,147,2026-03-24,691176
2026,147,2026-03-24,693645
2026,147,2026-03-24,694633
2026,147,2026-03-24,695684
2026,147,2026-03-24,700250
2026,147,2026-03-24,701542
2026,158,2026-03-25,592885
2026,158,2026-03-25,596142
2026,158,2026-03-25,605540
2026,158,2026-03-25,641343
2026,158,2026-03-25,642239
2026,158,2026-03-25,650859
2026,158,2026-03-25,656730
2026,158,2026-03-25,657649
2026,158,2026-03-25,661388
2026,158,2026-03-25,663368
2026,158,2026-03-25,663604
2026,158,2026-03-25,663765
2026,158,2026-03-25,666152
2026,158,2026-03-25,668731
2026,158,2026-03-25,668834
2026,158,2026-03-25,668930
2026,158,2026-03-25,669003
2026,158,2026-03-25,669084
2026,158,2026-03-25,671111
2026,158,2026-03-25,672012
2026,158,2026-03-25,672582
2026,158,2026-03-25,672642
2026,158,2026-03-25,675660
2026,158,2026-03-25,676879
2026,158,2026-03-25,681982
2026,158,2026-03-25,682842
2026,158,2026-03-25,682990
2026,158,2026-03-25,683734
2026,158,2026-03-25,684974
2026,158,2026-03-25,686217
2026,158,2026-03-25,687075
2026,158,2026-03-25,687401
2026,158,2026-03-25,688107
2026,158,2026-03-25,689441
2026,158,2026-03-25,690986
2026,158,2026-03-25,691620
2026,158,2026-03-25,692230
2026,158,2026-03-25,694192
2026,158,2026-03-25,694477
2026,158,2026-03-25,694819
2026,158,2026-03-25,701656
